+ OUTPUT_DIR=./upload-gemma_4_E4B_it
+ LLAMA_CPP=./llama.cpp
+ DISPLAY_NAME=gemma-4-E4B-it
+ QUANTIZE=./llama.cpp/build/bin/llama-quantize
+ python3 ./llama.cpp/convert_hf_to_gguf.py ./model-temp-gemma_4_E4B_it-PRIMARY --outtype bf16 --outfile ./upload-gemma_4_E4B_it/gemma-4-E4B-it-BF16.gguf --model-name gemma-4-E4B-it
INFO:hf-to-gguf:Loading model: model-temp-gemma_4_E4B_it-PRIMARY
INFO:hf-to-gguf:Model architecture: Gemma4ForConditionalGeneration
INFO:hf-to-gguf:gguf: indexing model part 'model.safetensors'
INFO:gguf.gguf_writer:gguf: This GGUF file is for Little Endian only
INFO:hf-to-gguf:Exporting model...
INFO:hf-to-gguf:rope_freqs.weight,                 torch.float32 --> F32, shape = {256}
INFO:hf-to-gguf:token_embd.weight,                 torch.bfloat16 --> BF16, shape = {2560, 262144}
INFO:hf-to-gguf:per_layer_token_embd.weight,       torch.bfloat16 --> BF16, shape = {10752, 262144}
INFO:hf-to-gguf:blk.0.attn_norm.weight,            torch.bfloat16 --> F32, shape = {2560}
INFO:hf-to-gguf:blk.0.layer_output_scale.weight,   torch.bfloat16 --> F32, shape = {1}
INFO:hf-to-gguf:blk.0.ffn_down.weight,             torch.bfloat16 --> BF16, shape = {10240, 2560}
INFO:hf-to-gguf:blk.0.ffn_gate.weight,             torch.bfloat16 --> BF16, shape = {2560, 10240}
INFO:hf-to-gguf:blk.0.ffn_up.weight,               torch.bfloat16 --> BF16, shape = {2560, 10240}
INFO:hf-to-gguf:blk.0.inp_gate.weight,             torch.bfloat16 --> BF16, shape = {2560, 256}
INFO:hf-to-gguf:blk.0.proj.weight,                 torch.bfloat16 --> BF16, shape = {256, 2560}
INFO:hf-to-gguf:blk.0.post_attention_norm.weight,  torch.bfloat16 --> F32, shape = {2560}
INFO:hf-to-gguf:blk.0.post_ffw_norm.weight,        torch.bfloat16 --> F32, shape = {2560}
INFO:hf-to-gguf:blk.0.post_norm.weight,            torch.bfloat16 --> F32, shape = {2560}
INFO:hf-to-gguf:blk.0.ffn_norm.weight,             torch.bfloat16 --> F32, shape = {2560}
INFO:hf-to-gguf:blk.0.attn_k_norm.weight,          torch.bfloat16 --> F32, shape = {256}
INFO:hf-to-gguf:blk.0.attn_k.weight,               torch.bfloat16 --> BF16, shape = {2560, 512}
INFO:hf-to-gguf:blk.0.attn_output.weight,          torch.bfloat16 --> BF16, shape = {2048, 2560}
INFO:hf-to-gguf:blk.0.attn_q_norm.weight,          torch.bfloat16 --> F32, shape = {256}
INFO:hf-to-gguf:blk.0.attn_q.weight,               torch.bfloat16 --> BF16, shape = {2560, 2048}
INFO:hf-to-gguf:blk.0.attn_v.weight,               torch.bfloat16 --> BF16, shape = {2560, 512}
INFO:hf-to-gguf:blk.1.attn_norm.weight,            torch.bfloat16 --> F32, shape = {2560}
INFO:hf-to-gguf:blk.1.layer_output_scale.weight,   torch.bfloat16 --> F32, shape = {1}
INFO:hf-to-gguf:blk.1.ffn_down.weight,             torch.bfloat16 --> BF16, shape = {10240, 2560}
INFO:hf-to-gguf:blk.1.ffn_gate.weight,             torch.bfloat16 --> BF16, shape = {2560, 10240}
INFO:hf-to-gguf:blk.1.ffn_up.weight,               torch.bfloat16 --> BF16, shape = {2560, 10240}
INFO:hf-to-gguf:blk.1.inp_gate.weight,             torch.bfloat16 --> BF16, shape = {2560, 256}
INFO:hf-to-gguf:blk.1.proj.weight,                 torch.bfloat16 --> BF16, shape = {256, 2560}
INFO:hf-to-gguf:blk.1.post_attention_norm.weight,  torch.bfloat16 --> F32, shape = {2560}
INFO:hf-to-gguf:blk.1.post_ffw_norm.weight,        torch.bfloat16 --> F32, shape = {2560}
INFO:hf-to-gguf:blk.1.post_norm.weight,            torch.bfloat16 --> F32, shape = {2560}
INFO:hf-to-gguf:blk.1.ffn_norm.weight,             torch.bfloat16 --> F32, shape = {2560}
INFO:hf-to-gguf:blk.1.attn_k_norm.weight,          torch.bfloat16 --> F32, shape = {256}
INFO:hf-to-gguf:blk.1.attn_k.weight,               torch.bfloat16 --> BF16, shape = {2560, 512}
INFO:hf-to-gguf:blk.1.attn_output.weight,          torch.bfloat16 --> BF16, shape = {2048, 2560}
INFO:hf-to-gguf:blk.1.attn_q_norm.weight,          torch.bfloat16 --> F32, shape = {256}
INFO:hf-to-gguf:blk.1.attn_q.weight,               torch.bfloat16 --> BF16, shape = {2560, 2048}
INFO:hf-to-gguf:blk.1.attn_v.weight,               torch.bfloat16 --> BF16, shape = {2560, 512}
INFO:hf-to-gguf:blk.10.attn_norm.weight,           torch.bfloat16 --> F32, shape = {2560}
INFO:hf-to-gguf:blk.10.layer_output_scale.weight,  torch.bfloat16 --> F32, shape = {1}
INFO:hf-to-gguf:blk.10.ffn_down.weight,            torch.bfloat16 --> BF16, shape = {10240, 2560}
INFO:hf-to-gguf:blk.10.ffn_gate.weight,            torch.bfloat16 --> BF16, shape = {2560, 10240}
INFO:hf-to-gguf:blk.10.ffn_up.weight,              torch.bfloat16 --> BF16, shape = {2560, 10240}
INFO:hf-to-gguf:blk.10.inp_gate.weight,            torch.bfloat16 --> BF16, shape = {2560, 256}
INFO:hf-to-gguf:blk.10.proj.weight,                torch.bfloat16 --> BF16, shape = {256, 2560}
INFO:hf-to-gguf:blk.10.post_attention_norm.weight, torch.bfloat16 --> F32, shape = {2560}
INFO:hf-to-gguf:blk.10.post_ffw_norm.weight,       torch.bfloat16 --> F32, shape = {2560}
INFO:hf-to-gguf:blk.10.post_norm.weight,           torch.bfloat16 --> F32, shape = {2560}
INFO:hf-to-gguf:blk.10.ffn_norm.weight,            torch.bfloat16 --> F32, shape = {2560}
INFO:hf-to-gguf:blk.10.attn_k_norm.weight,         torch.bfloat16 --> F32, shape = {256}
INFO:hf-to-gguf:blk.10.attn_k.weight,              torch.bfloat16 --> BF16, shape = {2560, 512}
INFO:hf-to-gguf:blk.10.attn_output.weight,         torch.bfloat16 --> BF16, shape = {2048, 2560}
INFO:hf-to-gguf:blk.10.attn_q_norm.weight,         torch.bfloat16 --> F32, shape = {256}
INFO:hf-to-gguf:blk.10.attn_q.weight,              torch.bfloat16 --> BF16, shape = {2560, 2048}
INFO:hf-to-gguf:blk.10.attn_v.weight,              torch.bfloat16 --> BF16, shape = {2560, 512}
INFO:hf-to-gguf:blk.11.attn_norm.weight,           torch.bfloat16 --> F32, shape = {2560}
INFO:hf-to-gguf:blk.11.layer_output_scale.weight,  torch.bfloat16 --> F32, shape = {1}
INFO:hf-to-gguf:blk.11.ffn_down.weight,            torch.bfloat16 --> BF16, shape = {10240, 2560}
INFO:hf-to-gguf:blk.11.ffn_gate.weight,            torch.bfloat16 --> BF16, shape = {2560, 10240}
INFO:hf-to-gguf:blk.11.ffn_up.weight,              torch.bfloat16 --> BF16, shape = {2560, 10240}
INFO:hf-to-gguf:blk.11.inp_gate.weight,            torch.bfloat16 --> BF16, shape = {2560, 256}
INFO:hf-to-gguf:blk.11.proj.weight,                torch.bfloat16 --> BF16, shape = {256, 2560}
INFO:hf-to-gguf:blk.11.post_attention_norm.weight, torch.bfloat16 --> F32, shape = {2560}
INFO:hf-to-gguf:blk.11.post_ffw_norm.weight,       torch.bfloat16 --> F32, shape = {2560}
INFO:hf-to-gguf:blk.11.post_norm.weight,           torch.bfloat16 --> F32, shape = {2560}
INFO:hf-to-gguf:blk.11.ffn_norm.weight,            torch.bfloat16 --> F32, shape = {2560}
INFO:hf-to-gguf:blk.11.attn_k_norm.weight,         torch.bfloat16 --> F32, shape = {512}
INFO:hf-to-gguf:blk.11.attn_k.weight,              torch.bfloat16 --> BF16, shape = {2560, 1024}
INFO:hf-to-gguf:blk.11.attn_output.weight,         torch.bfloat16 --> BF16, shape = {4096, 2560}
INFO:hf-to-gguf:blk.11.attn_q_norm.weight,         torch.bfloat16 --> F32, shape = {512}
INFO:hf-to-gguf:blk.11.attn_q.weight,              torch.bfloat16 --> BF16, shape = {2560, 4096}
INFO:hf-to-gguf:blk.11.attn_v.weight,              torch.bfloat16 --> BF16, shape = {2560, 1024}
INFO:hf-to-gguf:blk.12.attn_norm.weight,           torch.bfloat16 --> F32, shape = {2560}
INFO:hf-to-gguf:blk.12.layer_output_scale.weight,  torch.bfloat16 --> F32, shape = {1}
INFO:hf-to-gguf:blk.12.ffn_down.weight,            torch.bfloat16 --> BF16, shape = {10240, 2560}
INFO:hf-to-gguf:blk.12.ffn_gate.weight,            torch.bfloat16 --> BF16, shape = {2560, 10240}
INFO:hf-to-gguf:blk.12.ffn_up.weight,              torch.bfloat16 --> BF16, shape = {2560, 10240}
INFO:hf-to-gguf:blk.12.inp_gate.weight,            torch.bfloat16 --> BF16, shape = {2560, 256}
INFO:hf-to-gguf:blk.12.proj.weight,                torch.bfloat16 --> BF16, shape = {256, 2560}
INFO:hf-to-gguf:blk.12.post_attention_norm.weight, torch.bfloat16 --> F32, shape = {2560}
INFO:hf-to-gguf:blk.12.post_ffw_norm.weight,       torch.bfloat16 --> F32, shape = {2560}
INFO:hf-to-gguf:blk.12.post_norm.weight,           torch.bfloat16 --> F32, shape = {2560}
INFO:hf-to-gguf:blk.12.ffn_norm.weight,            torch.bfloat16 --> F32, shape = {2560}
INFO:hf-to-gguf:blk.12.attn_k_norm.weight,         torch.bfloat16 --> F32, shape = {256}
INFO:hf-to-gguf:blk.12.attn_k.weight,              torch.bfloat16 --> BF16, shape = {2560, 512}
INFO:hf-to-gguf:blk.12.attn_output.weight,         torch.bfloat16 --> BF16, shape = {2048, 2560}
INFO:hf-to-gguf:blk.12.attn_q_norm.weight,         torch.bfloat16 --> F32, shape = {256}
INFO:hf-to-gguf:blk.12.attn_q.weight,              torch.bfloat16 --> BF16, shape = {2560, 2048}
INFO:hf-to-gguf:blk.12.attn_v.weight,              torch.bfloat16 --> BF16, shape = {2560, 512}
INFO:hf-to-gguf:blk.13.attn_norm.weight,           torch.bfloat16 --> F32, shape = {2560}
INFO:hf-to-gguf:blk.13.layer_output_scale.weight,  torch.bfloat16 --> F32, shape = {1}
INFO:hf-to-gguf:blk.13.ffn_down.weight,            torch.bfloat16 --> BF16, shape = {10240, 2560}
INFO:hf-to-gguf:blk.13.ffn_gate.weight,            torch.bfloat16 --> BF16, shape = {2560, 10240}
INFO:hf-to-gguf:blk.13.ffn_up.weight,              torch.bfloat16 --> BF16, shape = {2560, 10240}
INFO:hf-to-gguf:blk.13.inp_gate.weight,            torch.bfloat16 --> BF16, shape = {2560, 256}
INFO:hf-to-gguf:blk.13.proj.weight,                torch.bfloat16 --> BF16, shape = {256, 2560}
INFO:hf-to-gguf:blk.13.post_attention_norm.weight, torch.bfloat16 --> F32, shape = {2560}
INFO:hf-to-gguf:blk.13.post_ffw_norm.weight,       torch.bfloat16 --> F32, shape = {2560}
INFO:hf-to-gguf:blk.13.post_norm.weight,           torch.bfloat16 --> F32, shape = {2560}
INFO:hf-to-gguf:blk.13.ffn_norm.weight,            torch.bfloat16 --> F32, shape = {2560}
INFO:hf-to-gguf:blk.13.attn_k_norm.weight,         torch.bfloat16 --> F32, shape = {256}
INFO:hf-to-gguf:blk.13.attn_k.weight,              torch.bfloat16 --> BF16, shape = {2560, 512}
INFO:hf-to-gguf:blk.13.attn_output.weight,         torch.bfloat16 --> BF16, shape = {2048, 2560}
INFO:hf-to-gguf:blk.13.attn_q_norm.weight,         torch.bfloat16 --> F32, shape = {256}
INFO:hf-to-gguf:blk.13.attn_q.weight,              torch.bfloat16 --> BF16, shape = {2560, 2048}
INFO:hf-to-gguf:blk.13.attn_v.weight,              torch.bfloat16 --> BF16, shape = {2560, 512}
INFO:hf-to-gguf:blk.14.attn_norm.weight,           torch.bfloat16 --> F32, shape = {2560}
INFO:hf-to-gguf:blk.14.layer_output_scale.weight,  torch.bfloat16 --> F32, shape = {1}
INFO:hf-to-gguf:blk.14.ffn_down.weight,            torch.bfloat16 --> BF16, shape = {10240, 2560}
INFO:hf-to-gguf:blk.14.ffn_gate.weight,            torch.bfloat16 --> BF16, shape = {2560, 10240}
INFO:hf-to-gguf:blk.14.ffn_up.weight,              torch.bfloat16 --> BF16, shape = {2560, 10240}
INFO:hf-to-gguf:blk.14.inp_gate.weight,            torch.bfloat16 --> BF16, shape = {2560, 256}
INFO:hf-to-gguf:blk.14.proj.weight,                torch.bfloat16 --> BF16, shape = {256, 2560}
INFO:hf-to-gguf:blk.14.post_attention_norm.weight, torch.bfloat16 --> F32, shape = {2560}
INFO:hf-to-gguf:blk.14.post_ffw_norm.weight,       torch.bfloat16 --> F32, shape = {2560}
INFO:hf-to-gguf:blk.14.post_norm.weight,           torch.bfloat16 --> F32, shape = {2560}
INFO:hf-to-gguf:blk.14.ffn_norm.weight,            torch.bfloat16 --> F32, shape = {2560}
INFO:hf-to-gguf:blk.14.attn_k_norm.weight,         torch.bfloat16 --> F32, shape = {256}
INFO:hf-to-gguf:blk.14.attn_k.weight,              torch.bfloat16 --> BF16, shape = {2560, 512}
INFO:hf-to-gguf:blk.14.attn_output.weight,         torch.bfloat16 --> BF16, shape = {2048, 2560}
INFO:hf-to-gguf:blk.14.attn_q_norm.weight,         torch.bfloat16 --> F32, shape = {256}
INFO:hf-to-gguf:blk.14.attn_q.weight,              torch.bfloat16 --> BF16, shape = {2560, 2048}
INFO:hf-to-gguf:blk.14.attn_v.weight,              torch.bfloat16 --> BF16, shape = {2560, 512}
INFO:hf-to-gguf:blk.15.attn_norm.weight,           torch.bfloat16 --> F32, shape = {2560}
INFO:hf-to-gguf:blk.15.layer_output_scale.weight,  torch.bfloat16 --> F32, shape = {1}
INFO:hf-to-gguf:blk.15.ffn_down.weight,            torch.bfloat16 --> BF16, shape = {10240, 2560}
INFO:hf-to-gguf:blk.15.ffn_gate.weight,            torch.bfloat16 --> BF16, shape = {2560, 10240}
INFO:hf-to-gguf:blk.15.ffn_up.weight,              torch.bfloat16 --> BF16, shape = {2560, 10240}
INFO:hf-to-gguf:blk.15.inp_gate.weight,            torch.bfloat16 --> BF16, shape = {2560, 256}
INFO:hf-to-gguf:blk.15.proj.weight,                torch.bfloat16 --> BF16, shape = {256, 2560}
INFO:hf-to-gguf:blk.15.post_attention_norm.weight, torch.bfloat16 --> F32, shape = {2560}
INFO:hf-to-gguf:blk.15.post_ffw_norm.weight,       torch.bfloat16 --> F32, shape = {2560}
INFO:hf-to-gguf:blk.15.post_norm.weight,           torch.bfloat16 --> F32, shape = {2560}
INFO:hf-to-gguf:blk.15.ffn_norm.weight,            torch.bfloat16 --> F32, shape = {2560}
INFO:hf-to-gguf:blk.15.attn_k_norm.weight,         torch.bfloat16 --> F32, shape = {256}
INFO:hf-to-gguf:blk.15.attn_k.weight,              torch.bfloat16 --> BF16, shape = {2560, 512}
INFO:hf-to-gguf:blk.15.attn_output.weight,         torch.bfloat16 --> BF16, shape = {2048, 2560}
INFO:hf-to-gguf:blk.15.attn_q_norm.weight,         torch.bfloat16 --> F32, shape = {256}
INFO:hf-to-gguf:blk.15.attn_q.weight,              torch.bfloat16 --> BF16, shape = {2560, 2048}
INFO:hf-to-gguf:blk.15.attn_v.weight,              torch.bfloat16 --> BF16, shape = {2560, 512}
INFO:hf-to-gguf:blk.16.attn_norm.weight,           torch.bfloat16 --> F32, shape = {2560}
INFO:hf-to-gguf:blk.16.layer_output_scale.weight,  torch.bfloat16 --> F32, shape = {1}
INFO:hf-to-gguf:blk.16.ffn_down.weight,            torch.bfloat16 --> BF16, shape = {10240, 2560}
INFO:hf-to-gguf:blk.16.ffn_gate.weight,            torch.bfloat16 --> BF16, shape = {2560, 10240}
INFO:hf-to-gguf:blk.16.ffn_up.weight,              torch.bfloat16 --> BF16, shape = {2560, 10240}
INFO:hf-to-gguf:blk.16.inp_gate.weight,            torch.bfloat16 --> BF16, shape = {2560, 256}
INFO:hf-to-gguf:blk.16.proj.weight,                torch.bfloat16 --> BF16, shape = {256, 2560}
INFO:hf-to-gguf:blk.16.post_attention_norm.weight, torch.bfloat16 --> F32, shape = {2560}
INFO:hf-to-gguf:blk.16.post_ffw_norm.weight,       torch.bfloat16 --> F32, shape = {2560}
INFO:hf-to-gguf:blk.16.post_norm.weight,           torch.bfloat16 --> F32, shape = {2560}
INFO:hf-to-gguf:blk.16.ffn_norm.weight,            torch.bfloat16 --> F32, shape = {2560}
INFO:hf-to-gguf:blk.16.attn_k_norm.weight,         torch.bfloat16 --> F32, shape = {256}
INFO:hf-to-gguf:blk.16.attn_k.weight,              torch.bfloat16 --> BF16, shape = {2560, 512}
INFO:hf-to-gguf:blk.16.attn_output.weight,         torch.bfloat16 --> BF16, shape = {2048, 2560}
INFO:hf-to-gguf:blk.16.attn_q_norm.weight,         torch.bfloat16 --> F32, shape = {256}
INFO:hf-to-gguf:blk.16.attn_q.weight,              torch.bfloat16 --> BF16, shape = {2560, 2048}
INFO:hf-to-gguf:blk.16.attn_v.weight,              torch.bfloat16 --> BF16, shape = {2560, 512}
INFO:hf-to-gguf:blk.17.attn_norm.weight,           torch.bfloat16 --> F32, shape = {2560}
INFO:hf-to-gguf:blk.17.layer_output_scale.weight,  torch.bfloat16 --> F32, shape = {1}
INFO:hf-to-gguf:blk.17.ffn_down.weight,            torch.bfloat16 --> BF16, shape = {10240, 2560}
INFO:hf-to-gguf:blk.17.ffn_gate.weight,            torch.bfloat16 --> BF16, shape = {2560, 10240}
INFO:hf-to-gguf:blk.17.ffn_up.weight,              torch.bfloat16 --> BF16, shape = {2560, 10240}
INFO:hf-to-gguf:blk.17.inp_gate.weight,            torch.bfloat16 --> BF16, shape = {2560, 256}
INFO:hf-to-gguf:blk.17.proj.weight,                torch.bfloat16 --> BF16, shape = {256, 2560}
INFO:hf-to-gguf:blk.17.post_attention_norm.weight, torch.bfloat16 --> F32, shape = {2560}
INFO:hf-to-gguf:blk.17.post_ffw_norm.weight,       torch.bfloat16 --> F32, shape = {2560}
INFO:hf-to-gguf:blk.17.post_norm.weight,           torch.bfloat16 --> F32, shape = {2560}
INFO:hf-to-gguf:blk.17.ffn_norm.weight,            torch.bfloat16 --> F32, shape = {2560}
INFO:hf-to-gguf:blk.17.attn_k_norm.weight,         torch.bfloat16 --> F32, shape = {512}
INFO:hf-to-gguf:blk.17.attn_k.weight,              torch.bfloat16 --> BF16, shape = {2560, 1024}
INFO:hf-to-gguf:blk.17.attn_output.weight,         torch.bfloat16 --> BF16, shape = {4096, 2560}
INFO:hf-to-gguf:blk.17.attn_q_norm.weight,         torch.bfloat16 --> F32, shape = {512}
INFO:hf-to-gguf:blk.17.attn_q.weight,              torch.bfloat16 --> BF16, shape = {2560, 4096}
INFO:hf-to-gguf:blk.17.attn_v.weight,              torch.bfloat16 --> BF16, shape = {2560, 1024}
INFO:hf-to-gguf:blk.18.attn_norm.weight,           torch.bfloat16 --> F32, shape = {2560}
INFO:hf-to-gguf:blk.18.layer_output_scale.weight,  torch.bfloat16 --> F32, shape = {1}
INFO:hf-to-gguf:blk.18.ffn_down.weight,            torch.bfloat16 --> BF16, shape = {10240, 2560}
INFO:hf-to-gguf:blk.18.ffn_gate.weight,            torch.bfloat16 --> BF16, shape = {2560, 10240}
INFO:hf-to-gguf:blk.18.ffn_up.weight,              torch.bfloat16 --> BF16, shape = {2560, 10240}
INFO:hf-to-gguf:blk.18.inp_gate.weight,            torch.bfloat16 --> BF16, shape = {2560, 256}
INFO:hf-to-gguf:blk.18.proj.weight,                torch.bfloat16 --> BF16, shape = {256, 2560}
INFO:hf-to-gguf:blk.18.post_attention_norm.weight, torch.bfloat16 --> F32, shape = {2560}
INFO:hf-to-gguf:blk.18.post_ffw_norm.weight,       torch.bfloat16 --> F32, shape = {2560}
INFO:hf-to-gguf:blk.18.post_norm.weight,           torch.bfloat16 --> F32, shape = {2560}
INFO:hf-to-gguf:blk.18.ffn_norm.weight,            torch.bfloat16 --> F32, shape = {2560}
INFO:hf-to-gguf:blk.18.attn_k_norm.weight,         torch.bfloat16 --> F32, shape = {256}
INFO:hf-to-gguf:blk.18.attn_k.weight,              torch.bfloat16 --> BF16, shape = {2560, 512}
INFO:hf-to-gguf:blk.18.attn_output.weight,         torch.bfloat16 --> BF16, shape = {2048, 2560}
INFO:hf-to-gguf:blk.18.attn_q_norm.weight,         torch.bfloat16 --> F32, shape = {256}
INFO:hf-to-gguf:blk.18.attn_q.weight,              torch.bfloat16 --> BF16, shape = {2560, 2048}
INFO:hf-to-gguf:blk.18.attn_v.weight,              torch.bfloat16 --> BF16, shape = {2560, 512}
INFO:hf-to-gguf:blk.19.attn_norm.weight,           torch.bfloat16 --> F32, shape = {2560}
INFO:hf-to-gguf:blk.19.layer_output_scale.weight,  torch.bfloat16 --> F32, shape = {1}
INFO:hf-to-gguf:blk.19.ffn_down.weight,            torch.bfloat16 --> BF16, shape = {10240, 2560}
INFO:hf-to-gguf:blk.19.ffn_gate.weight,            torch.bfloat16 --> BF16, shape = {2560, 10240}
INFO:hf-to-gguf:blk.19.ffn_up.weight,              torch.bfloat16 --> BF16, shape = {2560, 10240}
INFO:hf-to-gguf:blk.19.inp_gate.weight,            torch.bfloat16 --> BF16, shape = {2560, 256}
INFO:hf-to-gguf:blk.19.proj.weight,                torch.bfloat16 --> BF16, shape = {256, 2560}
INFO:hf-to-gguf:blk.19.post_attention_norm.weight, torch.bfloat16 --> F32, shape = {2560}
INFO:hf-to-gguf:blk.19.post_ffw_norm.weight,       torch.bfloat16 --> F32, shape = {2560}
INFO:hf-to-gguf:blk.19.post_norm.weight,           torch.bfloat16 --> F32, shape = {2560}
INFO:hf-to-gguf:blk.19.ffn_norm.weight,            torch.bfloat16 --> F32, shape = {2560}
INFO:hf-to-gguf:blk.19.attn_k_norm.weight,         torch.bfloat16 --> F32, shape = {256}
INFO:hf-to-gguf:blk.19.attn_k.weight,              torch.bfloat16 --> BF16, shape = {2560, 512}
INFO:hf-to-gguf:blk.19.attn_output.weight,         torch.bfloat16 --> BF16, shape = {2048, 2560}
INFO:hf-to-gguf:blk.19.attn_q_norm.weight,         torch.bfloat16 --> F32, shape = {256}
INFO:hf-to-gguf:blk.19.attn_q.weight,              torch.bfloat16 --> BF16, shape = {2560, 2048}
INFO:hf-to-gguf:blk.19.attn_v.weight,              torch.bfloat16 --> BF16, shape = {2560, 512}
INFO:hf-to-gguf:blk.2.attn_norm.weight,            torch.bfloat16 --> F32, shape = {2560}
INFO:hf-to-gguf:blk.2.layer_output_scale.weight,   torch.bfloat16 --> F32, shape = {1}
INFO:hf-to-gguf:blk.2.ffn_down.weight,             torch.bfloat16 --> BF16, shape = {10240, 2560}
INFO:hf-to-gguf:blk.2.ffn_gate.weight,             torch.bfloat16 --> BF16, shape = {2560, 10240}
INFO:hf-to-gguf:blk.2.ffn_up.weight,               torch.bfloat16 --> BF16, shape = {2560, 10240}
INFO:hf-to-gguf:blk.2.inp_gate.weight,             torch.bfloat16 --> BF16, shape = {2560, 256}
INFO:hf-to-gguf:blk.2.proj.weight,                 torch.bfloat16 --> BF16, shape = {256, 2560}
INFO:hf-to-gguf:blk.2.post_attention_norm.weight,  torch.bfloat16 --> F32, shape = {2560}
INFO:hf-to-gguf:blk.2.post_ffw_norm.weight,        torch.bfloat16 --> F32, shape = {2560}
INFO:hf-to-gguf:blk.2.post_norm.weight,            torch.bfloat16 --> F32, shape = {2560}
INFO:hf-to-gguf:blk.2.ffn_norm.weight,             torch.bfloat16 --> F32, shape = {2560}
INFO:hf-to-gguf:blk.2.attn_k_norm.weight,          torch.bfloat16 --> F32, shape = {256}
INFO:hf-to-gguf:blk.2.attn_k.weight,               torch.bfloat16 --> BF16, shape = {2560, 512}
INFO:hf-to-gguf:blk.2.attn_output.weight,          torch.bfloat16 --> BF16, shape = {2048, 2560}
INFO:hf-to-gguf:blk.2.attn_q_norm.weight,          torch.bfloat16 --> F32, shape = {256}
INFO:hf-to-gguf:blk.2.attn_q.weight,               torch.bfloat16 --> BF16, shape = {2560, 2048}
INFO:hf-to-gguf:blk.2.attn_v.weight,               torch.bfloat16 --> BF16, shape = {2560, 512}
INFO:hf-to-gguf:blk.20.attn_norm.weight,           torch.bfloat16 --> F32, shape = {2560}
INFO:hf-to-gguf:blk.20.layer_output_scale.weight,  torch.bfloat16 --> F32, shape = {1}
INFO:hf-to-gguf:blk.20.ffn_down.weight,            torch.bfloat16 --> BF16, shape = {10240, 2560}
INFO:hf-to-gguf:blk.20.ffn_gate.weight,            torch.bfloat16 --> BF16, shape = {2560, 10240}
INFO:hf-to-gguf:blk.20.ffn_up.weight,              torch.bfloat16 --> BF16, shape = {2560, 10240}
INFO:hf-to-gguf:blk.20.inp_gate.weight,            torch.bfloat16 --> BF16, shape = {2560, 256}
INFO:hf-to-gguf:blk.20.proj.weight,                torch.bfloat16 --> BF16, shape = {256, 2560}
INFO:hf-to-gguf:blk.20.post_attention_norm.weight, torch.bfloat16 --> F32, shape = {2560}
INFO:hf-to-gguf:blk.20.post_ffw_norm.weight,       torch.bfloat16 --> F32, shape = {2560}
INFO:hf-to-gguf:blk.20.post_norm.weight,           torch.bfloat16 --> F32, shape = {2560}
INFO:hf-to-gguf:blk.20.ffn_norm.weight,            torch.bfloat16 --> F32, shape = {2560}
INFO:hf-to-gguf:blk.20.attn_k_norm.weight,         torch.bfloat16 --> F32, shape = {256}
INFO:hf-to-gguf:blk.20.attn_k.weight,              torch.bfloat16 --> BF16, shape = {2560, 512}
INFO:hf-to-gguf:blk.20.attn_output.weight,         torch.bfloat16 --> BF16, shape = {2048, 2560}
INFO:hf-to-gguf:blk.20.attn_q_norm.weight,         torch.bfloat16 --> F32, shape = {256}
INFO:hf-to-gguf:blk.20.attn_q.weight,              torch.bfloat16 --> BF16, shape = {2560, 2048}
INFO:hf-to-gguf:blk.20.attn_v.weight,              torch.bfloat16 --> BF16, shape = {2560, 512}
INFO:hf-to-gguf:blk.21.attn_norm.weight,           torch.bfloat16 --> F32, shape = {2560}
INFO:hf-to-gguf:blk.21.layer_output_scale.weight,  torch.bfloat16 --> F32, shape = {1}
INFO:hf-to-gguf:blk.21.ffn_down.weight,            torch.bfloat16 --> BF16, shape = {10240, 2560}
INFO:hf-to-gguf:blk.21.ffn_gate.weight,            torch.bfloat16 --> BF16, shape = {2560, 10240}
INFO:hf-to-gguf:blk.21.ffn_up.weight,              torch.bfloat16 --> BF16, shape = {2560, 10240}
INFO:hf-to-gguf:blk.21.inp_gate.weight,            torch.bfloat16 --> BF16, shape = {2560, 256}
INFO:hf-to-gguf:blk.21.proj.weight,                torch.bfloat16 --> BF16, shape = {256, 2560}
INFO:hf-to-gguf:blk.21.post_attention_norm.weight, torch.bfloat16 --> F32, shape = {2560}
INFO:hf-to-gguf:blk.21.post_ffw_norm.weight,       torch.bfloat16 --> F32, shape = {2560}
INFO:hf-to-gguf:blk.21.post_norm.weight,           torch.bfloat16 --> F32, shape = {2560}
INFO:hf-to-gguf:blk.21.ffn_norm.weight,            torch.bfloat16 --> F32, shape = {2560}
INFO:hf-to-gguf:blk.21.attn_k_norm.weight,         torch.bfloat16 --> F32, shape = {256}
INFO:hf-to-gguf:blk.21.attn_k.weight,              torch.bfloat16 --> BF16, shape = {2560, 512}
INFO:hf-to-gguf:blk.21.attn_output.weight,         torch.bfloat16 --> BF16, shape = {2048, 2560}
INFO:hf-to-gguf:blk.21.attn_q_norm.weight,         torch.bfloat16 --> F32, shape = {256}
INFO:hf-to-gguf:blk.21.attn_q.weight,              torch.bfloat16 --> BF16, shape = {2560, 2048}
INFO:hf-to-gguf:blk.21.attn_v.weight,              torch.bfloat16 --> BF16, shape = {2560, 512}
INFO:hf-to-gguf:blk.22.attn_norm.weight,           torch.bfloat16 --> F32, shape = {2560}
INFO:hf-to-gguf:blk.22.layer_output_scale.weight,  torch.bfloat16 --> F32, shape = {1}
INFO:hf-to-gguf:blk.22.ffn_down.weight,            torch.bfloat16 --> BF16, shape = {10240, 2560}
INFO:hf-to-gguf:blk.22.ffn_gate.weight,            torch.bfloat16 --> BF16, shape = {2560, 10240}
INFO:hf-to-gguf:blk.22.ffn_up.weight,              torch.bfloat16 --> BF16, shape = {2560, 10240}
INFO:hf-to-gguf:blk.22.inp_gate.weight,            torch.bfloat16 --> BF16, shape = {2560, 256}
INFO:hf-to-gguf:blk.22.proj.weight,                torch.bfloat16 --> BF16, shape = {256, 2560}
INFO:hf-to-gguf:blk.22.post_attention_norm.weight, torch.bfloat16 --> F32, shape = {2560}
INFO:hf-to-gguf:blk.22.post_ffw_norm.weight,       torch.bfloat16 --> F32, shape = {2560}
INFO:hf-to-gguf:blk.22.post_norm.weight,           torch.bfloat16 --> F32, shape = {2560}
INFO:hf-to-gguf:blk.22.ffn_norm.weight,            torch.bfloat16 --> F32, shape = {2560}
INFO:hf-to-gguf:blk.22.attn_k_norm.weight,         torch.bfloat16 --> F32, shape = {256}
INFO:hf-to-gguf:blk.22.attn_k.weight,              torch.bfloat16 --> BF16, shape = {2560, 512}
INFO:hf-to-gguf:blk.22.attn_output.weight,         torch.bfloat16 --> BF16, shape = {2048, 2560}
INFO:hf-to-gguf:blk.22.attn_q_norm.weight,         torch.bfloat16 --> F32, shape = {256}
INFO:hf-to-gguf:blk.22.attn_q.weight,              torch.bfloat16 --> BF16, shape = {2560, 2048}
INFO:hf-to-gguf:blk.22.attn_v.weight,              torch.bfloat16 --> BF16, shape = {2560, 512}
INFO:hf-to-gguf:blk.23.attn_norm.weight,           torch.bfloat16 --> F32, shape = {2560}
INFO:hf-to-gguf:blk.23.layer_output_scale.weight,  torch.bfloat16 --> F32, shape = {1}
INFO:hf-to-gguf:blk.23.ffn_down.weight,            torch.bfloat16 --> BF16, shape = {10240, 2560}
INFO:hf-to-gguf:blk.23.ffn_gate.weight,            torch.bfloat16 --> BF16, shape = {2560, 10240}
INFO:hf-to-gguf:blk.23.ffn_up.weight,              torch.bfloat16 --> BF16, shape = {2560, 10240}
INFO:hf-to-gguf:blk.23.inp_gate.weight,            torch.bfloat16 --> BF16, shape = {2560, 256}
INFO:hf-to-gguf:blk.23.proj.weight,                torch.bfloat16 --> BF16, shape = {256, 2560}
INFO:hf-to-gguf:blk.23.post_attention_norm.weight, torch.bfloat16 --> F32, shape = {2560}
INFO:hf-to-gguf:blk.23.post_ffw_norm.weight,       torch.bfloat16 --> F32, shape = {2560}
INFO:hf-to-gguf:blk.23.post_norm.weight,           torch.bfloat16 --> F32, shape = {2560}
INFO:hf-to-gguf:blk.23.ffn_norm.weight,            torch.bfloat16 --> F32, shape = {2560}
INFO:hf-to-gguf:blk.23.attn_k_norm.weight,         torch.bfloat16 --> F32, shape = {512}
INFO:hf-to-gguf:blk.23.attn_k.weight,              torch.bfloat16 --> BF16, shape = {2560, 1024}
INFO:hf-to-gguf:blk.23.attn_output.weight,         torch.bfloat16 --> BF16, shape = {4096, 2560}
INFO:hf-to-gguf:blk.23.attn_q_norm.weight,         torch.bfloat16 --> F32, shape = {512}
INFO:hf-to-gguf:blk.23.attn_q.weight,              torch.bfloat16 --> BF16, shape = {2560, 4096}
INFO:hf-to-gguf:blk.23.attn_v.weight,              torch.bfloat16 --> BF16, shape = {2560, 1024}
INFO:hf-to-gguf:blk.24.attn_norm.weight,           torch.bfloat16 --> F32, shape = {2560}
INFO:hf-to-gguf:blk.24.layer_output_scale.weight,  torch.bfloat16 --> F32, shape = {1}
INFO:hf-to-gguf:blk.24.ffn_down.weight,            torch.bfloat16 --> BF16, shape = {10240, 2560}
INFO:hf-to-gguf:blk.24.ffn_gate.weight,            torch.bfloat16 --> BF16, shape = {2560, 10240}
INFO:hf-to-gguf:blk.24.ffn_up.weight,              torch.bfloat16 --> BF16, shape = {2560, 10240}
INFO:hf-to-gguf:blk.24.inp_gate.weight,            torch.bfloat16 --> BF16, shape = {2560, 256}
INFO:hf-to-gguf:blk.24.proj.weight,                torch.bfloat16 --> BF16, shape = {256, 2560}
INFO:hf-to-gguf:blk.24.post_attention_norm.weight, torch.bfloat16 --> F32, shape = {2560}
INFO:hf-to-gguf:blk.24.post_ffw_norm.weight,       torch.bfloat16 --> F32, shape = {2560}
INFO:hf-to-gguf:blk.24.post_norm.weight,           torch.bfloat16 --> F32, shape = {2560}
INFO:hf-to-gguf:blk.24.ffn_norm.weight,            torch.bfloat16 --> F32, shape = {2560}
INFO:hf-to-gguf:blk.24.attn_k_norm.weight,         torch.bfloat16 --> F32, shape = {256}
INFO:hf-to-gguf:blk.24.attn_k.weight,              torch.bfloat16 --> BF16, shape = {2560, 512}
INFO:hf-to-gguf:blk.24.attn_output.weight,         torch.bfloat16 --> BF16, shape = {2048, 2560}
INFO:hf-to-gguf:blk.24.attn_q_norm.weight,         torch.bfloat16 --> F32, shape = {256}
INFO:hf-to-gguf:blk.24.attn_q.weight,              torch.bfloat16 --> BF16, shape = {2560, 2048}
INFO:hf-to-gguf:blk.24.attn_v.weight,              torch.bfloat16 --> BF16, shape = {2560, 512}
INFO:hf-to-gguf:blk.25.attn_norm.weight,           torch.bfloat16 --> F32, shape = {2560}
INFO:hf-to-gguf:blk.25.layer_output_scale.weight,  torch.bfloat16 --> F32, shape = {1}
INFO:hf-to-gguf:blk.25.ffn_down.weight,            torch.bfloat16 --> BF16, shape = {10240, 2560}
INFO:hf-to-gguf:blk.25.ffn_gate.weight,            torch.bfloat16 --> BF16, shape = {2560, 10240}
INFO:hf-to-gguf:blk.25.ffn_up.weight,              torch.bfloat16 --> BF16, shape = {2560, 10240}
INFO:hf-to-gguf:blk.25.inp_gate.weight,            torch.bfloat16 --> BF16, shape = {2560, 256}
INFO:hf-to-gguf:blk.25.proj.weight,                torch.bfloat16 --> BF16, shape = {256, 2560}
INFO:hf-to-gguf:blk.25.post_attention_norm.weight, torch.bfloat16 --> F32, shape = {2560}
INFO:hf-to-gguf:blk.25.post_ffw_norm.weight,       torch.bfloat16 --> F32, shape = {2560}
INFO:hf-to-gguf:blk.25.post_norm.weight,           torch.bfloat16 --> F32, shape = {2560}
INFO:hf-to-gguf:blk.25.ffn_norm.weight,            torch.bfloat16 --> F32, shape = {2560}
INFO:hf-to-gguf:blk.25.attn_k_norm.weight,         torch.bfloat16 --> F32, shape = {256}
INFO:hf-to-gguf:blk.25.attn_k.weight,              torch.bfloat16 --> BF16, shape = {2560, 512}
INFO:hf-to-gguf:blk.25.attn_output.weight,         torch.bfloat16 --> BF16, shape = {2048, 2560}
INFO:hf-to-gguf:blk.25.attn_q_norm.weight,         torch.bfloat16 --> F32, shape = {256}
INFO:hf-to-gguf:blk.25.attn_q.weight,              torch.bfloat16 --> BF16, shape = {2560, 2048}
INFO:hf-to-gguf:blk.25.attn_v.weight,              torch.bfloat16 --> BF16, shape = {2560, 512}
INFO:hf-to-gguf:blk.26.attn_norm.weight,           torch.bfloat16 --> F32, shape = {2560}
INFO:hf-to-gguf:blk.26.layer_output_scale.weight,  torch.bfloat16 --> F32, shape = {1}
INFO:hf-to-gguf:blk.26.ffn_down.weight,            torch.bfloat16 --> BF16, shape = {10240, 2560}
INFO:hf-to-gguf:blk.26.ffn_gate.weight,            torch.bfloat16 --> BF16, shape = {2560, 10240}
INFO:hf-to-gguf:blk.26.ffn_up.weight,              torch.bfloat16 --> BF16, shape = {2560, 10240}
INFO:hf-to-gguf:blk.26.inp_gate.weight,            torch.bfloat16 --> BF16, shape = {2560, 256}
INFO:hf-to-gguf:blk.26.proj.weight,                torch.bfloat16 --> BF16, shape = {256, 2560}
INFO:hf-to-gguf:blk.26.post_attention_norm.weight, torch.bfloat16 --> F32, shape = {2560}
INFO:hf-to-gguf:blk.26.post_ffw_norm.weight,       torch.bfloat16 --> F32, shape = {2560}
INFO:hf-to-gguf:blk.26.post_norm.weight,           torch.bfloat16 --> F32, shape = {2560}
INFO:hf-to-gguf:blk.26.ffn_norm.weight,            torch.bfloat16 --> F32, shape = {2560}
INFO:hf-to-gguf:blk.26.attn_k_norm.weight,         torch.bfloat16 --> F32, shape = {256}
INFO:hf-to-gguf:blk.26.attn_k.weight,              torch.bfloat16 --> BF16, shape = {2560, 512}
INFO:hf-to-gguf:blk.26.attn_output.weight,         torch.bfloat16 --> BF16, shape = {2048, 2560}
INFO:hf-to-gguf:blk.26.attn_q_norm.weight,         torch.bfloat16 --> F32, shape = {256}
INFO:hf-to-gguf:blk.26.attn_q.weight,              torch.bfloat16 --> BF16, shape = {2560, 2048}
INFO:hf-to-gguf:blk.26.attn_v.weight,              torch.bfloat16 --> BF16, shape = {2560, 512}
INFO:hf-to-gguf:blk.27.attn_norm.weight,           torch.bfloat16 --> F32, shape = {2560}
INFO:hf-to-gguf:blk.27.layer_output_scale.weight,  torch.bfloat16 --> F32, shape = {1}
INFO:hf-to-gguf:blk.27.ffn_down.weight,            torch.bfloat16 --> BF16, shape = {10240, 2560}
INFO:hf-to-gguf:blk.27.ffn_gate.weight,            torch.bfloat16 --> BF16, shape = {2560, 10240}
INFO:hf-to-gguf:blk.27.ffn_up.weight,              torch.bfloat16 --> BF16, shape = {2560, 10240}
INFO:hf-to-gguf:blk.27.inp_gate.weight,            torch.bfloat16 --> BF16, shape = {2560, 256}
INFO:hf-to-gguf:blk.27.proj.weight,                torch.bfloat16 --> BF16, shape = {256, 2560}
INFO:hf-to-gguf:blk.27.post_attention_norm.weight, torch.bfloat16 --> F32, shape = {2560}
INFO:hf-to-gguf:blk.27.post_ffw_norm.weight,       torch.bfloat16 --> F32, shape = {2560}
INFO:hf-to-gguf:blk.27.post_norm.weight,           torch.bfloat16 --> F32, shape = {2560}
INFO:hf-to-gguf:blk.27.ffn_norm.weight,            torch.bfloat16 --> F32, shape = {2560}
INFO:hf-to-gguf:blk.27.attn_k_norm.weight,         torch.bfloat16 --> F32, shape = {256}
INFO:hf-to-gguf:blk.27.attn_k.weight,              torch.bfloat16 --> BF16, shape = {2560, 512}
INFO:hf-to-gguf:blk.27.attn_output.weight,         torch.bfloat16 --> BF16, shape = {2048, 2560}
INFO:hf-to-gguf:blk.27.attn_q_norm.weight,         torch.bfloat16 --> F32, shape = {256}
INFO:hf-to-gguf:blk.27.attn_q.weight,              torch.bfloat16 --> BF16, shape = {2560, 2048}
INFO:hf-to-gguf:blk.27.attn_v.weight,              torch.bfloat16 --> BF16, shape = {2560, 512}
INFO:hf-to-gguf:blk.28.attn_norm.weight,           torch.bfloat16 --> F32, shape = {2560}
INFO:hf-to-gguf:blk.28.layer_output_scale.weight,  torch.bfloat16 --> F32, shape = {1}
INFO:hf-to-gguf:blk.28.ffn_down.weight,            torch.bfloat16 --> BF16, shape = {10240, 2560}
INFO:hf-to-gguf:blk.28.ffn_gate.weight,            torch.bfloat16 --> BF16, shape = {2560, 10240}
INFO:hf-to-gguf:blk.28.ffn_up.weight,              torch.bfloat16 --> BF16, shape = {2560, 10240}
INFO:hf-to-gguf:blk.28.inp_gate.weight,            torch.bfloat16 --> BF16, shape = {2560, 256}
INFO:hf-to-gguf:blk.28.proj.weight,                torch.bfloat16 --> BF16, shape = {256, 2560}
INFO:hf-to-gguf:blk.28.post_attention_norm.weight, torch.bfloat16 --> F32, shape = {2560}
INFO:hf-to-gguf:blk.28.post_ffw_norm.weight,       torch.bfloat16 --> F32, shape = {2560}
INFO:hf-to-gguf:blk.28.post_norm.weight,           torch.bfloat16 --> F32, shape = {2560}
INFO:hf-to-gguf:blk.28.ffn_norm.weight,            torch.bfloat16 --> F32, shape = {2560}
INFO:hf-to-gguf:blk.28.attn_k_norm.weight,         torch.bfloat16 --> F32, shape = {256}
INFO:hf-to-gguf:blk.28.attn_k.weight,              torch.bfloat16 --> BF16, shape = {2560, 512}
INFO:hf-to-gguf:blk.28.attn_output.weight,         torch.bfloat16 --> BF16, shape = {2048, 2560}
INFO:hf-to-gguf:blk.28.attn_q_norm.weight,         torch.bfloat16 --> F32, shape = {256}
INFO:hf-to-gguf:blk.28.attn_q.weight,              torch.bfloat16 --> BF16, shape = {2560, 2048}
INFO:hf-to-gguf:blk.28.attn_v.weight,              torch.bfloat16 --> BF16, shape = {2560, 512}
INFO:hf-to-gguf:blk.29.attn_norm.weight,           torch.bfloat16 --> F32, shape = {2560}
INFO:hf-to-gguf:blk.29.layer_output_scale.weight,  torch.bfloat16 --> F32, shape = {1}
INFO:hf-to-gguf:blk.29.ffn_down.weight,            torch.bfloat16 --> BF16, shape = {10240, 2560}
INFO:hf-to-gguf:blk.29.ffn_gate.weight,            torch.bfloat16 --> BF16, shape = {2560, 10240}
INFO:hf-to-gguf:blk.29.ffn_up.weight,              torch.bfloat16 --> BF16, shape = {2560, 10240}
INFO:hf-to-gguf:blk.29.inp_gate.weight,            torch.bfloat16 --> BF16, shape = {2560, 256}
INFO:hf-to-gguf:blk.29.proj.weight,                torch.bfloat16 --> BF16, shape = {256, 2560}
INFO:hf-to-gguf:blk.29.post_attention_norm.weight, torch.bfloat16 --> F32, shape = {2560}
INFO:hf-to-gguf:blk.29.post_ffw_norm.weight,       torch.bfloat16 --> F32, shape = {2560}
INFO:hf-to-gguf:blk.29.post_norm.weight,           torch.bfloat16 --> F32, shape = {2560}
INFO:hf-to-gguf:blk.29.ffn_norm.weight,            torch.bfloat16 --> F32, shape = {2560}
INFO:hf-to-gguf:blk.29.attn_k_norm.weight,         torch.bfloat16 --> F32, shape = {512}
INFO:hf-to-gguf:blk.29.attn_k.weight,              torch.bfloat16 --> BF16, shape = {2560, 1024}
INFO:hf-to-gguf:blk.29.attn_output.weight,         torch.bfloat16 --> BF16, shape = {4096, 2560}
INFO:hf-to-gguf:blk.29.attn_q_norm.weight,         torch.bfloat16 --> F32, shape = {512}
INFO:hf-to-gguf:blk.29.attn_q.weight,              torch.bfloat16 --> BF16, shape = {2560, 4096}
INFO:hf-to-gguf:blk.29.attn_v.weight,              torch.bfloat16 --> BF16, shape = {2560, 1024}
INFO:hf-to-gguf:blk.3.attn_norm.weight,            torch.bfloat16 --> F32, shape = {2560}
INFO:hf-to-gguf:blk.3.layer_output_scale.weight,   torch.bfloat16 --> F32, shape = {1}
INFO:hf-to-gguf:blk.3.ffn_down.weight,             torch.bfloat16 --> BF16, shape = {10240, 2560}
INFO:hf-to-gguf:blk.3.ffn_gate.weight,             torch.bfloat16 --> BF16, shape = {2560, 10240}
INFO:hf-to-gguf:blk.3.ffn_up.weight,               torch.bfloat16 --> BF16, shape = {2560, 10240}
INFO:hf-to-gguf:blk.3.inp_gate.weight,             torch.bfloat16 --> BF16, shape = {2560, 256}
INFO:hf-to-gguf:blk.3.proj.weight,                 torch.bfloat16 --> BF16, shape = {256, 2560}
INFO:hf-to-gguf:blk.3.post_attention_norm.weight,  torch.bfloat16 --> F32, shape = {2560}
INFO:hf-to-gguf:blk.3.post_ffw_norm.weight,        torch.bfloat16 --> F32, shape = {2560}
INFO:hf-to-gguf:blk.3.post_norm.weight,            torch.bfloat16 --> F32, shape = {2560}
INFO:hf-to-gguf:blk.3.ffn_norm.weight,             torch.bfloat16 --> F32, shape = {2560}
INFO:hf-to-gguf:blk.3.attn_k_norm.weight,          torch.bfloat16 --> F32, shape = {256}
INFO:hf-to-gguf:blk.3.attn_k.weight,               torch.bfloat16 --> BF16, shape = {2560, 512}
INFO:hf-to-gguf:blk.3.attn_output.weight,          torch.bfloat16 --> BF16, shape = {2048, 2560}
INFO:hf-to-gguf:blk.3.attn_q_norm.weight,          torch.bfloat16 --> F32, shape = {256}
INFO:hf-to-gguf:blk.3.attn_q.weight,               torch.bfloat16 --> BF16, shape = {2560, 2048}
INFO:hf-to-gguf:blk.3.attn_v.weight,               torch.bfloat16 --> BF16, shape = {2560, 512}
INFO:hf-to-gguf:blk.30.attn_norm.weight,           torch.bfloat16 --> F32, shape = {2560}
INFO:hf-to-gguf:blk.30.layer_output_scale.weight,  torch.bfloat16 --> F32, shape = {1}
INFO:hf-to-gguf:blk.30.ffn_down.weight,            torch.bfloat16 --> BF16, shape = {10240, 2560}
INFO:hf-to-gguf:blk.30.ffn_gate.weight,            torch.bfloat16 --> BF16, shape = {2560, 10240}
INFO:hf-to-gguf:blk.30.ffn_up.weight,              torch.bfloat16 --> BF16, shape = {2560, 10240}
INFO:hf-to-gguf:blk.30.inp_gate.weight,            torch.bfloat16 --> BF16, shape = {2560, 256}
INFO:hf-to-gguf:blk.30.proj.weight,                torch.bfloat16 --> BF16, shape = {256, 2560}
INFO:hf-to-gguf:blk.30.post_attention_norm.weight, torch.bfloat16 --> F32, shape = {2560}
INFO:hf-to-gguf:blk.30.post_ffw_norm.weight,       torch.bfloat16 --> F32, shape = {2560}
INFO:hf-to-gguf:blk.30.post_norm.weight,           torch.bfloat16 --> F32, shape = {2560}
INFO:hf-to-gguf:blk.30.ffn_norm.weight,            torch.bfloat16 --> F32, shape = {2560}
INFO:hf-to-gguf:blk.30.attn_k_norm.weight,         torch.bfloat16 --> F32, shape = {256}
INFO:hf-to-gguf:blk.30.attn_k.weight,              torch.bfloat16 --> BF16, shape = {2560, 512}
INFO:hf-to-gguf:blk.30.attn_output.weight,         torch.bfloat16 --> BF16, shape = {2048, 2560}
INFO:hf-to-gguf:blk.30.attn_q_norm.weight,         torch.bfloat16 --> F32, shape = {256}
INFO:hf-to-gguf:blk.30.attn_q.weight,              torch.bfloat16 --> BF16, shape = {2560, 2048}
INFO:hf-to-gguf:blk.30.attn_v.weight,              torch.bfloat16 --> BF16, shape = {2560, 512}
INFO:hf-to-gguf:blk.31.attn_norm.weight,           torch.bfloat16 --> F32, shape = {2560}
INFO:hf-to-gguf:blk.31.layer_output_scale.weight,  torch.bfloat16 --> F32, shape = {1}
INFO:hf-to-gguf:blk.31.ffn_down.weight,            torch.bfloat16 --> BF16, shape = {10240, 2560}
INFO:hf-to-gguf:blk.31.ffn_gate.weight,            torch.bfloat16 --> BF16, shape = {2560, 10240}
INFO:hf-to-gguf:blk.31.ffn_up.weight,              torch.bfloat16 --> BF16, shape = {2560, 10240}
INFO:hf-to-gguf:blk.31.inp_gate.weight,            torch.bfloat16 --> BF16, shape = {2560, 256}
INFO:hf-to-gguf:blk.31.proj.weight,                torch.bfloat16 --> BF16, shape = {256, 2560}
INFO:hf-to-gguf:blk.31.post_attention_norm.weight, torch.bfloat16 --> F32, shape = {2560}
INFO:hf-to-gguf:blk.31.post_ffw_norm.weight,       torch.bfloat16 --> F32, shape = {2560}
INFO:hf-to-gguf:blk.31.post_norm.weight,           torch.bfloat16 --> F32, shape = {2560}
INFO:hf-to-gguf:blk.31.ffn_norm.weight,            torch.bfloat16 --> F32, shape = {2560}
INFO:hf-to-gguf:blk.31.attn_k_norm.weight,         torch.bfloat16 --> F32, shape = {256}
INFO:hf-to-gguf:blk.31.attn_k.weight,              torch.bfloat16 --> BF16, shape = {2560, 512}
INFO:hf-to-gguf:blk.31.attn_output.weight,         torch.bfloat16 --> BF16, shape = {2048, 2560}
INFO:hf-to-gguf:blk.31.attn_q_norm.weight,         torch.bfloat16 --> F32, shape = {256}
INFO:hf-to-gguf:blk.31.attn_q.weight,              torch.bfloat16 --> BF16, shape = {2560, 2048}
INFO:hf-to-gguf:blk.31.attn_v.weight,              torch.bfloat16 --> BF16, shape = {2560, 512}
INFO:hf-to-gguf:blk.32.attn_norm.weight,           torch.bfloat16 --> F32, shape = {2560}
INFO:hf-to-gguf:blk.32.layer_output_scale.weight,  torch.bfloat16 --> F32, shape = {1}
INFO:hf-to-gguf:blk.32.ffn_down.weight,            torch.bfloat16 --> BF16, shape = {10240, 2560}
INFO:hf-to-gguf:blk.32.ffn_gate.weight,            torch.bfloat16 --> BF16, shape = {2560, 10240}
INFO:hf-to-gguf:blk.32.ffn_up.weight,              torch.bfloat16 --> BF16, shape = {2560, 10240}
INFO:hf-to-gguf:blk.32.inp_gate.weight,            torch.bfloat16 --> BF16, shape = {2560, 256}
INFO:hf-to-gguf:blk.32.proj.weight,                torch.bfloat16 --> BF16, shape = {256, 2560}
INFO:hf-to-gguf:blk.32.post_attention_norm.weight, torch.bfloat16 --> F32, shape = {2560}
INFO:hf-to-gguf:blk.32.post_ffw_norm.weight,       torch.bfloat16 --> F32, shape = {2560}
INFO:hf-to-gguf:blk.32.post_norm.weight,           torch.bfloat16 --> F32, shape = {2560}
INFO:hf-to-gguf:blk.32.ffn_norm.weight,            torch.bfloat16 --> F32, shape = {2560}
INFO:hf-to-gguf:blk.32.attn_k_norm.weight,         torch.bfloat16 --> F32, shape = {256}
INFO:hf-to-gguf:blk.32.attn_k.weight,              torch.bfloat16 --> BF16, shape = {2560, 512}
INFO:hf-to-gguf:blk.32.attn_output.weight,         torch.bfloat16 --> BF16, shape = {2048, 2560}
INFO:hf-to-gguf:blk.32.attn_q_norm.weight,         torch.bfloat16 --> F32, shape = {256}
INFO:hf-to-gguf:blk.32.attn_q.weight,              torch.bfloat16 --> BF16, shape = {2560, 2048}
INFO:hf-to-gguf:blk.32.attn_v.weight,              torch.bfloat16 --> BF16, shape = {2560, 512}
INFO:hf-to-gguf:blk.33.attn_norm.weight,           torch.bfloat16 --> F32, shape = {2560}
INFO:hf-to-gguf:blk.33.layer_output_scale.weight,  torch.bfloat16 --> F32, shape = {1}
INFO:hf-to-gguf:blk.33.ffn_down.weight,            torch.bfloat16 --> BF16, shape = {10240, 2560}
INFO:hf-to-gguf:blk.33.ffn_gate.weight,            torch.bfloat16 --> BF16, shape = {2560, 10240}
INFO:hf-to-gguf:blk.33.ffn_up.weight,              torch.bfloat16 --> BF16, shape = {2560, 10240}
INFO:hf-to-gguf:blk.33.inp_gate.weight,            torch.bfloat16 --> BF16, shape = {2560, 256}
INFO:hf-to-gguf:blk.33.proj.weight,                torch.bfloat16 --> BF16, shape = {256, 2560}
INFO:hf-to-gguf:blk.33.post_attention_norm.weight, torch.bfloat16 --> F32, shape = {2560}
INFO:hf-to-gguf:blk.33.post_ffw_norm.weight,       torch.bfloat16 --> F32, shape = {2560}
INFO:hf-to-gguf:blk.33.post_norm.weight,           torch.bfloat16 --> F32, shape = {2560}
INFO:hf-to-gguf:blk.33.ffn_norm.weight,            torch.bfloat16 --> F32, shape = {2560}
INFO:hf-to-gguf:blk.33.attn_k_norm.weight,         torch.bfloat16 --> F32, shape = {256}
INFO:hf-to-gguf:blk.33.attn_k.weight,              torch.bfloat16 --> BF16, shape = {2560, 512}
INFO:hf-to-gguf:blk.33.attn_output.weight,         torch.bfloat16 --> BF16, shape = {2048, 2560}
INFO:hf-to-gguf:blk.33.attn_q_norm.weight,         torch.bfloat16 --> F32, shape = {256}
INFO:hf-to-gguf:blk.33.attn_q.weight,              torch.bfloat16 --> BF16, shape = {2560, 2048}
INFO:hf-to-gguf:blk.33.attn_v.weight,              torch.bfloat16 --> BF16, shape = {2560, 512}
INFO:hf-to-gguf:blk.34.attn_norm.weight,           torch.bfloat16 --> F32, shape = {2560}
INFO:hf-to-gguf:blk.34.layer_output_scale.weight,  torch.bfloat16 --> F32, shape = {1}
INFO:hf-to-gguf:blk.34.ffn_down.weight,            torch.bfloat16 --> BF16, shape = {10240, 2560}
INFO:hf-to-gguf:blk.34.ffn_gate.weight,            torch.bfloat16 --> BF16, shape = {2560, 10240}
INFO:hf-to-gguf:blk.34.ffn_up.weight,              torch.bfloat16 --> BF16, shape = {2560, 10240}
INFO:hf-to-gguf:blk.34.inp_gate.weight,            torch.bfloat16 --> BF16, shape = {2560, 256}
INFO:hf-to-gguf:blk.34.proj.weight,                torch.bfloat16 --> BF16, shape = {256, 2560}
INFO:hf-to-gguf:blk.34.post_attention_norm.weight, torch.bfloat16 --> F32, shape = {2560}
INFO:hf-to-gguf:blk.34.post_ffw_norm.weight,       torch.bfloat16 --> F32, shape = {2560}
INFO:hf-to-gguf:blk.34.post_norm.weight,           torch.bfloat16 --> F32, shape = {2560}
INFO:hf-to-gguf:blk.34.ffn_norm.weight,            torch.bfloat16 --> F32, shape = {2560}
INFO:hf-to-gguf:blk.34.attn_k_norm.weight,         torch.bfloat16 --> F32, shape = {256}
INFO:hf-to-gguf:blk.34.attn_k.weight,              torch.bfloat16 --> BF16, shape = {2560, 512}
INFO:hf-to-gguf:blk.34.attn_output.weight,         torch.bfloat16 --> BF16, shape = {2048, 2560}
INFO:hf-to-gguf:blk.34.attn_q_norm.weight,         torch.bfloat16 --> F32, shape = {256}
INFO:hf-to-gguf:blk.34.attn_q.weight,              torch.bfloat16 --> BF16, shape = {2560, 2048}
INFO:hf-to-gguf:blk.34.attn_v.weight,              torch.bfloat16 --> BF16, shape = {2560, 512}
INFO:hf-to-gguf:blk.35.attn_norm.weight,           torch.bfloat16 --> F32, shape = {2560}
INFO:hf-to-gguf:blk.35.layer_output_scale.weight,  torch.bfloat16 --> F32, shape = {1}
INFO:hf-to-gguf:blk.35.ffn_down.weight,            torch.bfloat16 --> BF16, shape = {10240, 2560}
INFO:hf-to-gguf:blk.35.ffn_gate.weight,            torch.bfloat16 --> BF16, shape = {2560, 10240}
INFO:hf-to-gguf:blk.35.ffn_up.weight,              torch.bfloat16 --> BF16, shape = {2560, 10240}
INFO:hf-to-gguf:blk.35.inp_gate.weight,            torch.bfloat16 --> BF16, shape = {2560, 256}
INFO:hf-to-gguf:blk.35.proj.weight,                torch.bfloat16 --> BF16, shape = {256, 2560}
INFO:hf-to-gguf:blk.35.post_attention_norm.weight, torch.bfloat16 --> F32, shape = {2560}
INFO:hf-to-gguf:blk.35.post_ffw_norm.weight,       torch.bfloat16 --> F32, shape = {2560}
INFO:hf-to-gguf:blk.35.post_norm.weight,           torch.bfloat16 --> F32, shape = {2560}
INFO:hf-to-gguf:blk.35.ffn_norm.weight,            torch.bfloat16 --> F32, shape = {2560}
INFO:hf-to-gguf:blk.35.attn_k_norm.weight,         torch.bfloat16 --> F32, shape = {512}
INFO:hf-to-gguf:blk.35.attn_k.weight,              torch.bfloat16 --> BF16, shape = {2560, 1024}
INFO:hf-to-gguf:blk.35.attn_output.weight,         torch.bfloat16 --> BF16, shape = {4096, 2560}
INFO:hf-to-gguf:blk.35.attn_q_norm.weight,         torch.bfloat16 --> F32, shape = {512}
INFO:hf-to-gguf:blk.35.attn_q.weight,              torch.bfloat16 --> BF16, shape = {2560, 4096}
INFO:hf-to-gguf:blk.35.attn_v.weight,              torch.bfloat16 --> BF16, shape = {2560, 1024}
INFO:hf-to-gguf:blk.36.attn_norm.weight,           torch.bfloat16 --> F32, shape = {2560}
INFO:hf-to-gguf:blk.36.layer_output_scale.weight,  torch.bfloat16 --> F32, shape = {1}
INFO:hf-to-gguf:blk.36.ffn_down.weight,            torch.bfloat16 --> BF16, shape = {10240, 2560}
INFO:hf-to-gguf:blk.36.ffn_gate.weight,            torch.bfloat16 --> BF16, shape = {2560, 10240}
INFO:hf-to-gguf:blk.36.ffn_up.weight,              torch.bfloat16 --> BF16, shape = {2560, 10240}
INFO:hf-to-gguf:blk.36.inp_gate.weight,            torch.bfloat16 --> BF16, shape = {2560, 256}
INFO:hf-to-gguf:blk.36.proj.weight,                torch.bfloat16 --> BF16, shape = {256, 2560}
INFO:hf-to-gguf:blk.36.post_attention_norm.weight, torch.bfloat16 --> F32, shape = {2560}
INFO:hf-to-gguf:blk.36.post_ffw_norm.weight,       torch.bfloat16 --> F32, shape = {2560}
INFO:hf-to-gguf:blk.36.post_norm.weight,           torch.bfloat16 --> F32, shape = {2560}
INFO:hf-to-gguf:blk.36.ffn_norm.weight,            torch.bfloat16 --> F32, shape = {2560}
INFO:hf-to-gguf:blk.36.attn_k_norm.weight,         torch.bfloat16 --> F32, shape = {256}
INFO:hf-to-gguf:blk.36.attn_k.weight,              torch.bfloat16 --> BF16, shape = {2560, 512}
INFO:hf-to-gguf:blk.36.attn_output.weight,         torch.bfloat16 --> BF16, shape = {2048, 2560}
INFO:hf-to-gguf:blk.36.attn_q_norm.weight,         torch.bfloat16 --> F32, shape = {256}
INFO:hf-to-gguf:blk.36.attn_q.weight,              torch.bfloat16 --> BF16, shape = {2560, 2048}
INFO:hf-to-gguf:blk.36.attn_v.weight,              torch.bfloat16 --> BF16, shape = {2560, 512}
INFO:hf-to-gguf:blk.37.attn_norm.weight,           torch.bfloat16 --> F32, shape = {2560}
INFO:hf-to-gguf:blk.37.layer_output_scale.weight,  torch.bfloat16 --> F32, shape = {1}
INFO:hf-to-gguf:blk.37.ffn_down.weight,            torch.bfloat16 --> BF16, shape = {10240, 2560}
INFO:hf-to-gguf:blk.37.ffn_gate.weight,            torch.bfloat16 --> BF16, shape = {2560, 10240}
INFO:hf-to-gguf:blk.37.ffn_up.weight,              torch.bfloat16 --> BF16, shape = {2560, 10240}
INFO:hf-to-gguf:blk.37.inp_gate.weight,            torch.bfloat16 --> BF16, shape = {2560, 256}
INFO:hf-to-gguf:blk.37.proj.weight,                torch.bfloat16 --> BF16, shape = {256, 2560}
INFO:hf-to-gguf:blk.37.post_attention_norm.weight, torch.bfloat16 --> F32, shape = {2560}
INFO:hf-to-gguf:blk.37.post_ffw_norm.weight,       torch.bfloat16 --> F32, shape = {2560}
INFO:hf-to-gguf:blk.37.post_norm.weight,           torch.bfloat16 --> F32, shape = {2560}
INFO:hf-to-gguf:blk.37.ffn_norm.weight,            torch.bfloat16 --> F32, shape = {2560}
INFO:hf-to-gguf:blk.37.attn_k_norm.weight,         torch.bfloat16 --> F32, shape = {256}
INFO:hf-to-gguf:blk.37.attn_k.weight,              torch.bfloat16 --> BF16, shape = {2560, 512}
INFO:hf-to-gguf:blk.37.attn_output.weight,         torch.bfloat16 --> BF16, shape = {2048, 2560}
INFO:hf-to-gguf:blk.37.attn_q_norm.weight,         torch.bfloat16 --> F32, shape = {256}
INFO:hf-to-gguf:blk.37.attn_q.weight,              torch.bfloat16 --> BF16, shape = {2560, 2048}
INFO:hf-to-gguf:blk.37.attn_v.weight,              torch.bfloat16 --> BF16, shape = {2560, 512}
INFO:hf-to-gguf:blk.38.attn_norm.weight,           torch.bfloat16 --> F32, shape = {2560}
INFO:hf-to-gguf:blk.38.layer_output_scale.weight,  torch.bfloat16 --> F32, shape = {1}
INFO:hf-to-gguf:blk.38.ffn_down.weight,            torch.bfloat16 --> BF16, shape = {10240, 2560}
INFO:hf-to-gguf:blk.38.ffn_gate.weight,            torch.bfloat16 --> BF16, shape = {2560, 10240}
INFO:hf-to-gguf:blk.38.ffn_up.weight,              torch.bfloat16 --> BF16, shape = {2560, 10240}
INFO:hf-to-gguf:blk.38.inp_gate.weight,            torch.bfloat16 --> BF16, shape = {2560, 256}
INFO:hf-to-gguf:blk.38.proj.weight,                torch.bfloat16 --> BF16, shape = {256, 2560}
INFO:hf-to-gguf:blk.38.post_attention_norm.weight, torch.bfloat16 --> F32, shape = {2560}
INFO:hf-to-gguf:blk.38.post_ffw_norm.weight,       torch.bfloat16 --> F32, shape = {2560}
INFO:hf-to-gguf:blk.38.post_norm.weight,           torch.bfloat16 --> F32, shape = {2560}
INFO:hf-to-gguf:blk.38.ffn_norm.weight,            torch.bfloat16 --> F32, shape = {2560}
INFO:hf-to-gguf:blk.38.attn_k_norm.weight,         torch.bfloat16 --> F32, shape = {256}
INFO:hf-to-gguf:blk.38.attn_k.weight,              torch.bfloat16 --> BF16, shape = {2560, 512}
INFO:hf-to-gguf:blk.38.attn_output.weight,         torch.bfloat16 --> BF16, shape = {2048, 2560}
INFO:hf-to-gguf:blk.38.attn_q_norm.weight,         torch.bfloat16 --> F32, shape = {256}
INFO:hf-to-gguf:blk.38.attn_q.weight,              torch.bfloat16 --> BF16, shape = {2560, 2048}
INFO:hf-to-gguf:blk.38.attn_v.weight,              torch.bfloat16 --> BF16, shape = {2560, 512}
INFO:hf-to-gguf:blk.39.attn_norm.weight,           torch.bfloat16 --> F32, shape = {2560}
INFO:hf-to-gguf:blk.39.layer_output_scale.weight,  torch.bfloat16 --> F32, shape = {1}
INFO:hf-to-gguf:blk.39.ffn_down.weight,            torch.bfloat16 --> BF16, shape = {10240, 2560}
INFO:hf-to-gguf:blk.39.ffn_gate.weight,            torch.bfloat16 --> BF16, shape = {2560, 10240}
INFO:hf-to-gguf:blk.39.ffn_up.weight,              torch.bfloat16 --> BF16, shape = {2560, 10240}
INFO:hf-to-gguf:blk.39.inp_gate.weight,            torch.bfloat16 --> BF16, shape = {2560, 256}
INFO:hf-to-gguf:blk.39.proj.weight,                torch.bfloat16 --> BF16, shape = {256, 2560}
INFO:hf-to-gguf:blk.39.post_attention_norm.weight, torch.bfloat16 --> F32, shape = {2560}
INFO:hf-to-gguf:blk.39.post_ffw_norm.weight,       torch.bfloat16 --> F32, shape = {2560}
INFO:hf-to-gguf:blk.39.post_norm.weight,           torch.bfloat16 --> F32, shape = {2560}
INFO:hf-to-gguf:blk.39.ffn_norm.weight,            torch.bfloat16 --> F32, shape = {2560}
INFO:hf-to-gguf:blk.39.attn_k_norm.weight,         torch.bfloat16 --> F32, shape = {256}
INFO:hf-to-gguf:blk.39.attn_k.weight,              torch.bfloat16 --> BF16, shape = {2560, 512}
INFO:hf-to-gguf:blk.39.attn_output.weight,         torch.bfloat16 --> BF16, shape = {2048, 2560}
INFO:hf-to-gguf:blk.39.attn_q_norm.weight,         torch.bfloat16 --> F32, shape = {256}
INFO:hf-to-gguf:blk.39.attn_q.weight,              torch.bfloat16 --> BF16, shape = {2560, 2048}
INFO:hf-to-gguf:blk.39.attn_v.weight,              torch.bfloat16 --> BF16, shape = {2560, 512}
INFO:hf-to-gguf:blk.4.attn_norm.weight,            torch.bfloat16 --> F32, shape = {2560}
INFO:hf-to-gguf:blk.4.layer_output_scale.weight,   torch.bfloat16 --> F32, shape = {1}
INFO:hf-to-gguf:blk.4.ffn_down.weight,             torch.bfloat16 --> BF16, shape = {10240, 2560}
INFO:hf-to-gguf:blk.4.ffn_gate.weight,             torch.bfloat16 --> BF16, shape = {2560, 10240}
INFO:hf-to-gguf:blk.4.ffn_up.weight,               torch.bfloat16 --> BF16, shape = {2560, 10240}
INFO:hf-to-gguf:blk.4.inp_gate.weight,             torch.bfloat16 --> BF16, shape = {2560, 256}
INFO:hf-to-gguf:blk.4.proj.weight,                 torch.bfloat16 --> BF16, shape = {256, 2560}
INFO:hf-to-gguf:blk.4.post_attention_norm.weight,  torch.bfloat16 --> F32, shape = {2560}
INFO:hf-to-gguf:blk.4.post_ffw_norm.weight,        torch.bfloat16 --> F32, shape = {2560}
INFO:hf-to-gguf:blk.4.post_norm.weight,            torch.bfloat16 --> F32, shape = {2560}
INFO:hf-to-gguf:blk.4.ffn_norm.weight,             torch.bfloat16 --> F32, shape = {2560}
INFO:hf-to-gguf:blk.4.attn_k_norm.weight,          torch.bfloat16 --> F32, shape = {256}
INFO:hf-to-gguf:blk.4.attn_k.weight,               torch.bfloat16 --> BF16, shape = {2560, 512}
INFO:hf-to-gguf:blk.4.attn_output.weight,          torch.bfloat16 --> BF16, shape = {2048, 2560}
INFO:hf-to-gguf:blk.4.attn_q_norm.weight,          torch.bfloat16 --> F32, shape = {256}
INFO:hf-to-gguf:blk.4.attn_q.weight,               torch.bfloat16 --> BF16, shape = {2560, 2048}
INFO:hf-to-gguf:blk.4.attn_v.weight,               torch.bfloat16 --> BF16, shape = {2560, 512}
INFO:hf-to-gguf:blk.40.attn_norm.weight,           torch.bfloat16 --> F32, shape = {2560}
INFO:hf-to-gguf:blk.40.layer_output_scale.weight,  torch.bfloat16 --> F32, shape = {1}
INFO:hf-to-gguf:blk.40.ffn_down.weight,            torch.bfloat16 --> BF16, shape = {10240, 2560}
INFO:hf-to-gguf:blk.40.ffn_gate.weight,            torch.bfloat16 --> BF16, shape = {2560, 10240}
INFO:hf-to-gguf:blk.40.ffn_up.weight,              torch.bfloat16 --> BF16, shape = {2560, 10240}
INFO:hf-to-gguf:blk.40.inp_gate.weight,            torch.bfloat16 --> BF16, shape = {2560, 256}
INFO:hf-to-gguf:blk.40.proj.weight,                torch.bfloat16 --> BF16, shape = {256, 2560}
INFO:hf-to-gguf:blk.40.post_attention_norm.weight, torch.bfloat16 --> F32, shape = {2560}
INFO:hf-to-gguf:blk.40.post_ffw_norm.weight,       torch.bfloat16 --> F32, shape = {2560}
INFO:hf-to-gguf:blk.40.post_norm.weight,           torch.bfloat16 --> F32, shape = {2560}
INFO:hf-to-gguf:blk.40.ffn_norm.weight,            torch.bfloat16 --> F32, shape = {2560}
INFO:hf-to-gguf:blk.40.attn_k_norm.weight,         torch.bfloat16 --> F32, shape = {256}
INFO:hf-to-gguf:blk.40.attn_k.weight,              torch.bfloat16 --> BF16, shape = {2560, 512}
INFO:hf-to-gguf:blk.40.attn_output.weight,         torch.bfloat16 --> BF16, shape = {2048, 2560}
INFO:hf-to-gguf:blk.40.attn_q_norm.weight,         torch.bfloat16 --> F32, shape = {256}
INFO:hf-to-gguf:blk.40.attn_q.weight,              torch.bfloat16 --> BF16, shape = {2560, 2048}
INFO:hf-to-gguf:blk.40.attn_v.weight,              torch.bfloat16 --> BF16, shape = {2560, 512}
INFO:hf-to-gguf:blk.41.attn_norm.weight,           torch.bfloat16 --> F32, shape = {2560}
INFO:hf-to-gguf:blk.41.layer_output_scale.weight,  torch.bfloat16 --> F32, shape = {1}
INFO:hf-to-gguf:blk.41.ffn_down.weight,            torch.bfloat16 --> BF16, shape = {10240, 2560}
INFO:hf-to-gguf:blk.41.ffn_gate.weight,            torch.bfloat16 --> BF16, shape = {2560, 10240}
INFO:hf-to-gguf:blk.41.ffn_up.weight,              torch.bfloat16 --> BF16, shape = {2560, 10240}
INFO:hf-to-gguf:blk.41.inp_gate.weight,            torch.bfloat16 --> BF16, shape = {2560, 256}
INFO:hf-to-gguf:blk.41.proj.weight,                torch.bfloat16 --> BF16, shape = {256, 2560}
INFO:hf-to-gguf:blk.41.post_attention_norm.weight, torch.bfloat16 --> F32, shape = {2560}
INFO:hf-to-gguf:blk.41.post_ffw_norm.weight,       torch.bfloat16 --> F32, shape = {2560}
INFO:hf-to-gguf:blk.41.post_norm.weight,           torch.bfloat16 --> F32, shape = {2560}
INFO:hf-to-gguf:blk.41.ffn_norm.weight,            torch.bfloat16 --> F32, shape = {2560}
INFO:hf-to-gguf:blk.41.attn_k_norm.weight,         torch.bfloat16 --> F32, shape = {512}
INFO:hf-to-gguf:blk.41.attn_k.weight,              torch.bfloat16 --> BF16, shape = {2560, 1024}
INFO:hf-to-gguf:blk.41.attn_output.weight,         torch.bfloat16 --> BF16, shape = {4096, 2560}
INFO:hf-to-gguf:blk.41.attn_q_norm.weight,         torch.bfloat16 --> F32, shape = {512}
INFO:hf-to-gguf:blk.41.attn_q.weight,              torch.bfloat16 --> BF16, shape = {2560, 4096}
INFO:hf-to-gguf:blk.41.attn_v.weight,              torch.bfloat16 --> BF16, shape = {2560, 1024}
INFO:hf-to-gguf:blk.5.attn_norm.weight,            torch.bfloat16 --> F32, shape = {2560}
INFO:hf-to-gguf:blk.5.layer_output_scale.weight,   torch.bfloat16 --> F32, shape = {1}
INFO:hf-to-gguf:blk.5.ffn_down.weight,             torch.bfloat16 --> BF16, shape = {10240, 2560}
INFO:hf-to-gguf:blk.5.ffn_gate.weight,             torch.bfloat16 --> BF16, shape = {2560, 10240}
INFO:hf-to-gguf:blk.5.ffn_up.weight,               torch.bfloat16 --> BF16, shape = {2560, 10240}
INFO:hf-to-gguf:blk.5.inp_gate.weight,             torch.bfloat16 --> BF16, shape = {2560, 256}
INFO:hf-to-gguf:blk.5.proj.weight,                 torch.bfloat16 --> BF16, shape = {256, 2560}
INFO:hf-to-gguf:blk.5.post_attention_norm.weight,  torch.bfloat16 --> F32, shape = {2560}
INFO:hf-to-gguf:blk.5.post_ffw_norm.weight,        torch.bfloat16 --> F32, shape = {2560}
INFO:hf-to-gguf:blk.5.post_norm.weight,            torch.bfloat16 --> F32, shape = {2560}
INFO:hf-to-gguf:blk.5.ffn_norm.weight,             torch.bfloat16 --> F32, shape = {2560}
INFO:hf-to-gguf:blk.5.attn_k_norm.weight,          torch.bfloat16 --> F32, shape = {512}
INFO:hf-to-gguf:blk.5.attn_k.weight,               torch.bfloat16 --> BF16, shape = {2560, 1024}
INFO:hf-to-gguf:blk.5.attn_output.weight,          torch.bfloat16 --> BF16, shape = {4096, 2560}
INFO:hf-to-gguf:blk.5.attn_q_norm.weight,          torch.bfloat16 --> F32, shape = {512}
INFO:hf-to-gguf:blk.5.attn_q.weight,               torch.bfloat16 --> BF16, shape = {2560, 4096}
INFO:hf-to-gguf:blk.5.attn_v.weight,               torch.bfloat16 --> BF16, shape = {2560, 1024}
INFO:hf-to-gguf:blk.6.attn_norm.weight,            torch.bfloat16 --> F32, shape = {2560}
INFO:hf-to-gguf:blk.6.layer_output_scale.weight,   torch.bfloat16 --> F32, shape = {1}
INFO:hf-to-gguf:blk.6.ffn_down.weight,             torch.bfloat16 --> BF16, shape = {10240, 2560}
INFO:hf-to-gguf:blk.6.ffn_gate.weight,             torch.bfloat16 --> BF16, shape = {2560, 10240}
INFO:hf-to-gguf:blk.6.ffn_up.weight,               torch.bfloat16 --> BF16, shape = {2560, 10240}
INFO:hf-to-gguf:blk.6.inp_gate.weight,             torch.bfloat16 --> BF16, shape = {2560, 256}
INFO:hf-to-gguf:blk.6.proj.weight,                 torch.bfloat16 --> BF16, shape = {256, 2560}
INFO:hf-to-gguf:blk.6.post_attention_norm.weight,  torch.bfloat16 --> F32, shape = {2560}
INFO:hf-to-gguf:blk.6.post_ffw_norm.weight,        torch.bfloat16 --> F32, shape = {2560}
INFO:hf-to-gguf:blk.6.post_norm.weight,            torch.bfloat16 --> F32, shape = {2560}
INFO:hf-to-gguf:blk.6.ffn_norm.weight,             torch.bfloat16 --> F32, shape = {2560}
INFO:hf-to-gguf:blk.6.attn_k_norm.weight,          torch.bfloat16 --> F32, shape = {256}
INFO:hf-to-gguf:blk.6.attn_k.weight,               torch.bfloat16 --> BF16, shape = {2560, 512}
INFO:hf-to-gguf:blk.6.attn_output.weight,          torch.bfloat16 --> BF16, shape = {2048, 2560}
INFO:hf-to-gguf:blk.6.attn_q_norm.weight,          torch.bfloat16 --> F32, shape = {256}
INFO:hf-to-gguf:blk.6.attn_q.weight,               torch.bfloat16 --> BF16, shape = {2560, 2048}
INFO:hf-to-gguf:blk.6.attn_v.weight,               torch.bfloat16 --> BF16, shape = {2560, 512}
INFO:hf-to-gguf:blk.7.attn_norm.weight,            torch.bfloat16 --> F32, shape = {2560}
INFO:hf-to-gguf:blk.7.layer_output_scale.weight,   torch.bfloat16 --> F32, shape = {1}
INFO:hf-to-gguf:blk.7.ffn_down.weight,             torch.bfloat16 --> BF16, shape = {10240, 2560}
INFO:hf-to-gguf:blk.7.ffn_gate.weight,             torch.bfloat16 --> BF16, shape = {2560, 10240}
INFO:hf-to-gguf:blk.7.ffn_up.weight,               torch.bfloat16 --> BF16, shape = {2560, 10240}
INFO:hf-to-gguf:blk.7.inp_gate.weight,             torch.bfloat16 --> BF16, shape = {2560, 256}
INFO:hf-to-gguf:blk.7.proj.weight,                 torch.bfloat16 --> BF16, shape = {256, 2560}
INFO:hf-to-gguf:blk.7.post_attention_norm.weight,  torch.bfloat16 --> F32, shape = {2560}
INFO:hf-to-gguf:blk.7.post_ffw_norm.weight,        torch.bfloat16 --> F32, shape = {2560}
INFO:hf-to-gguf:blk.7.post_norm.weight,            torch.bfloat16 --> F32, shape = {2560}
INFO:hf-to-gguf:blk.7.ffn_norm.weight,             torch.bfloat16 --> F32, shape = {2560}
INFO:hf-to-gguf:blk.7.attn_k_norm.weight,          torch.bfloat16 --> F32, shape = {256}
INFO:hf-to-gguf:blk.7.attn_k.weight,               torch.bfloat16 --> BF16, shape = {2560, 512}
INFO:hf-to-gguf:blk.7.attn_output.weight,          torch.bfloat16 --> BF16, shape = {2048, 2560}
INFO:hf-to-gguf:blk.7.attn_q_norm.weight,          torch.bfloat16 --> F32, shape = {256}
INFO:hf-to-gguf:blk.7.attn_q.weight,               torch.bfloat16 --> BF16, shape = {2560, 2048}
INFO:hf-to-gguf:blk.7.attn_v.weight,               torch.bfloat16 --> BF16, shape = {2560, 512}
INFO:hf-to-gguf:blk.8.attn_norm.weight,            torch.bfloat16 --> F32, shape = {2560}
INFO:hf-to-gguf:blk.8.layer_output_scale.weight,   torch.bfloat16 --> F32, shape = {1}
INFO:hf-to-gguf:blk.8.ffn_down.weight,             torch.bfloat16 --> BF16, shape = {10240, 2560}
INFO:hf-to-gguf:blk.8.ffn_gate.weight,             torch.bfloat16 --> BF16, shape = {2560, 10240}
INFO:hf-to-gguf:blk.8.ffn_up.weight,               torch.bfloat16 --> BF16, shape = {2560, 10240}
INFO:hf-to-gguf:blk.8.inp_gate.weight,             torch.bfloat16 --> BF16, shape = {2560, 256}
INFO:hf-to-gguf:blk.8.proj.weight,                 torch.bfloat16 --> BF16, shape = {256, 2560}
INFO:hf-to-gguf:blk.8.post_attention_norm.weight,  torch.bfloat16 --> F32, shape = {2560}
INFO:hf-to-gguf:blk.8.post_ffw_norm.weight,        torch.bfloat16 --> F32, shape = {2560}
INFO:hf-to-gguf:blk.8.post_norm.weight,            torch.bfloat16 --> F32, shape = {2560}
INFO:hf-to-gguf:blk.8.ffn_norm.weight,             torch.bfloat16 --> F32, shape = {2560}
INFO:hf-to-gguf:blk.8.attn_k_norm.weight,          torch.bfloat16 --> F32, shape = {256}
INFO:hf-to-gguf:blk.8.attn_k.weight,               torch.bfloat16 --> BF16, shape = {2560, 512}
INFO:hf-to-gguf:blk.8.attn_output.weight,          torch.bfloat16 --> BF16, shape = {2048, 2560}
INFO:hf-to-gguf:blk.8.attn_q_norm.weight,          torch.bfloat16 --> F32, shape = {256}
INFO:hf-to-gguf:blk.8.attn_q.weight,               torch.bfloat16 --> BF16, shape = {2560, 2048}
INFO:hf-to-gguf:blk.8.attn_v.weight,               torch.bfloat16 --> BF16, shape = {2560, 512}
INFO:hf-to-gguf:blk.9.attn_norm.weight,            torch.bfloat16 --> F32, shape = {2560}
INFO:hf-to-gguf:blk.9.layer_output_scale.weight,   torch.bfloat16 --> F32, shape = {1}
INFO:hf-to-gguf:blk.9.ffn_down.weight,             torch.bfloat16 --> BF16, shape = {10240, 2560}
INFO:hf-to-gguf:blk.9.ffn_gate.weight,             torch.bfloat16 --> BF16, shape = {2560, 10240}
INFO:hf-to-gguf:blk.9.ffn_up.weight,               torch.bfloat16 --> BF16, shape = {2560, 10240}
INFO:hf-to-gguf:blk.9.inp_gate.weight,             torch.bfloat16 --> BF16, shape = {2560, 256}
INFO:hf-to-gguf:blk.9.proj.weight,                 torch.bfloat16 --> BF16, shape = {256, 2560}
INFO:hf-to-gguf:blk.9.post_attention_norm.weight,  torch.bfloat16 --> F32, shape = {2560}
INFO:hf-to-gguf:blk.9.post_ffw_norm.weight,        torch.bfloat16 --> F32, shape = {2560}
INFO:hf-to-gguf:blk.9.post_norm.weight,            torch.bfloat16 --> F32, shape = {2560}
INFO:hf-to-gguf:blk.9.ffn_norm.weight,             torch.bfloat16 --> F32, shape = {2560}
INFO:hf-to-gguf:blk.9.attn_k_norm.weight,          torch.bfloat16 --> F32, shape = {256}
INFO:hf-to-gguf:blk.9.attn_k.weight,               torch.bfloat16 --> BF16, shape = {2560, 512}
INFO:hf-to-gguf:blk.9.attn_output.weight,          torch.bfloat16 --> BF16, shape = {2048, 2560}
INFO:hf-to-gguf:blk.9.attn_q_norm.weight,          torch.bfloat16 --> F32, shape = {256}
INFO:hf-to-gguf:blk.9.attn_q.weight,               torch.bfloat16 --> BF16, shape = {2560, 2048}
INFO:hf-to-gguf:blk.9.attn_v.weight,               torch.bfloat16 --> BF16, shape = {2560, 512}
INFO:hf-to-gguf:output_norm.weight,                torch.bfloat16 --> F32, shape = {2560}
INFO:hf-to-gguf:per_layer_model_proj.weight,       torch.bfloat16 --> BF16, shape = {2560, 10752}
INFO:hf-to-gguf:per_layer_proj_norm.weight,        torch.bfloat16 --> F32, shape = {256}
INFO:hf-to-gguf:Set meta model
INFO:hf-to-gguf:Set model parameters
INFO:hf-to-gguf:gguf: context length = 131072
INFO:hf-to-gguf:gguf: embedding length = 2560
INFO:hf-to-gguf:gguf: feed forward length = 10240
INFO:hf-to-gguf:gguf: head count = 8
INFO:hf-to-gguf:gguf: key-value head count = 2
WARNING:hf-to-gguf:Unknown RoPE type: proportional
INFO:hf-to-gguf:gguf: rope scaling type = NONE
INFO:hf-to-gguf:gguf: rope theta = 1000000.0
INFO:hf-to-gguf:gguf: rope theta swa = 10000.0
INFO:hf-to-gguf:gguf: rms norm epsilon = 1e-06
INFO:hf-to-gguf:gguf: file type = 32
WARNING:gguf.gguf_writer:Duplicated key name 'gemma4.context_length', overwriting it with new value 131072 of type UINT32
WARNING:gguf.gguf_writer:Duplicated key name 'gemma4.attention.head_count', overwriting it with new value 8 of type UINT32
WARNING:gguf.gguf_writer:Duplicated key name 'gemma4.attention.layer_norm_rms_epsilon', overwriting it with new value 1e-06 of type FLOAT32
WARNING:gguf.gguf_writer:Duplicated key name 'gemma4.attention.key_length', overwriting it with new value 256 of type UINT32
WARNING:gguf.gguf_writer:Duplicated key name 'gemma4.attention.value_length', overwriting it with new value 256 of type UINT32
WARNING:gguf.gguf_writer:Duplicated key name 'gemma4.rope.freq_base', overwriting it with new value 1000000.0 of type FLOAT32
WARNING:gguf.gguf_writer:Duplicated key name 'gemma4.attention.head_count_kv', overwriting it with new value 2 of type UINT32
WARNING:gguf.gguf_writer:Duplicated key name 'gemma4.attention.key_length', overwriting it with new value 512 of type UINT32
WARNING:gguf.gguf_writer:Duplicated key name 'gemma4.attention.value_length', overwriting it with new value 512 of type UINT32
INFO:hf-to-gguf:Set model quantization version
INFO:hf-to-gguf:Set model tokenizer
INFO:hf-to-gguf:Token '<|tool_call>' is set to USER_DEFINED
INFO:hf-to-gguf:Token '<tool_call|>' is set to USER_DEFINED
INFO:hf-to-gguf:Token '<|tool_response>' is set to USER_DEFINED
INFO:hf-to-gguf:Token '<tool_response|>' is set to USER_DEFINED
INFO:hf-to-gguf:Token '<|"|>' is set to USER_DEFINED
INFO:hf-to-gguf:Token '<|channel>' is set to USER_DEFINED
INFO:hf-to-gguf:Token '<channel|>' is set to USER_DEFINED
INFO:gguf.vocab:Adding 514906 merge(s).
INFO:gguf.vocab:Setting special token type bos to 2
INFO:gguf.vocab:Setting special token type eos to 1
INFO:gguf.vocab:Setting special token type unk to 3
INFO:gguf.vocab:Setting special token type pad to 0
INFO:gguf.vocab:Setting special token type mask to 4
INFO:gguf.vocab:Setting chat_template to {#
  Template: Google Gemma 4 Canonical Chat Template
  Author: Google Gemma Engineering Team
  Published: 2026-07-09
  Context: Fixed tool-calling loops, turn closures, and thinking content-ordering.
#}
{%- macro format_parameters(properties, required, filter_keys=false) -%}
    {%- set standard_keys = ['description', 'type', 'properties', 'required', 'nullable'] -%}
    {%- set ns = namespace(found_first=false) -%}
    {%- for key, value in properties | dictsort -%}
        {%- set add_comma = false -%}
        {%- if not filter_keys or key not in standard_keys -%}
            {%- if ns.found_first %},{% endif -%}
            {%- set ns.found_first = true -%}
            {{ key }}:{
            {%- if value['description'] -%}
                description:<|"|>{{ value['description'] }}<|"|>
                {%- set add_comma = true -%}
            {%- endif -%}
            {%- if value['type'] | upper == 'STRING' -%}
                {%- if value['enum'] -%}
                    {%- if add_comma %},{%- else -%} {%- set add_comma = true -%} {% endif -%}
                    enum:{{ format_argument(value['enum']) }}
                {%- endif -%}
            {%- elif value['type'] | upper == 'ARRAY' -%}
                {%- if value['items'] is mapping and value['items'] -%}
                    {%- if add_comma %},{%- else -%} {%- set add_comma = true -%} {% endif -%}
                    items:{
                    {%- set ns_items = namespace(found_first=false) -%}
                    {%- for item_key, item_value in value['items'] | dictsort -%}
                        {%- if item_value is not none -%}
                            {%- if ns_items.found_first %},{% endif -%}
                            {%- set ns_items.found_first = true -%}
                            {%- if item_key == 'properties' -%}
                                properties:{
                                {%- if item_value is mapping -%}
                                    {{- format_parameters(item_value, value['items']['required'] | default([])) -}}
                                {%- endif -%}
                                }
                            {%- elif item_key == 'required' -%}
                                required:[
                                {%- for req_item in item_value -%}
                                    <|"|>{{- req_item -}}<|"|>
                                    {%- if not loop.last %},{% endif -%}
                                {%- endfor -%}
                                ]
                            {%- elif item_key == 'type' -%}
                                {%- if item_value is string -%}
                                    type:{{ format_argument(item_value | upper) }}
                                {%- else -%}
                                    type:{{ format_argument(item_value | map('upper') | list) }}
                                {%- endif -%}
                            {%- else -%}
                                {{ item_key }}:{{ format_argument(item_value) }}
                            {%- endif -%}
                        {%- endif -%}
                    {%- endfor -%}
                    }
                {%- endif -%}
            {%- endif -%}
            {%- if value['nullable'] %}
                {%- if add_comma %},{%- else -%} {%- set add_comma = true -%} {% endif -%}
                nullable:true
            {%- endif -%}
            {%- if value['type'] | upper == 'OBJECT' -%}
                {%- if value['properties'] is defined and value['properties'] is mapping -%}
                    {%- if add_comma %},{%- else -%} {%- set add_comma = true -%} {% endif -%}
                    properties:{
                    {{- format_parameters(value['properties'], value['required'] | default([])) -}}
                    }
                {%- elif value is mapping -%}
                    {%- if add_comma %},{%- else -%} {%- set add_comma = true -%} {% endif -%}
                    properties:{
                    {{- format_parameters(value, value['required'] | default([]), filter_keys=true) -}}
                    }
                {%- endif -%}
                {%- if value['required'] -%}
                    {%- if add_comma %},{%- else -%} {%- set add_comma = true -%} {% endif -%}
                    required:[
                    {%- for item in value['required'] | default([]) -%}
                        <|"|>{{- item -}}<|"|>
                        {%- if not loop.last %},{% endif -%}
                    {%- endfor -%}
                    ]
                {%- endif -%}
            {%- endif -%}
            {%- if add_comma %},{%- else -%} {%- set add_comma = true -%} {% endif -%}
            type:<|"|>{{ value['type'] | upper }}<|"|>}
        {%- endif -%}
    {%- endfor -%}
{%- endmacro -%}
{%- macro format_function_declaration(tool_data) -%}
    declaration:{{- tool_data['function']['name'] -}}{description:<|"|>{{- tool_data['function']['description'] -}}<|"|>
    {%- set params = tool_data['function']['parameters'] -%}
    {%- if params -%}
        ,parameters:{
        {%- if params['properties'] -%}
            properties:{ {{- format_parameters(params['properties'], params['required']) -}} },
        {%- endif -%}
        {%- if params['required'] -%}
            required:[
            {%- for item in params['required'] -%}
                <|"|>{{- item -}}<|"|>
                {{- ',' if not loop.last -}}
            {%- endfor -%}
            ],
        {%- endif -%}
        {%- if params['type'] -%}
            type:<|"|>{{- params['type'] | upper -}}<|"|>}
        {%- endif -%}
    {%- endif -%}
    {%- if 'response' in tool_data['function'] -%}
        {%- set response_declaration = tool_data['function']['response'] -%}
        ,response:{
        {%- if response_declaration['description'] -%}
            description:<|"|>{{- response_declaration['description'] -}}<|"|>,
        {%- endif -%}
        {%- if response_declaration['type'] | upper == 'OBJECT' -%}
            type:<|"|>{{- response_declaration['type'] | upper -}}<|"|>}
        {%- endif -%}
    {%- endif -%}
    }
{%- endmacro -%}
{%- macro format_argument(argument, escape_keys=True) -%}
    {%- if argument is none -%}
        {{- 'null' -}}
    {%- elif argument is string -%}
        {{- '<|"|>' + argument + '<|"|>' -}}
    {%- elif argument is boolean -%}
        {{- 'true' if argument else 'false' -}}
    {%- elif argument is mapping -%}
        {{- '{' -}}
        {%- set ns = namespace(found_first=false) -%}
        {%- for key, value in argument | dictsort -%}
            {%- if ns.found_first %},{% endif -%}
            {%- set ns.found_first = true -%}
            {%- if escape_keys -%}
                {{- '<|"|>' + key + '<|"|>' -}}
            {%- else -%}
                {{- key -}}
            {%- endif -%}
            :{{- format_argument(value, escape_keys=escape_keys) -}}
        {%- endfor -%}
        {{- '}' -}}
    {%- elif argument is sequence -%}
        {{- '[' -}}
        {%- for item in argument -%}
            {{- format_argument(item, escape_keys=escape_keys) -}}
            {%- if not loop.last %},{% endif -%}
        {%- endfor -%}
        {{- ']' -}}
    {%- else -%}
        {{- argument -}}
    {%- endif -%}
{%- endmacro -%}
{%- macro strip_thinking(text) -%}
    {%- set ns = namespace(result='') -%}
    {%- for part in text.split('<channel|>') -%}
        {%- if '<|channel>' in part -%}
            {%- set ns.result = ns.result + part.split('<|channel>')[0] -%}
        {%- else -%}
            {%- set ns.result = ns.result + part -%}
        {%- endif -%}
    {%- endfor -%}
    {{- ns.result | trim -}}
{%- endmacro -%}

{%- macro format_tool_response_block(tool_name, response) -%}
    {{- '<|tool_response>' -}}
    {%- if response is mapping -%}
        {{- 'response:' + tool_name + '{' -}}
        {%- for key, value in response | dictsort -%}
            {{- key -}}:{{- format_argument(value, escape_keys=False) -}}
            {%- if not loop.last %},{% endif -%}
        {%- endfor -%}
        {{- '}' -}}
    {%- else -%}
        {{- 'response:' + tool_name + '{value:' + format_argument(response, escape_keys=False) + '}' -}}
    {%- endif -%}
    {{- '<tool_response|>' -}}
{%- endmacro -%}

{#- ===== SETUP ===== -#}
{%- set ns = namespace(prev_message_type=None, prev_non_tool_role=None) -%}
{%- set loop_messages = messages -%}
{%- set enable_thinking = enable_thinking | default(false) -%}
{%- set preserve_thinking = preserve_thinking | default(false) -%}
{{- bos_token -}}
{#- Handle System/Tool Definitions Block -#}
{%- if enable_thinking or tools or (messages and messages[0]['role'] in ['system', 'developer']) -%}
    {{- '<|turn>system\n' -}}
    {#- Inject Thinking token at the very top of the FIRST system turn -#}
    {%- if enable_thinking -%}
        {{- '<|think|>\n' -}}
        {%- set ns.prev_message_type = 'think' -%}
    {%- endif -%}
    {%- if messages and messages[0]['role'] in ['system', 'developer'] -%}
        {%- if messages[0]['content'] is string -%}
            {{- messages[0]['content'] | trim -}}
        {%- elif messages[0]['content'] is sequence -%}
            {%- for item in messages[0]['content'] -%}
                {{- item['text'] | trim + ' '-}}
            {%- endfor -%}
        {%- endif -%}
        {%- set loop_messages = messages[1:] -%}
    {%- endif -%}
    {%- if tools -%}
        {%- for tool in tools %}
            {{- '<|tool>' -}}
            {{- format_function_declaration(tool) | trim -}}
            {{- '<tool|>' -}}
        {%- endfor %}
        {%- set ns.prev_message_type = 'tool' -%}
    {%- endif -%}
    {{- '<turn|>\n' -}}
{%- endif %}

{#- Pre-scan: find last user message index for reasoning guard -#}
{%- set ns_turn = namespace(last_user_idx=-1) -%}
{%- for i in range(loop_messages | length) -%}
    {%- if loop_messages[i]['role'] == 'user' -%}
        {%- set ns_turn.last_user_idx = i -%}
    {%- endif -%}
{%- endfor -%}

{#- Loop through messages -#}
{%- for message in loop_messages -%}
    {%- if message['role'] != 'tool' -%}
    {%- set ns.prev_message_type = None -%}
    {%- set role = 'model' if message['role'] == 'assistant' else message['role'] -%}
    {#- Detect continuation using tracked state — O(1) instead of O(n) backward scan -#}
    {%- set continue_same_model_turn = (role == 'model' and ns.prev_non_tool_role == 'assistant') -%}
    {%- if not continue_same_model_turn -%}
        {{- '<|turn>' + role + '\n' }}
    {%- endif -%}

    {#- Render reasoning/reasoning_content as thinking channel -#}
    {%- set thinking_text = message.get('reasoning') or message.get('reasoning_content') -%}
    {%- set thinking_gate = (loop.index0 > ns_turn.last_user_idx) or (preserve_thinking and message.get('tool_calls')) -%}
    {%- if thinking_text and thinking_gate -%}
        {{- '<|channel>thought\n' + thinking_text + '\n<channel|>' -}}
    {%- endif -%}

            {%- if message.get('tool_calls') -%}
                {%- for tool_call in message.get('tool_calls') -%}
                    {%- set function = tool_call['function'] -%}
                    {{- '<|tool_call>call:' + function['name'] + '{' -}}
                    {%- if function['arguments'] is mapping -%}
                        {%- set ns_args = namespace(found_first=false) -%}
                        {%- for key, value in function['arguments'] | dictsort -%}
                            {%- if ns_args.found_first %},{% endif -%}
                            {%- set ns_args.found_first = true -%}
                            {{- key -}}:{{- format_argument(value, escape_keys=False) -}}
                        {%- endfor -%}
                    {%- elif function['arguments'] is none -%}
                    {%- else -%}
                        {{- raise_exception(
                            "chat_template: tool_calls[].function.arguments must be a "
                            "JSON object (mapping), not a string. Deserialize arguments "
                            "before passing to the template."
                        ) -}}
                    {%- endif -%}
                    {{- '}<tool_call|>' -}}
                {%- endfor -%}
                {%- set ns.prev_message_type = 'tool_call' -%}
            {%- endif -%}

            {%- set ns_tr_out = namespace(flag=false) -%}
            {%- if message.get('tool_responses') -%}
                {#- Legacy: tool_responses embedded on the assistant message (Google/Gemma native) -#}
                {%- for tool_response in message.get('tool_responses') -%}
                    {{- format_tool_response_block(tool_response['name'] | default('unknown', true), tool_response['response']) -}}
                    {%- set ns_tr_out.flag = true -%}
                    {%- set ns.prev_message_type = 'tool_response' -%}
                {%- endfor -%}
            {%- elif message.get('tool_calls') -%}
                {#- OpenAI Chat Completions: forward-scan consecutive role:tool messages -#}
                {%- set ns_tool_scan = namespace(stopped=false) -%}
                {%- for k in range(loop.index0 + 1, loop_messages | length) -%}
                    {%- if ns_tool_scan.stopped -%}
                    {%- elif loop_messages[k]['role'] != 'tool' -%}
                        {%- set ns_tool_scan.stopped = true -%}
                    {%- else -%}
                        {%- set follow = loop_messages[k] -%}
                        {#- Resolve tool_call_id to function name -#}
                        {%- set ns_tname = namespace(name=follow.get('name') or 'unknown') -%}
                        {%- for tc in message.get('tool_calls') -%}
                            {%- if tc.get('id') == follow.get('tool_call_id') -%}
                                {%- set ns_tname.name = tc['function']['name'] -%}
                            {%- endif -%}
                        {%- endfor -%}
                        {#- Handle content as string or content-parts array -#}
                        {%- set tool_body = follow.get('content') -%}
                        {%- if tool_body is string -%}
                            {{- format_tool_response_block(ns_tname.name, tool_body) -}}
                        {%- elif tool_body is sequence and tool_body is not string -%}
                            {%- set ns_txt = namespace(s='') -%}
                            {%- for part in tool_body -%}
                                {%- if part.get('type') == 'text' -%}
                                    {%- set ns_txt.s = ns_txt.s + (part.get('text') | default('')) -%}
                                {%- endif -%}
                            {%- endfor -%}
                            {{- format_tool_response_block(ns_tname.name, ns_txt.s) -}}
                            {%- for part in tool_body -%}
                                {%- if part.get('type') in ['image', 'image_url'] -%}
                                    {{- '<|image|>' -}}
                                {%- elif part.get('type') in ['audio', 'input_audio'] -%}
                                    {{- '<|audio|>' -}}
                                {%- elif part.get('type') == 'video' -%}
                                    {{- '<|video|>' -}}
                                {%- endif -%}
                            {%- endfor -%}
                        {%- else -%}
                            {{- format_tool_response_block(ns_tname.name, tool_body) -}}
                        {%- endif -%}
                        {%- set ns_tr_out.flag = true -%}
                        {%- set ns.prev_message_type = 'tool_response' -%}
                    {%- endif -%}
                {%- endfor -%}
            {%- endif -%}

            {%- set captured_content -%}
            {%- if message.get('content') is string -%}
                {%- if role == 'model' -%}
                    {{- strip_thinking(message['content']) -}}
                {%- else -%}
                    {{- message['content'] | trim -}}
                {%- endif -%}
            {%- elif message.get('content') is sequence -%}
                {%- for item in message['content'] -%}
                    {%- if item.get('type') == 'text' -%}
                        {%- if role == 'model' -%}
                            {{- strip_thinking(item['text']) -}}
                        {%- else -%}
                            {{- item['text'] | trim -}}
                        {%- endif -%}
                    {%- elif item.get('type') in ['image', 'image_url'] -%}
                        {{- '<|image|>' -}}
                    {%- elif item.get('type') in ['audio', 'input_audio'] -%}
                        {{- '<|audio|>' -}}
                    {%- elif item.get('type') == 'video' -%}
                        {{- '<|video|>' -}}
                    {%- endif -%}
                {%- endfor -%}
            {%- endif -%}
            {%- endset -%}

            {{- captured_content -}}
            {%- set has_content = captured_content | trim | length > 0 -%}

        {#- Forward-scan: find next non-tool message role for continuation detection -#}
        {%- set next_nt = namespace(role=None, found=false) -%}
        {%- for j in range(loop.index0 + 1, loop_messages | length) -%}
            {%- if not next_nt.found -%}
                {%- if loop_messages[j]['role'] != 'tool' -%}
                    {%- set next_nt.role = loop_messages[j]['role'] -%}
                    {%- set next_nt.found = true -%}
                {%- endif -%}
            {%- endif -%}
        {%- endfor -%}

        {%- set continues_into_next = (
            role == 'model'
            and next_nt.role == 'assistant'
            and (not message.get('tool_calls') or ns_tr_out.flag)
        ) -%}

        {%- if ns.prev_message_type == 'tool_call' and not ns_tr_out.flag -%}
            {{- '<|tool_response>' -}}
        {%- elif continues_into_next -%}
        {%- elif not (ns_tr_out.flag and not has_content and not next_nt.found) -%}
            {{- '<turn|>\n' -}}
        {%- endif -%}

    {#- Track previous non-tool role for next iteration (avoids O(n) backward scan) -#}
    {%- set ns.prev_non_tool_role = message['role'] -%}
    {%- endif -%}
{%- endfor -%}

{%- if add_generation_prompt -%}
    {%- if ns.prev_message_type != 'tool_response' and ns.prev_message_type != 'tool_call' -%}
        {{- '<|turn>model\n' -}}
    {%- elif ns.prev_message_type == 'tool_response' and enable_thinking -%}
        {{- '<|channel>thought\n' -}}
    {%- endif -%}
{%- endif -%}

INFO:gguf.gguf_writer:Writing the following files:
INFO:gguf.gguf_writer:upload-gemma_4_E4B_it/gemma-4-E4B-it-BF16.gguf: n_tensors = 720, total_size = 15.0G

Writing:   0%|          | 0.00/15.0G [00:00<?, ?byte/s][A
Writing:   9%|▉         | 1.34G/15.0G [00:03<00:32, 416Mbyte/s][A
Writing:  46%|████▋     | 6.98G/15.0G [00:16<00:19, 417Mbyte/s][A
Writing:  49%|████▉     | 7.40G/15.0G [00:18<00:19, 385Mbyte/s][A
Writing:  52%|█████▏    | 7.86G/15.0G [00:19<00:18, 391Mbyte/s][A
Writing:  55%|█████▌    | 8.31G/15.0G [00:20<00:16, 398Mbyte/s][A
Writing:  58%|█████▊    | 8.79G/15.0G [00:21<00:15, 406Mbyte/s][A
Writing:  61%|██████▏   | 9.24G/15.0G [00:22<00:13, 414Mbyte/s][A
Writing:  65%|██████▍   | 9.74G/15.0G [00:23<00:12, 427Mbyte/s][A
Writing:  68%|██████▊   | 10.2G/15.0G [00:24<00:11, 434Mbyte/s][A
Writing:  71%|███████   | 10.7G/15.0G [00:26<00:09, 436Mbyte/s][A
Writing:  74%|███████▍  | 11.2G/15.0G [00:27<00:08, 433Mbyte/s][A
Writing:  77%|███████▋  | 11.6G/15.0G [00:28<00:07, 437Mbyte/s][A
Writing:  80%|████████  | 12.1G/15.0G [00:29<00:06, 439Mbyte/s][A
Writing:  83%|████████▎ | 12.5G/15.0G [00:30<00:05, 438Mbyte/s][A
Writing:  86%|████████▋ | 13.0G/15.0G [00:31<00:04, 439Mbyte/s][A
Writing:  89%|████████▉ | 13.4G/15.0G [00:32<00:03, 434Mbyte/s][A
Writing:  93%|█████████▎| 13.9G/15.0G [00:33<00:02, 440Mbyte/s][A
Writing:  96%|█████████▌| 14.4G/15.0G [00:34<00:01, 442Mbyte/s][A
Writing:  99%|█████████▊| 14.8G/15.0G [00:35<00:00, 444Mbyte/s][AWriting: 100%|██████████| 15.0G/15.0G [00:35<00:00, 419Mbyte/s]
INFO:hf-to-gguf:Model successfully exported to upload-gemma_4_E4B_it/gemma-4-E4B-it-BF16.gguf
+ python3 ./llama.cpp/convert_hf_to_gguf.py ./model-temp-gemma_4_E4B_it-PRIMARY --outtype bf16 --outfile ./upload-gemma_4_E4B_it/mmproj-gemma-4-E4B-it-BF16.gguf --mmproj --model-name gemma-4-E4B-it
INFO:hf-to-gguf:Loading model: model-temp-gemma_4_E4B_it-PRIMARY
INFO:hf-to-gguf:Model architecture: Gemma4ForConditionalGeneration
INFO:hf-to-gguf:gguf: indexing model part 'model.safetensors'
INFO:gguf.gguf_writer:gguf: This GGUF file is for Little Endian only
INFO:hf-to-gguf:Exporting model...
INFO:hf-to-gguf:a.blk.0.ffn_up.input_max,              torch.bfloat16 --> F32, shape = {1}
INFO:hf-to-gguf:a.blk.0.ffn_up.input_min,              torch.bfloat16 --> F32, shape = {1}
INFO:hf-to-gguf:a.blk.0.ffn_up.weight,                 torch.bfloat16 --> BF16, shape = {1024, 4096}
INFO:hf-to-gguf:a.blk.0.ffn_up.output_max,             torch.bfloat16 --> F32, shape = {1}
INFO:hf-to-gguf:a.blk.0.ffn_up.output_min,             torch.bfloat16 --> F32, shape = {1}
INFO:hf-to-gguf:a.blk.0.ffn_down.input_max,            torch.bfloat16 --> F32, shape = {1}
INFO:hf-to-gguf:a.blk.0.ffn_down.input_min,            torch.bfloat16 --> F32, shape = {1}
INFO:hf-to-gguf:a.blk.0.ffn_down.weight,               torch.bfloat16 --> BF16, shape = {4096, 1024}
INFO:hf-to-gguf:a.blk.0.ffn_down.output_max,           torch.bfloat16 --> F32, shape = {1}
INFO:hf-to-gguf:a.blk.0.ffn_down.output_min,           torch.bfloat16 --> F32, shape = {1}
INFO:hf-to-gguf:a.blk.0.ffn_post_norm.weight,          torch.bfloat16 --> F32, shape = {1024}
INFO:hf-to-gguf:a.blk.0.ffn_norm.weight,               torch.bfloat16 --> F32, shape = {1024}
INFO:hf-to-gguf:a.blk.0.ffn_up_1.input_max,            torch.bfloat16 --> F32, shape = {1}
INFO:hf-to-gguf:a.blk.0.ffn_up_1.input_min,            torch.bfloat16 --> F32, shape = {1}
INFO:hf-to-gguf:a.blk.0.ffn_up_1.weight,               torch.bfloat16 --> BF16, shape = {1024, 4096}
INFO:hf-to-gguf:a.blk.0.ffn_up_1.output_max,           torch.bfloat16 --> F32, shape = {1}
INFO:hf-to-gguf:a.blk.0.ffn_up_1.output_min,           torch.bfloat16 --> F32, shape = {1}
INFO:hf-to-gguf:a.blk.0.ffn_down_1.input_max,          torch.bfloat16 --> F32, shape = {1}
INFO:hf-to-gguf:a.blk.0.ffn_down_1.input_min,          torch.bfloat16 --> F32, shape = {1}
INFO:hf-to-gguf:a.blk.0.ffn_down_1.weight,             torch.bfloat16 --> BF16, shape = {4096, 1024}
INFO:hf-to-gguf:a.blk.0.ffn_down_1.output_max,         torch.bfloat16 --> F32, shape = {1}
INFO:hf-to-gguf:a.blk.0.ffn_down_1.output_min,         torch.bfloat16 --> F32, shape = {1}
INFO:hf-to-gguf:a.blk.0.ffn_post_norm_1.weight,        torch.bfloat16 --> F32, shape = {1024}
INFO:hf-to-gguf:a.blk.0.ffn_norm_1.weight,             torch.bfloat16 --> F32, shape = {1024}
INFO:hf-to-gguf:a.blk.0.norm_conv.weight,              torch.bfloat16 --> F32, shape = {1024}
INFO:hf-to-gguf:a.blk.0.conv_dw.weight,                torch.bfloat16 --> F32, shape = {5, 1024}
INFO:hf-to-gguf:a.blk.0.conv_pw2.input_max,            torch.bfloat16 --> F32, shape = {1}
INFO:hf-to-gguf:a.blk.0.conv_pw2.input_min,            torch.bfloat16 --> F32, shape = {1}
INFO:hf-to-gguf:a.blk.0.conv_pw2.weight,               torch.bfloat16 --> BF16, shape = {1024, 1024}
INFO:hf-to-gguf:a.blk.0.conv_pw2.output_max,           torch.bfloat16 --> F32, shape = {1}
INFO:hf-to-gguf:a.blk.0.conv_pw2.output_min,           torch.bfloat16 --> F32, shape = {1}
INFO:hf-to-gguf:a.blk.0.conv_pw1.input_max,            torch.bfloat16 --> F32, shape = {1}
INFO:hf-to-gguf:a.blk.0.conv_pw1.input_min,            torch.bfloat16 --> F32, shape = {1}
INFO:hf-to-gguf:a.blk.0.conv_pw1.weight,               torch.bfloat16 --> BF16, shape = {1024, 2048}
INFO:hf-to-gguf:a.blk.0.conv_pw1.output_max,           torch.bfloat16 --> F32, shape = {1}
INFO:hf-to-gguf:a.blk.0.conv_pw1.output_min,           torch.bfloat16 --> F32, shape = {1}
INFO:hf-to-gguf:a.blk.0.conv_norm.weight,              torch.bfloat16 --> F32, shape = {1024}
INFO:hf-to-gguf:a.blk.0.ln2.weight,                    torch.bfloat16 --> F32, shape = {1024}
INFO:hf-to-gguf:a.blk.0.attn_post_norm.weight,         torch.bfloat16 --> F32, shape = {1024}
INFO:hf-to-gguf:a.blk.0.attn_pre_norm.weight,          torch.bfloat16 --> F32, shape = {1024}
INFO:hf-to-gguf:a.blk.0.attn_k.input_max,              torch.bfloat16 --> F32, shape = {1}
INFO:hf-to-gguf:a.blk.0.attn_k.input_min,              torch.bfloat16 --> F32, shape = {1}
INFO:hf-to-gguf:a.blk.0.attn_k.weight,                 torch.bfloat16 --> BF16, shape = {1024, 1024}
INFO:hf-to-gguf:a.blk.0.attn_k.output_max,             torch.bfloat16 --> F32, shape = {1}
INFO:hf-to-gguf:a.blk.0.attn_k.output_min,             torch.bfloat16 --> F32, shape = {1}
INFO:hf-to-gguf:a.blk.0.per_dim_scale.weight,          torch.bfloat16 --> F32, shape = {128}
INFO:hf-to-gguf:a.blk.0.attn_out.input_max,            torch.bfloat16 --> F32, shape = {1}
INFO:hf-to-gguf:a.blk.0.attn_out.input_min,            torch.bfloat16 --> F32, shape = {1}
INFO:hf-to-gguf:a.blk.0.attn_out.weight,               torch.bfloat16 --> BF16, shape = {1024, 1024}
INFO:hf-to-gguf:a.blk.0.attn_out.output_max,           torch.bfloat16 --> F32, shape = {1}
INFO:hf-to-gguf:a.blk.0.attn_out.output_min,           torch.bfloat16 --> F32, shape = {1}
INFO:hf-to-gguf:a.blk.0.attn_q.input_max,              torch.bfloat16 --> F32, shape = {1}
INFO:hf-to-gguf:a.blk.0.attn_q.input_min,              torch.bfloat16 --> F32, shape = {1}
INFO:hf-to-gguf:a.blk.0.attn_q.weight,                 torch.bfloat16 --> BF16, shape = {1024, 1024}
INFO:hf-to-gguf:a.blk.0.attn_q.output_max,             torch.bfloat16 --> F32, shape = {1}
INFO:hf-to-gguf:a.blk.0.attn_q.output_min,             torch.bfloat16 --> F32, shape = {1}
INFO:hf-to-gguf:a.blk.0.attn_k_rel.weight,             torch.bfloat16 --> BF16, shape = {1024, 1024}
INFO:hf-to-gguf:a.blk.0.attn_v.input_max,              torch.bfloat16 --> F32, shape = {1}
INFO:hf-to-gguf:a.blk.0.attn_v.input_min,              torch.bfloat16 --> F32, shape = {1}
INFO:hf-to-gguf:a.blk.0.attn_v.weight,                 torch.bfloat16 --> BF16, shape = {1024, 1024}
INFO:hf-to-gguf:a.blk.0.attn_v.output_max,             torch.bfloat16 --> F32, shape = {1}
INFO:hf-to-gguf:a.blk.0.attn_v.output_min,             torch.bfloat16 --> F32, shape = {1}
INFO:hf-to-gguf:a.blk.1.ffn_up.input_max,              torch.bfloat16 --> F32, shape = {1}
INFO:hf-to-gguf:a.blk.1.ffn_up.input_min,              torch.bfloat16 --> F32, shape = {1}
INFO:hf-to-gguf:a.blk.1.ffn_up.weight,                 torch.bfloat16 --> BF16, shape = {1024, 4096}
INFO:hf-to-gguf:a.blk.1.ffn_up.output_max,             torch.bfloat16 --> F32, shape = {1}
INFO:hf-to-gguf:a.blk.1.ffn_up.output_min,             torch.bfloat16 --> F32, shape = {1}
INFO:hf-to-gguf:a.blk.1.ffn_down.input_max,            torch.bfloat16 --> F32, shape = {1}
INFO:hf-to-gguf:a.blk.1.ffn_down.input_min,            torch.bfloat16 --> F32, shape = {1}
INFO:hf-to-gguf:a.blk.1.ffn_down.weight,               torch.bfloat16 --> BF16, shape = {4096, 1024}
INFO:hf-to-gguf:a.blk.1.ffn_down.output_max,           torch.bfloat16 --> F32, shape = {1}
INFO:hf-to-gguf:a.blk.1.ffn_down.output_min,           torch.bfloat16 --> F32, shape = {1}
INFO:hf-to-gguf:a.blk.1.ffn_post_norm.weight,          torch.bfloat16 --> F32, shape = {1024}
INFO:hf-to-gguf:a.blk.1.ffn_norm.weight,               torch.bfloat16 --> F32, shape = {1024}
INFO:hf-to-gguf:a.blk.1.ffn_up_1.input_max,            torch.bfloat16 --> F32, shape = {1}
INFO:hf-to-gguf:a.blk.1.ffn_up_1.input_min,            torch.bfloat16 --> F32, shape = {1}
INFO:hf-to-gguf:a.blk.1.ffn_up_1.weight,               torch.bfloat16 --> BF16, shape = {1024, 4096}
INFO:hf-to-gguf:a.blk.1.ffn_up_1.output_max,           torch.bfloat16 --> F32, shape = {1}
INFO:hf-to-gguf:a.blk.1.ffn_up_1.output_min,           torch.bfloat16 --> F32, shape = {1}
INFO:hf-to-gguf:a.blk.1.ffn_down_1.input_max,          torch.bfloat16 --> F32, shape = {1}
INFO:hf-to-gguf:a.blk.1.ffn_down_1.input_min,          torch.bfloat16 --> F32, shape = {1}
INFO:hf-to-gguf:a.blk.1.ffn_down_1.weight,             torch.bfloat16 --> BF16, shape = {4096, 1024}
INFO:hf-to-gguf:a.blk.1.ffn_down_1.output_max,         torch.bfloat16 --> F32, shape = {1}
INFO:hf-to-gguf:a.blk.1.ffn_down_1.output_min,         torch.bfloat16 --> F32, shape = {1}
INFO:hf-to-gguf:a.blk.1.ffn_post_norm_1.weight,        torch.bfloat16 --> F32, shape = {1024}
INFO:hf-to-gguf:a.blk.1.ffn_norm_1.weight,             torch.bfloat16 --> F32, shape = {1024}
INFO:hf-to-gguf:a.blk.1.norm_conv.weight,              torch.bfloat16 --> F32, shape = {1024}
INFO:hf-to-gguf:a.blk.1.conv_dw.weight,                torch.bfloat16 --> F32, shape = {5, 1024}
INFO:hf-to-gguf:a.blk.1.conv_pw2.input_max,            torch.bfloat16 --> F32, shape = {1}
INFO:hf-to-gguf:a.blk.1.conv_pw2.input_min,            torch.bfloat16 --> F32, shape = {1}
INFO:hf-to-gguf:a.blk.1.conv_pw2.weight,               torch.bfloat16 --> BF16, shape = {1024, 1024}
INFO:hf-to-gguf:a.blk.1.conv_pw2.output_max,           torch.bfloat16 --> F32, shape = {1}
INFO:hf-to-gguf:a.blk.1.conv_pw2.output_min,           torch.bfloat16 --> F32, shape = {1}
INFO:hf-to-gguf:a.blk.1.conv_pw1.input_max,            torch.bfloat16 --> F32, shape = {1}
INFO:hf-to-gguf:a.blk.1.conv_pw1.input_min,            torch.bfloat16 --> F32, shape = {1}
INFO:hf-to-gguf:a.blk.1.conv_pw1.weight,               torch.bfloat16 --> BF16, shape = {1024, 2048}
INFO:hf-to-gguf:a.blk.1.conv_pw1.output_max,           torch.bfloat16 --> F32, shape = {1}
INFO:hf-to-gguf:a.blk.1.conv_pw1.output_min,           torch.bfloat16 --> F32, shape = {1}
INFO:hf-to-gguf:a.blk.1.conv_norm.weight,              torch.bfloat16 --> F32, shape = {1024}
INFO:hf-to-gguf:a.blk.1.ln2.weight,                    torch.bfloat16 --> F32, shape = {1024}
INFO:hf-to-gguf:a.blk.1.attn_post_norm.weight,         torch.bfloat16 --> F32, shape = {1024}
INFO:hf-to-gguf:a.blk.1.attn_pre_norm.weight,          torch.bfloat16 --> F32, shape = {1024}
INFO:hf-to-gguf:a.blk.1.attn_k.input_max,              torch.bfloat16 --> F32, shape = {1}
INFO:hf-to-gguf:a.blk.1.attn_k.input_min,              torch.bfloat16 --> F32, shape = {1}
INFO:hf-to-gguf:a.blk.1.attn_k.weight,                 torch.bfloat16 --> BF16, shape = {1024, 1024}
INFO:hf-to-gguf:a.blk.1.attn_k.output_max,             torch.bfloat16 --> F32, shape = {1}
INFO:hf-to-gguf:a.blk.1.attn_k.output_min,             torch.bfloat16 --> F32, shape = {1}
INFO:hf-to-gguf:a.blk.1.per_dim_scale.weight,          torch.bfloat16 --> F32, shape = {128}
INFO:hf-to-gguf:a.blk.1.attn_out.input_max,            torch.bfloat16 --> F32, shape = {1}
INFO:hf-to-gguf:a.blk.1.attn_out.input_min,            torch.bfloat16 --> F32, shape = {1}
INFO:hf-to-gguf:a.blk.1.attn_out.weight,               torch.bfloat16 --> BF16, shape = {1024, 1024}
INFO:hf-to-gguf:a.blk.1.attn_out.output_max,           torch.bfloat16 --> F32, shape = {1}
INFO:hf-to-gguf:a.blk.1.attn_out.output_min,           torch.bfloat16 --> F32, shape = {1}
INFO:hf-to-gguf:a.blk.1.attn_q.input_max,              torch.bfloat16 --> F32, shape = {1}
INFO:hf-to-gguf:a.blk.1.attn_q.input_min,              torch.bfloat16 --> F32, shape = {1}
INFO:hf-to-gguf:a.blk.1.attn_q.weight,                 torch.bfloat16 --> BF16, shape = {1024, 1024}
INFO:hf-to-gguf:a.blk.1.attn_q.output_max,             torch.bfloat16 --> F32, shape = {1}
INFO:hf-to-gguf:a.blk.1.attn_q.output_min,             torch.bfloat16 --> F32, shape = {1}
INFO:hf-to-gguf:a.blk.1.attn_k_rel.weight,             torch.bfloat16 --> BF16, shape = {1024, 1024}
INFO:hf-to-gguf:a.blk.1.attn_v.input_max,              torch.bfloat16 --> F32, shape = {1}
INFO:hf-to-gguf:a.blk.1.attn_v.input_min,              torch.bfloat16 --> F32, shape = {1}
INFO:hf-to-gguf:a.blk.1.attn_v.weight,                 torch.bfloat16 --> BF16, shape = {1024, 1024}
INFO:hf-to-gguf:a.blk.1.attn_v.output_max,             torch.bfloat16 --> F32, shape = {1}
INFO:hf-to-gguf:a.blk.1.attn_v.output_min,             torch.bfloat16 --> F32, shape = {1}
INFO:hf-to-gguf:a.blk.10.ffn_up.input_max,             torch.bfloat16 --> F32, shape = {1}
INFO:hf-to-gguf:a.blk.10.ffn_up.input_min,             torch.bfloat16 --> F32, shape = {1}
INFO:hf-to-gguf:a.blk.10.ffn_up.weight,                torch.bfloat16 --> BF16, shape = {1024, 4096}
INFO:hf-to-gguf:a.blk.10.ffn_up.output_max,            torch.bfloat16 --> F32, shape = {1}
INFO:hf-to-gguf:a.blk.10.ffn_up.output_min,            torch.bfloat16 --> F32, shape = {1}
INFO:hf-to-gguf:a.blk.10.ffn_down.input_max,           torch.bfloat16 --> F32, shape = {1}
INFO:hf-to-gguf:a.blk.10.ffn_down.input_min,           torch.bfloat16 --> F32, shape = {1}
INFO:hf-to-gguf:a.blk.10.ffn_down.weight,              torch.bfloat16 --> BF16, shape = {4096, 1024}
INFO:hf-to-gguf:a.blk.10.ffn_down.output_max,          torch.bfloat16 --> F32, shape = {1}
INFO:hf-to-gguf:a.blk.10.ffn_down.output_min,          torch.bfloat16 --> F32, shape = {1}
INFO:hf-to-gguf:a.blk.10.ffn_post_norm.weight,         torch.bfloat16 --> F32, shape = {1024}
INFO:hf-to-gguf:a.blk.10.ffn_norm.weight,              torch.bfloat16 --> F32, shape = {1024}
INFO:hf-to-gguf:a.blk.10.ffn_up_1.input_max,           torch.bfloat16 --> F32, shape = {1}
INFO:hf-to-gguf:a.blk.10.ffn_up_1.input_min,           torch.bfloat16 --> F32, shape = {1}
INFO:hf-to-gguf:a.blk.10.ffn_up_1.weight,              torch.bfloat16 --> BF16, shape = {1024, 4096}
INFO:hf-to-gguf:a.blk.10.ffn_up_1.output_max,          torch.bfloat16 --> F32, shape = {1}
INFO:hf-to-gguf:a.blk.10.ffn_up_1.output_min,          torch.bfloat16 --> F32, shape = {1}
INFO:hf-to-gguf:a.blk.10.ffn_down_1.input_max,         torch.bfloat16 --> F32, shape = {1}
INFO:hf-to-gguf:a.blk.10.ffn_down_1.input_min,         torch.bfloat16 --> F32, shape = {1}
INFO:hf-to-gguf:a.blk.10.ffn_down_1.weight,            torch.bfloat16 --> BF16, shape = {4096, 1024}
INFO:hf-to-gguf:a.blk.10.ffn_down_1.output_max,        torch.bfloat16 --> F32, shape = {1}
INFO:hf-to-gguf:a.blk.10.ffn_down_1.output_min,        torch.bfloat16 --> F32, shape = {1}
INFO:hf-to-gguf:a.blk.10.ffn_post_norm_1.weight,       torch.bfloat16 --> F32, shape = {1024}
INFO:hf-to-gguf:a.blk.10.ffn_norm_1.weight,            torch.bfloat16 --> F32, shape = {1024}
INFO:hf-to-gguf:a.blk.10.norm_conv.weight,             torch.bfloat16 --> F32, shape = {1024}
INFO:hf-to-gguf:a.blk.10.conv_dw.weight,               torch.bfloat16 --> F32, shape = {5, 1024}
INFO:hf-to-gguf:a.blk.10.conv_pw2.input_max,           torch.bfloat16 --> F32, shape = {1}
INFO:hf-to-gguf:a.blk.10.conv_pw2.input_min,           torch.bfloat16 --> F32, shape = {1}
INFO:hf-to-gguf:a.blk.10.conv_pw2.weight,              torch.bfloat16 --> BF16, shape = {1024, 1024}
INFO:hf-to-gguf:a.blk.10.conv_pw2.output_max,          torch.bfloat16 --> F32, shape = {1}
INFO:hf-to-gguf:a.blk.10.conv_pw2.output_min,          torch.bfloat16 --> F32, shape = {1}
INFO:hf-to-gguf:a.blk.10.conv_pw1.input_max,           torch.bfloat16 --> F32, shape = {1}
INFO:hf-to-gguf:a.blk.10.conv_pw1.input_min,           torch.bfloat16 --> F32, shape = {1}
INFO:hf-to-gguf:a.blk.10.conv_pw1.weight,              torch.bfloat16 --> BF16, shape = {1024, 2048}
INFO:hf-to-gguf:a.blk.10.conv_pw1.output_max,          torch.bfloat16 --> F32, shape = {1}
INFO:hf-to-gguf:a.blk.10.conv_pw1.output_min,          torch.bfloat16 --> F32, shape = {1}
INFO:hf-to-gguf:a.blk.10.conv_norm.weight,             torch.bfloat16 --> F32, shape = {1024}
INFO:hf-to-gguf:a.blk.10.ln2.weight,                   torch.bfloat16 --> F32, shape = {1024}
INFO:hf-to-gguf:a.blk.10.attn_post_norm.weight,        torch.bfloat16 --> F32, shape = {1024}
INFO:hf-to-gguf:a.blk.10.attn_pre_norm.weight,         torch.bfloat16 --> F32, shape = {1024}
INFO:hf-to-gguf:a.blk.10.attn_k.input_max,             torch.bfloat16 --> F32, shape = {1}
INFO:hf-to-gguf:a.blk.10.attn_k.input_min,             torch.bfloat16 --> F32, shape = {1}
INFO:hf-to-gguf:a.blk.10.attn_k.weight,                torch.bfloat16 --> BF16, shape = {1024, 1024}
INFO:hf-to-gguf:a.blk.10.attn_k.output_max,            torch.bfloat16 --> F32, shape = {1}
INFO:hf-to-gguf:a.blk.10.attn_k.output_min,            torch.bfloat16 --> F32, shape = {1}
INFO:hf-to-gguf:a.blk.10.per_dim_scale.weight,         torch.bfloat16 --> F32, shape = {128}
INFO:hf-to-gguf:a.blk.10.attn_out.input_max,           torch.bfloat16 --> F32, shape = {1}
INFO:hf-to-gguf:a.blk.10.attn_out.input_min,           torch.bfloat16 --> F32, shape = {1}
INFO:hf-to-gguf:a.blk.10.attn_out.weight,              torch.bfloat16 --> BF16, shape = {1024, 1024}
INFO:hf-to-gguf:a.blk.10.attn_out.output_max,          torch.bfloat16 --> F32, shape = {1}
INFO:hf-to-gguf:a.blk.10.attn_out.output_min,          torch.bfloat16 --> F32, shape = {1}
INFO:hf-to-gguf:a.blk.10.attn_q.input_max,             torch.bfloat16 --> F32, shape = {1}
INFO:hf-to-gguf:a.blk.10.attn_q.input_min,             torch.bfloat16 --> F32, shape = {1}
INFO:hf-to-gguf:a.blk.10.attn_q.weight,                torch.bfloat16 --> BF16, shape = {1024, 1024}
INFO:hf-to-gguf:a.blk.10.attn_q.output_max,            torch.bfloat16 --> F32, shape = {1}
INFO:hf-to-gguf:a.blk.10.attn_q.output_min,            torch.bfloat16 --> F32, shape = {1}
INFO:hf-to-gguf:a.blk.10.attn_k_rel.weight,            torch.bfloat16 --> BF16, shape = {1024, 1024}
INFO:hf-to-gguf:a.blk.10.attn_v.input_max,             torch.bfloat16 --> F32, shape = {1}
INFO:hf-to-gguf:a.blk.10.attn_v.input_min,             torch.bfloat16 --> F32, shape = {1}
INFO:hf-to-gguf:a.blk.10.attn_v.weight,                torch.bfloat16 --> BF16, shape = {1024, 1024}
INFO:hf-to-gguf:a.blk.10.attn_v.output_max,            torch.bfloat16 --> F32, shape = {1}
INFO:hf-to-gguf:a.blk.10.attn_v.output_min,            torch.bfloat16 --> F32, shape = {1}
INFO:hf-to-gguf:a.blk.11.ffn_up.input_max,             torch.bfloat16 --> F32, shape = {1}
INFO:hf-to-gguf:a.blk.11.ffn_up.input_min,             torch.bfloat16 --> F32, shape = {1}
INFO:hf-to-gguf:a.blk.11.ffn_up.weight,                torch.bfloat16 --> BF16, shape = {1024, 4096}
INFO:hf-to-gguf:a.blk.11.ffn_up.output_max,            torch.bfloat16 --> F32, shape = {1}
INFO:hf-to-gguf:a.blk.11.ffn_up.output_min,            torch.bfloat16 --> F32, shape = {1}
INFO:hf-to-gguf:a.blk.11.ffn_down.input_max,           torch.bfloat16 --> F32, shape = {1}
INFO:hf-to-gguf:a.blk.11.ffn_down.input_min,           torch.bfloat16 --> F32, shape = {1}
INFO:hf-to-gguf:a.blk.11.ffn_down.weight,              torch.bfloat16 --> BF16, shape = {4096, 1024}
INFO:hf-to-gguf:a.blk.11.ffn_down.output_max,          torch.bfloat16 --> F32, shape = {1}
INFO:hf-to-gguf:a.blk.11.ffn_down.output_min,          torch.bfloat16 --> F32, shape = {1}
INFO:hf-to-gguf:a.blk.11.ffn_post_norm.weight,         torch.bfloat16 --> F32, shape = {1024}
INFO:hf-to-gguf:a.blk.11.ffn_norm.weight,              torch.bfloat16 --> F32, shape = {1024}
INFO:hf-to-gguf:a.blk.11.ffn_up_1.input_max,           torch.bfloat16 --> F32, shape = {1}
INFO:hf-to-gguf:a.blk.11.ffn_up_1.input_min,           torch.bfloat16 --> F32, shape = {1}
INFO:hf-to-gguf:a.blk.11.ffn_up_1.weight,              torch.bfloat16 --> BF16, shape = {1024, 4096}
INFO:hf-to-gguf:a.blk.11.ffn_up_1.output_max,          torch.bfloat16 --> F32, shape = {1}
INFO:hf-to-gguf:a.blk.11.ffn_up_1.output_min,          torch.bfloat16 --> F32, shape = {1}
INFO:hf-to-gguf:a.blk.11.ffn_down_1.input_max,         torch.bfloat16 --> F32, shape = {1}
INFO:hf-to-gguf:a.blk.11.ffn_down_1.input_min,         torch.bfloat16 --> F32, shape = {1}
INFO:hf-to-gguf:a.blk.11.ffn_down_1.weight,            torch.bfloat16 --> BF16, shape = {4096, 1024}
INFO:hf-to-gguf:a.blk.11.ffn_down_1.output_max,        torch.bfloat16 --> F32, shape = {1}
INFO:hf-to-gguf:a.blk.11.ffn_down_1.output_min,        torch.bfloat16 --> F32, shape = {1}
INFO:hf-to-gguf:a.blk.11.ffn_post_norm_1.weight,       torch.bfloat16 --> F32, shape = {1024}
INFO:hf-to-gguf:a.blk.11.ffn_norm_1.weight,            torch.bfloat16 --> F32, shape = {1024}
INFO:hf-to-gguf:a.blk.11.norm_conv.weight,             torch.bfloat16 --> F32, shape = {1024}
INFO:hf-to-gguf:a.blk.11.conv_dw.weight,               torch.bfloat16 --> F32, shape = {5, 1024}
INFO:hf-to-gguf:a.blk.11.conv_pw2.input_max,           torch.bfloat16 --> F32, shape = {1}
INFO:hf-to-gguf:a.blk.11.conv_pw2.input_min,           torch.bfloat16 --> F32, shape = {1}
INFO:hf-to-gguf:a.blk.11.conv_pw2.weight,              torch.bfloat16 --> BF16, shape = {1024, 1024}
INFO:hf-to-gguf:a.blk.11.conv_pw2.output_max,          torch.bfloat16 --> F32, shape = {1}
INFO:hf-to-gguf:a.blk.11.conv_pw2.output_min,          torch.bfloat16 --> F32, shape = {1}
INFO:hf-to-gguf:a.blk.11.conv_pw1.input_max,           torch.bfloat16 --> F32, shape = {1}
INFO:hf-to-gguf:a.blk.11.conv_pw1.input_min,           torch.bfloat16 --> F32, shape = {1}
INFO:hf-to-gguf:a.blk.11.conv_pw1.weight,              torch.bfloat16 --> BF16, shape = {1024, 2048}
INFO:hf-to-gguf:a.blk.11.conv_pw1.output_max,          torch.bfloat16 --> F32, shape = {1}
INFO:hf-to-gguf:a.blk.11.conv_pw1.output_min,          torch.bfloat16 --> F32, shape = {1}
INFO:hf-to-gguf:a.blk.11.conv_norm.weight,             torch.bfloat16 --> F32, shape = {1024}
INFO:hf-to-gguf:a.blk.11.ln2.weight,                   torch.bfloat16 --> F32, shape = {1024}
INFO:hf-to-gguf:a.blk.11.attn_post_norm.weight,        torch.bfloat16 --> F32, shape = {1024}
INFO:hf-to-gguf:a.blk.11.attn_pre_norm.weight,         torch.bfloat16 --> F32, shape = {1024}
INFO:hf-to-gguf:a.blk.11.attn_k.input_max,             torch.bfloat16 --> F32, shape = {1}
INFO:hf-to-gguf:a.blk.11.attn_k.input_min,             torch.bfloat16 --> F32, shape = {1}
INFO:hf-to-gguf:a.blk.11.attn_k.weight,                torch.bfloat16 --> BF16, shape = {1024, 1024}
INFO:hf-to-gguf:a.blk.11.attn_k.output_max,            torch.bfloat16 --> F32, shape = {1}
INFO:hf-to-gguf:a.blk.11.attn_k.output_min,            torch.bfloat16 --> F32, shape = {1}
INFO:hf-to-gguf:a.blk.11.per_dim_scale.weight,         torch.bfloat16 --> F32, shape = {128}
INFO:hf-to-gguf:a.blk.11.attn_out.input_max,           torch.bfloat16 --> F32, shape = {1}
INFO:hf-to-gguf:a.blk.11.attn_out.input_min,           torch.bfloat16 --> F32, shape = {1}
INFO:hf-to-gguf:a.blk.11.attn_out.weight,              torch.bfloat16 --> BF16, shape = {1024, 1024}
INFO:hf-to-gguf:a.blk.11.attn_out.output_max,          torch.bfloat16 --> F32, shape = {1}
INFO:hf-to-gguf:a.blk.11.attn_out.output_min,          torch.bfloat16 --> F32, shape = {1}
INFO:hf-to-gguf:a.blk.11.attn_q.input_max,             torch.bfloat16 --> F32, shape = {1}
INFO:hf-to-gguf:a.blk.11.attn_q.input_min,             torch.bfloat16 --> F32, shape = {1}
INFO:hf-to-gguf:a.blk.11.attn_q.weight,                torch.bfloat16 --> BF16, shape = {1024, 1024}
INFO:hf-to-gguf:a.blk.11.attn_q.output_max,            torch.bfloat16 --> F32, shape = {1}
INFO:hf-to-gguf:a.blk.11.attn_q.output_min,            torch.bfloat16 --> F32, shape = {1}
INFO:hf-to-gguf:a.blk.11.attn_k_rel.weight,            torch.bfloat16 --> BF16, shape = {1024, 1024}
INFO:hf-to-gguf:a.blk.11.attn_v.input_max,             torch.bfloat16 --> F32, shape = {1}
INFO:hf-to-gguf:a.blk.11.attn_v.input_min,             torch.bfloat16 --> F32, shape = {1}
INFO:hf-to-gguf:a.blk.11.attn_v.weight,                torch.bfloat16 --> BF16, shape = {1024, 1024}
INFO:hf-to-gguf:a.blk.11.attn_v.output_max,            torch.bfloat16 --> F32, shape = {1}
INFO:hf-to-gguf:a.blk.11.attn_v.output_min,            torch.bfloat16 --> F32, shape = {1}
INFO:hf-to-gguf:a.blk.2.ffn_up.input_max,              torch.bfloat16 --> F32, shape = {1}
INFO:hf-to-gguf:a.blk.2.ffn_up.input_min,              torch.bfloat16 --> F32, shape = {1}
INFO:hf-to-gguf:a.blk.2.ffn_up.weight,                 torch.bfloat16 --> BF16, shape = {1024, 4096}
INFO:hf-to-gguf:a.blk.2.ffn_up.output_max,             torch.bfloat16 --> F32, shape = {1}
INFO:hf-to-gguf:a.blk.2.ffn_up.output_min,             torch.bfloat16 --> F32, shape = {1}
INFO:hf-to-gguf:a.blk.2.ffn_down.input_max,            torch.bfloat16 --> F32, shape = {1}
INFO:hf-to-gguf:a.blk.2.ffn_down.input_min,            torch.bfloat16 --> F32, shape = {1}
INFO:hf-to-gguf:a.blk.2.ffn_down.weight,               torch.bfloat16 --> BF16, shape = {4096, 1024}
INFO:hf-to-gguf:a.blk.2.ffn_down.output_max,           torch.bfloat16 --> F32, shape = {1}
INFO:hf-to-gguf:a.blk.2.ffn_down.output_min,           torch.bfloat16 --> F32, shape = {1}
INFO:hf-to-gguf:a.blk.2.ffn_post_norm.weight,          torch.bfloat16 --> F32, shape = {1024}
INFO:hf-to-gguf:a.blk.2.ffn_norm.weight,               torch.bfloat16 --> F32, shape = {1024}
INFO:hf-to-gguf:a.blk.2.ffn_up_1.input_max,            torch.bfloat16 --> F32, shape = {1}
INFO:hf-to-gguf:a.blk.2.ffn_up_1.input_min,            torch.bfloat16 --> F32, shape = {1}
INFO:hf-to-gguf:a.blk.2.ffn_up_1.weight,               torch.bfloat16 --> BF16, shape = {1024, 4096}
INFO:hf-to-gguf:a.blk.2.ffn_up_1.output_max,           torch.bfloat16 --> F32, shape = {1}
INFO:hf-to-gguf:a.blk.2.ffn_up_1.output_min,           torch.bfloat16 --> F32, shape = {1}
INFO:hf-to-gguf:a.blk.2.ffn_down_1.input_max,          torch.bfloat16 --> F32, shape = {1}
INFO:hf-to-gguf:a.blk.2.ffn_down_1.input_min,          torch.bfloat16 --> F32, shape = {1}
INFO:hf-to-gguf:a.blk.2.ffn_down_1.weight,             torch.bfloat16 --> BF16, shape = {4096, 1024}
INFO:hf-to-gguf:a.blk.2.ffn_down_1.output_max,         torch.bfloat16 --> F32, shape = {1}
INFO:hf-to-gguf:a.blk.2.ffn_down_1.output_min,         torch.bfloat16 --> F32, shape = {1}
INFO:hf-to-gguf:a.blk.2.ffn_post_norm_1.weight,        torch.bfloat16 --> F32, shape = {1024}
INFO:hf-to-gguf:a.blk.2.ffn_norm_1.weight,             torch.bfloat16 --> F32, shape = {1024}
INFO:hf-to-gguf:a.blk.2.norm_conv.weight,              torch.bfloat16 --> F32, shape = {1024}
INFO:hf-to-gguf:a.blk.2.conv_dw.weight,                torch.bfloat16 --> F32, shape = {5, 1024}
INFO:hf-to-gguf:a.blk.2.conv_pw2.input_max,            torch.bfloat16 --> F32, shape = {1}
INFO:hf-to-gguf:a.blk.2.conv_pw2.input_min,            torch.bfloat16 --> F32, shape = {1}
INFO:hf-to-gguf:a.blk.2.conv_pw2.weight,               torch.bfloat16 --> BF16, shape = {1024, 1024}
INFO:hf-to-gguf:a.blk.2.conv_pw2.output_max,           torch.bfloat16 --> F32, shape = {1}
INFO:hf-to-gguf:a.blk.2.conv_pw2.output_min,           torch.bfloat16 --> F32, shape = {1}
INFO:hf-to-gguf:a.blk.2.conv_pw1.input_max,            torch.bfloat16 --> F32, shape = {1}
INFO:hf-to-gguf:a.blk.2.conv_pw1.input_min,            torch.bfloat16 --> F32, shape = {1}
INFO:hf-to-gguf:a.blk.2.conv_pw1.weight,               torch.bfloat16 --> BF16, shape = {1024, 2048}
INFO:hf-to-gguf:a.blk.2.conv_pw1.output_max,           torch.bfloat16 --> F32, shape = {1}
INFO:hf-to-gguf:a.blk.2.conv_pw1.output_min,           torch.bfloat16 --> F32, shape = {1}
INFO:hf-to-gguf:a.blk.2.conv_norm.weight,              torch.bfloat16 --> F32, shape = {1024}
INFO:hf-to-gguf:a.blk.2.ln2.weight,                    torch.bfloat16 --> F32, shape = {1024}
INFO:hf-to-gguf:a.blk.2.attn_post_norm.weight,         torch.bfloat16 --> F32, shape = {1024}
INFO:hf-to-gguf:a.blk.2.attn_pre_norm.weight,          torch.bfloat16 --> F32, shape = {1024}
INFO:hf-to-gguf:a.blk.2.attn_k.input_max,              torch.bfloat16 --> F32, shape = {1}
INFO:hf-to-gguf:a.blk.2.attn_k.input_min,              torch.bfloat16 --> F32, shape = {1}
INFO:hf-to-gguf:a.blk.2.attn_k.weight,                 torch.bfloat16 --> BF16, shape = {1024, 1024}
INFO:hf-to-gguf:a.blk.2.attn_k.output_max,             torch.bfloat16 --> F32, shape = {1}
INFO:hf-to-gguf:a.blk.2.attn_k.output_min,             torch.bfloat16 --> F32, shape = {1}
INFO:hf-to-gguf:a.blk.2.per_dim_scale.weight,          torch.bfloat16 --> F32, shape = {128}
INFO:hf-to-gguf:a.blk.2.attn_out.input_max,            torch.bfloat16 --> F32, shape = {1}
INFO:hf-to-gguf:a.blk.2.attn_out.input_min,            torch.bfloat16 --> F32, shape = {1}
INFO:hf-to-gguf:a.blk.2.attn_out.weight,               torch.bfloat16 --> BF16, shape = {1024, 1024}
INFO:hf-to-gguf:a.blk.2.attn_out.output_max,           torch.bfloat16 --> F32, shape = {1}
INFO:hf-to-gguf:a.blk.2.attn_out.output_min,           torch.bfloat16 --> F32, shape = {1}
INFO:hf-to-gguf:a.blk.2.attn_q.input_max,              torch.bfloat16 --> F32, shape = {1}
INFO:hf-to-gguf:a.blk.2.attn_q.input_min,              torch.bfloat16 --> F32, shape = {1}
INFO:hf-to-gguf:a.blk.2.attn_q.weight,                 torch.bfloat16 --> BF16, shape = {1024, 1024}
INFO:hf-to-gguf:a.blk.2.attn_q.output_max,             torch.bfloat16 --> F32, shape = {1}
INFO:hf-to-gguf:a.blk.2.attn_q.output_min,             torch.bfloat16 --> F32, shape = {1}
INFO:hf-to-gguf:a.blk.2.attn_k_rel.weight,             torch.bfloat16 --> BF16, shape = {1024, 1024}
INFO:hf-to-gguf:a.blk.2.attn_v.input_max,              torch.bfloat16 --> F32, shape = {1}
INFO:hf-to-gguf:a.blk.2.attn_v.input_min,              torch.bfloat16 --> F32, shape = {1}
INFO:hf-to-gguf:a.blk.2.attn_v.weight,                 torch.bfloat16 --> BF16, shape = {1024, 1024}
INFO:hf-to-gguf:a.blk.2.attn_v.output_max,             torch.bfloat16 --> F32, shape = {1}
INFO:hf-to-gguf:a.blk.2.attn_v.output_min,             torch.bfloat16 --> F32, shape = {1}
INFO:hf-to-gguf:a.blk.3.ffn_up.input_max,              torch.bfloat16 --> F32, shape = {1}
INFO:hf-to-gguf:a.blk.3.ffn_up.input_min,              torch.bfloat16 --> F32, shape = {1}
INFO:hf-to-gguf:a.blk.3.ffn_up.weight,                 torch.bfloat16 --> BF16, shape = {1024, 4096}
INFO:hf-to-gguf:a.blk.3.ffn_up.output_max,             torch.bfloat16 --> F32, shape = {1}
INFO:hf-to-gguf:a.blk.3.ffn_up.output_min,             torch.bfloat16 --> F32, shape = {1}
INFO:hf-to-gguf:a.blk.3.ffn_down.input_max,            torch.bfloat16 --> F32, shape = {1}
INFO:hf-to-gguf:a.blk.3.ffn_down.input_min,            torch.bfloat16 --> F32, shape = {1}
INFO:hf-to-gguf:a.blk.3.ffn_down.weight,               torch.bfloat16 --> BF16, shape = {4096, 1024}
INFO:hf-to-gguf:a.blk.3.ffn_down.output_max,           torch.bfloat16 --> F32, shape = {1}
INFO:hf-to-gguf:a.blk.3.ffn_down.output_min,           torch.bfloat16 --> F32, shape = {1}
INFO:hf-to-gguf:a.blk.3.ffn_post_norm.weight,          torch.bfloat16 --> F32, shape = {1024}
INFO:hf-to-gguf:a.blk.3.ffn_norm.weight,               torch.bfloat16 --> F32, shape = {1024}
INFO:hf-to-gguf:a.blk.3.ffn_up_1.input_max,            torch.bfloat16 --> F32, shape = {1}
INFO:hf-to-gguf:a.blk.3.ffn_up_1.input_min,            torch.bfloat16 --> F32, shape = {1}
INFO:hf-to-gguf:a.blk.3.ffn_up_1.weight,               torch.bfloat16 --> BF16, shape = {1024, 4096}
INFO:hf-to-gguf:a.blk.3.ffn_up_1.output_max,           torch.bfloat16 --> F32, shape = {1}
INFO:hf-to-gguf:a.blk.3.ffn_up_1.output_min,           torch.bfloat16 --> F32, shape = {1}
INFO:hf-to-gguf:a.blk.3.ffn_down_1.input_max,          torch.bfloat16 --> F32, shape = {1}
INFO:hf-to-gguf:a.blk.3.ffn_down_1.input_min,          torch.bfloat16 --> F32, shape = {1}
INFO:hf-to-gguf:a.blk.3.ffn_down_1.weight,             torch.bfloat16 --> BF16, shape = {4096, 1024}
INFO:hf-to-gguf:a.blk.3.ffn_down_1.output_max,         torch.bfloat16 --> F32, shape = {1}
INFO:hf-to-gguf:a.blk.3.ffn_down_1.output_min,         torch.bfloat16 --> F32, shape = {1}
INFO:hf-to-gguf:a.blk.3.ffn_post_norm_1.weight,        torch.bfloat16 --> F32, shape = {1024}
INFO:hf-to-gguf:a.blk.3.ffn_norm_1.weight,             torch.bfloat16 --> F32, shape = {1024}
INFO:hf-to-gguf:a.blk.3.norm_conv.weight,              torch.bfloat16 --> F32, shape = {1024}
INFO:hf-to-gguf:a.blk.3.conv_dw.weight,                torch.bfloat16 --> F32, shape = {5, 1024}
INFO:hf-to-gguf:a.blk.3.conv_pw2.input_max,            torch.bfloat16 --> F32, shape = {1}
INFO:hf-to-gguf:a.blk.3.conv_pw2.input_min,            torch.bfloat16 --> F32, shape = {1}
INFO:hf-to-gguf:a.blk.3.conv_pw2.weight,               torch.bfloat16 --> BF16, shape = {1024, 1024}
INFO:hf-to-gguf:a.blk.3.conv_pw2.output_max,           torch.bfloat16 --> F32, shape = {1}
INFO:hf-to-gguf:a.blk.3.conv_pw2.output_min,           torch.bfloat16 --> F32, shape = {1}
INFO:hf-to-gguf:a.blk.3.conv_pw1.input_max,            torch.bfloat16 --> F32, shape = {1}
INFO:hf-to-gguf:a.blk.3.conv_pw1.input_min,            torch.bfloat16 --> F32, shape = {1}
INFO:hf-to-gguf:a.blk.3.conv_pw1.weight,               torch.bfloat16 --> BF16, shape = {1024, 2048}
INFO:hf-to-gguf:a.blk.3.conv_pw1.output_max,           torch.bfloat16 --> F32, shape = {1}
INFO:hf-to-gguf:a.blk.3.conv_pw1.output_min,           torch.bfloat16 --> F32, shape = {1}
INFO:hf-to-gguf:a.blk.3.conv_norm.weight,              torch.bfloat16 --> F32, shape = {1024}
INFO:hf-to-gguf:a.blk.3.ln2.weight,                    torch.bfloat16 --> F32, shape = {1024}
INFO:hf-to-gguf:a.blk.3.attn_post_norm.weight,         torch.bfloat16 --> F32, shape = {1024}
INFO:hf-to-gguf:a.blk.3.attn_pre_norm.weight,          torch.bfloat16 --> F32, shape = {1024}
INFO:hf-to-gguf:a.blk.3.attn_k.input_max,              torch.bfloat16 --> F32, shape = {1}
INFO:hf-to-gguf:a.blk.3.attn_k.input_min,              torch.bfloat16 --> F32, shape = {1}
INFO:hf-to-gguf:a.blk.3.attn_k.weight,                 torch.bfloat16 --> BF16, shape = {1024, 1024}
INFO:hf-to-gguf:a.blk.3.attn_k.output_max,             torch.bfloat16 --> F32, shape = {1}
INFO:hf-to-gguf:a.blk.3.attn_k.output_min,             torch.bfloat16 --> F32, shape = {1}
INFO:hf-to-gguf:a.blk.3.per_dim_scale.weight,          torch.bfloat16 --> F32, shape = {128}
INFO:hf-to-gguf:a.blk.3.attn_out.input_max,            torch.bfloat16 --> F32, shape = {1}
INFO:hf-to-gguf:a.blk.3.attn_out.input_min,            torch.bfloat16 --> F32, shape = {1}
INFO:hf-to-gguf:a.blk.3.attn_out.weight,               torch.bfloat16 --> BF16, shape = {1024, 1024}
INFO:hf-to-gguf:a.blk.3.attn_out.output_max,           torch.bfloat16 --> F32, shape = {1}
INFO:hf-to-gguf:a.blk.3.attn_out.output_min,           torch.bfloat16 --> F32, shape = {1}
INFO:hf-to-gguf:a.blk.3.attn_q.input_max,              torch.bfloat16 --> F32, shape = {1}
INFO:hf-to-gguf:a.blk.3.attn_q.input_min,              torch.bfloat16 --> F32, shape = {1}
INFO:hf-to-gguf:a.blk.3.attn_q.weight,                 torch.bfloat16 --> BF16, shape = {1024, 1024}
INFO:hf-to-gguf:a.blk.3.attn_q.output_max,             torch.bfloat16 --> F32, shape = {1}
INFO:hf-to-gguf:a.blk.3.attn_q.output_min,             torch.bfloat16 --> F32, shape = {1}
INFO:hf-to-gguf:a.blk.3.attn_k_rel.weight,             torch.bfloat16 --> BF16, shape = {1024, 1024}
INFO:hf-to-gguf:a.blk.3.attn_v.input_max,              torch.bfloat16 --> F32, shape = {1}
INFO:hf-to-gguf:a.blk.3.attn_v.input_min,              torch.bfloat16 --> F32, shape = {1}
INFO:hf-to-gguf:a.blk.3.attn_v.weight,                 torch.bfloat16 --> BF16, shape = {1024, 1024}
INFO:hf-to-gguf:a.blk.3.attn_v.output_max,             torch.bfloat16 --> F32, shape = {1}
INFO:hf-to-gguf:a.blk.3.attn_v.output_min,             torch.bfloat16 --> F32, shape = {1}
INFO:hf-to-gguf:a.blk.4.ffn_up.input_max,              torch.bfloat16 --> F32, shape = {1}
INFO:hf-to-gguf:a.blk.4.ffn_up.input_min,              torch.bfloat16 --> F32, shape = {1}
INFO:hf-to-gguf:a.blk.4.ffn_up.weight,                 torch.bfloat16 --> BF16, shape = {1024, 4096}
INFO:hf-to-gguf:a.blk.4.ffn_up.output_max,             torch.bfloat16 --> F32, shape = {1}
INFO:hf-to-gguf:a.blk.4.ffn_up.output_min,             torch.bfloat16 --> F32, shape = {1}
INFO:hf-to-gguf:a.blk.4.ffn_down.input_max,            torch.bfloat16 --> F32, shape = {1}
INFO:hf-to-gguf:a.blk.4.ffn_down.input_min,            torch.bfloat16 --> F32, shape = {1}
INFO:hf-to-gguf:a.blk.4.ffn_down.weight,               torch.bfloat16 --> BF16, shape = {4096, 1024}
INFO:hf-to-gguf:a.blk.4.ffn_down.output_max,           torch.bfloat16 --> F32, shape = {1}
INFO:hf-to-gguf:a.blk.4.ffn_down.output_min,           torch.bfloat16 --> F32, shape = {1}
INFO:hf-to-gguf:a.blk.4.ffn_post_norm.weight,          torch.bfloat16 --> F32, shape = {1024}
INFO:hf-to-gguf:a.blk.4.ffn_norm.weight,               torch.bfloat16 --> F32, shape = {1024}
INFO:hf-to-gguf:a.blk.4.ffn_up_1.input_max,            torch.bfloat16 --> F32, shape = {1}
INFO:hf-to-gguf:a.blk.4.ffn_up_1.input_min,            torch.bfloat16 --> F32, shape = {1}
INFO:hf-to-gguf:a.blk.4.ffn_up_1.weight,               torch.bfloat16 --> BF16, shape = {1024, 4096}
INFO:hf-to-gguf:a.blk.4.ffn_up_1.output_max,           torch.bfloat16 --> F32, shape = {1}
INFO:hf-to-gguf:a.blk.4.ffn_up_1.output_min,           torch.bfloat16 --> F32, shape = {1}
INFO:hf-to-gguf:a.blk.4.ffn_down_1.input_max,          torch.bfloat16 --> F32, shape = {1}
INFO:hf-to-gguf:a.blk.4.ffn_down_1.input_min,          torch.bfloat16 --> F32, shape = {1}
INFO:hf-to-gguf:a.blk.4.ffn_down_1.weight,             torch.bfloat16 --> BF16, shape = {4096, 1024}
INFO:hf-to-gguf:a.blk.4.ffn_down_1.output_max,         torch.bfloat16 --> F32, shape = {1}
INFO:hf-to-gguf:a.blk.4.ffn_down_1.output_min,         torch.bfloat16 --> F32, shape = {1}
INFO:hf-to-gguf:a.blk.4.ffn_post_norm_1.weight,        torch.bfloat16 --> F32, shape = {1024}
INFO:hf-to-gguf:a.blk.4.ffn_norm_1.weight,             torch.bfloat16 --> F32, shape = {1024}
INFO:hf-to-gguf:a.blk.4.norm_conv.weight,              torch.bfloat16 --> F32, shape = {1024}
INFO:hf-to-gguf:a.blk.4.conv_dw.weight,                torch.bfloat16 --> F32, shape = {5, 1024}
INFO:hf-to-gguf:a.blk.4.conv_pw2.input_max,            torch.bfloat16 --> F32, shape = {1}
INFO:hf-to-gguf:a.blk.4.conv_pw2.input_min,            torch.bfloat16 --> F32, shape = {1}
INFO:hf-to-gguf:a.blk.4.conv_pw2.weight,               torch.bfloat16 --> BF16, shape = {1024, 1024}
INFO:hf-to-gguf:a.blk.4.conv_pw2.output_max,           torch.bfloat16 --> F32, shape = {1}
INFO:hf-to-gguf:a.blk.4.conv_pw2.output_min,           torch.bfloat16 --> F32, shape = {1}
INFO:hf-to-gguf:a.blk.4.conv_pw1.input_max,            torch.bfloat16 --> F32, shape = {1}
INFO:hf-to-gguf:a.blk.4.conv_pw1.input_min,            torch.bfloat16 --> F32, shape = {1}
INFO:hf-to-gguf:a.blk.4.conv_pw1.weight,               torch.bfloat16 --> BF16, shape = {1024, 2048}
INFO:hf-to-gguf:a.blk.4.conv_pw1.output_max,           torch.bfloat16 --> F32, shape = {1}
INFO:hf-to-gguf:a.blk.4.conv_pw1.output_min,           torch.bfloat16 --> F32, shape = {1}
INFO:hf-to-gguf:a.blk.4.conv_norm.weight,              torch.bfloat16 --> F32, shape = {1024}
INFO:hf-to-gguf:a.blk.4.ln2.weight,                    torch.bfloat16 --> F32, shape = {1024}
INFO:hf-to-gguf:a.blk.4.attn_post_norm.weight,         torch.bfloat16 --> F32, shape = {1024}
INFO:hf-to-gguf:a.blk.4.attn_pre_norm.weight,          torch.bfloat16 --> F32, shape = {1024}
INFO:hf-to-gguf:a.blk.4.attn_k.input_max,              torch.bfloat16 --> F32, shape = {1}
INFO:hf-to-gguf:a.blk.4.attn_k.input_min,              torch.bfloat16 --> F32, shape = {1}
INFO:hf-to-gguf:a.blk.4.attn_k.weight,                 torch.bfloat16 --> BF16, shape = {1024, 1024}
INFO:hf-to-gguf:a.blk.4.attn_k.output_max,             torch.bfloat16 --> F32, shape = {1}
INFO:hf-to-gguf:a.blk.4.attn_k.output_min,             torch.bfloat16 --> F32, shape = {1}
INFO:hf-to-gguf:a.blk.4.per_dim_scale.weight,          torch.bfloat16 --> F32, shape = {128}
INFO:hf-to-gguf:a.blk.4.attn_out.input_max,            torch.bfloat16 --> F32, shape = {1}
INFO:hf-to-gguf:a.blk.4.attn_out.input_min,            torch.bfloat16 --> F32, shape = {1}
INFO:hf-to-gguf:a.blk.4.attn_out.weight,               torch.bfloat16 --> BF16, shape = {1024, 1024}
INFO:hf-to-gguf:a.blk.4.attn_out.output_max,           torch.bfloat16 --> F32, shape = {1}
INFO:hf-to-gguf:a.blk.4.attn_out.output_min,           torch.bfloat16 --> F32, shape = {1}
INFO:hf-to-gguf:a.blk.4.attn_q.input_max,              torch.bfloat16 --> F32, shape = {1}
INFO:hf-to-gguf:a.blk.4.attn_q.input_min,              torch.bfloat16 --> F32, shape = {1}
INFO:hf-to-gguf:a.blk.4.attn_q.weight,                 torch.bfloat16 --> BF16, shape = {1024, 1024}
INFO:hf-to-gguf:a.blk.4.attn_q.output_max,             torch.bfloat16 --> F32, shape = {1}
INFO:hf-to-gguf:a.blk.4.attn_q.output_min,             torch.bfloat16 --> F32, shape = {1}
INFO:hf-to-gguf:a.blk.4.attn_k_rel.weight,             torch.bfloat16 --> BF16, shape = {1024, 1024}
INFO:hf-to-gguf:a.blk.4.attn_v.input_max,              torch.bfloat16 --> F32, shape = {1}
INFO:hf-to-gguf:a.blk.4.attn_v.input_min,              torch.bfloat16 --> F32, shape = {1}
INFO:hf-to-gguf:a.blk.4.attn_v.weight,                 torch.bfloat16 --> BF16, shape = {1024, 1024}
INFO:hf-to-gguf:a.blk.4.attn_v.output_max,             torch.bfloat16 --> F32, shape = {1}
INFO:hf-to-gguf:a.blk.4.attn_v.output_min,             torch.bfloat16 --> F32, shape = {1}
INFO:hf-to-gguf:a.blk.5.ffn_up.input_max,              torch.bfloat16 --> F32, shape = {1}
INFO:hf-to-gguf:a.blk.5.ffn_up.input_min,              torch.bfloat16 --> F32, shape = {1}
INFO:hf-to-gguf:a.blk.5.ffn_up.weight,                 torch.bfloat16 --> BF16, shape = {1024, 4096}
INFO:hf-to-gguf:a.blk.5.ffn_up.output_max,             torch.bfloat16 --> F32, shape = {1}
INFO:hf-to-gguf:a.blk.5.ffn_up.output_min,             torch.bfloat16 --> F32, shape = {1}
INFO:hf-to-gguf:a.blk.5.ffn_down.input_max,            torch.bfloat16 --> F32, shape = {1}
INFO:hf-to-gguf:a.blk.5.ffn_down.input_min,            torch.bfloat16 --> F32, shape = {1}
INFO:hf-to-gguf:a.blk.5.ffn_down.weight,               torch.bfloat16 --> BF16, shape = {4096, 1024}
INFO:hf-to-gguf:a.blk.5.ffn_down.output_max,           torch.bfloat16 --> F32, shape = {1}
INFO:hf-to-gguf:a.blk.5.ffn_down.output_min,           torch.bfloat16 --> F32, shape = {1}
INFO:hf-to-gguf:a.blk.5.ffn_post_norm.weight,          torch.bfloat16 --> F32, shape = {1024}
INFO:hf-to-gguf:a.blk.5.ffn_norm.weight,               torch.bfloat16 --> F32, shape = {1024}
INFO:hf-to-gguf:a.blk.5.ffn_up_1.input_max,            torch.bfloat16 --> F32, shape = {1}
INFO:hf-to-gguf:a.blk.5.ffn_up_1.input_min,            torch.bfloat16 --> F32, shape = {1}
INFO:hf-to-gguf:a.blk.5.ffn_up_1.weight,               torch.bfloat16 --> BF16, shape = {1024, 4096}
INFO:hf-to-gguf:a.blk.5.ffn_up_1.output_max,           torch.bfloat16 --> F32, shape = {1}
INFO:hf-to-gguf:a.blk.5.ffn_up_1.output_min,           torch.bfloat16 --> F32, shape = {1}
INFO:hf-to-gguf:a.blk.5.ffn_down_1.input_max,          torch.bfloat16 --> F32, shape = {1}
INFO:hf-to-gguf:a.blk.5.ffn_down_1.input_min,          torch.bfloat16 --> F32, shape = {1}
INFO:hf-to-gguf:a.blk.5.ffn_down_1.weight,             torch.bfloat16 --> BF16, shape = {4096, 1024}
INFO:hf-to-gguf:a.blk.5.ffn_down_1.output_max,         torch.bfloat16 --> F32, shape = {1}
INFO:hf-to-gguf:a.blk.5.ffn_down_1.output_min,         torch.bfloat16 --> F32, shape = {1}
INFO:hf-to-gguf:a.blk.5.ffn_post_norm_1.weight,        torch.bfloat16 --> F32, shape = {1024}
INFO:hf-to-gguf:a.blk.5.ffn_norm_1.weight,             torch.bfloat16 --> F32, shape = {1024}
INFO:hf-to-gguf:a.blk.5.norm_conv.weight,              torch.bfloat16 --> F32, shape = {1024}
INFO:hf-to-gguf:a.blk.5.conv_dw.weight,                torch.bfloat16 --> F32, shape = {5, 1024}
INFO:hf-to-gguf:a.blk.5.conv_pw2.input_max,            torch.bfloat16 --> F32, shape = {1}
INFO:hf-to-gguf:a.blk.5.conv_pw2.input_min,            torch.bfloat16 --> F32, shape = {1}
INFO:hf-to-gguf:a.blk.5.conv_pw2.weight,               torch.bfloat16 --> BF16, shape = {1024, 1024}
INFO:hf-to-gguf:a.blk.5.conv_pw2.output_max,           torch.bfloat16 --> F32, shape = {1}
INFO:hf-to-gguf:a.blk.5.conv_pw2.output_min,           torch.bfloat16 --> F32, shape = {1}
INFO:hf-to-gguf:a.blk.5.conv_pw1.input_max,            torch.bfloat16 --> F32, shape = {1}
INFO:hf-to-gguf:a.blk.5.conv_pw1.input_min,            torch.bfloat16 --> F32, shape = {1}
INFO:hf-to-gguf:a.blk.5.conv_pw1.weight,               torch.bfloat16 --> BF16, shape = {1024, 2048}
INFO:hf-to-gguf:a.blk.5.conv_pw1.output_max,           torch.bfloat16 --> F32, shape = {1}
INFO:hf-to-gguf:a.blk.5.conv_pw1.output_min,           torch.bfloat16 --> F32, shape = {1}
INFO:hf-to-gguf:a.blk.5.conv_norm.weight,              torch.bfloat16 --> F32, shape = {1024}
INFO:hf-to-gguf:a.blk.5.ln2.weight,                    torch.bfloat16 --> F32, shape = {1024}
INFO:hf-to-gguf:a.blk.5.attn_post_norm.weight,         torch.bfloat16 --> F32, shape = {1024}
INFO:hf-to-gguf:a.blk.5.attn_pre_norm.weight,          torch.bfloat16 --> F32, shape = {1024}
INFO:hf-to-gguf:a.blk.5.attn_k.input_max,              torch.bfloat16 --> F32, shape = {1}
INFO:hf-to-gguf:a.blk.5.attn_k.input_min,              torch.bfloat16 --> F32, shape = {1}
INFO:hf-to-gguf:a.blk.5.attn_k.weight,                 torch.bfloat16 --> BF16, shape = {1024, 1024}
INFO:hf-to-gguf:a.blk.5.attn_k.output_max,             torch.bfloat16 --> F32, shape = {1}
INFO:hf-to-gguf:a.blk.5.attn_k.output_min,             torch.bfloat16 --> F32, shape = {1}
INFO:hf-to-gguf:a.blk.5.per_dim_scale.weight,          torch.bfloat16 --> F32, shape = {128}
INFO:hf-to-gguf:a.blk.5.attn_out.input_max,            torch.bfloat16 --> F32, shape = {1}
INFO:hf-to-gguf:a.blk.5.attn_out.input_min,            torch.bfloat16 --> F32, shape = {1}
INFO:hf-to-gguf:a.blk.5.attn_out.weight,               torch.bfloat16 --> BF16, shape = {1024, 1024}
INFO:hf-to-gguf:a.blk.5.attn_out.output_max,           torch.bfloat16 --> F32, shape = {1}
INFO:hf-to-gguf:a.blk.5.attn_out.output_min,           torch.bfloat16 --> F32, shape = {1}
INFO:hf-to-gguf:a.blk.5.attn_q.input_max,              torch.bfloat16 --> F32, shape = {1}
INFO:hf-to-gguf:a.blk.5.attn_q.input_min,              torch.bfloat16 --> F32, shape = {1}
INFO:hf-to-gguf:a.blk.5.attn_q.weight,                 torch.bfloat16 --> BF16, shape = {1024, 1024}
INFO:hf-to-gguf:a.blk.5.attn_q.output_max,             torch.bfloat16 --> F32, shape = {1}
INFO:hf-to-gguf:a.blk.5.attn_q.output_min,             torch.bfloat16 --> F32, shape = {1}
INFO:hf-to-gguf:a.blk.5.attn_k_rel.weight,             torch.bfloat16 --> BF16, shape = {1024, 1024}
INFO:hf-to-gguf:a.blk.5.attn_v.input_max,              torch.bfloat16 --> F32, shape = {1}
INFO:hf-to-gguf:a.blk.5.attn_v.input_min,              torch.bfloat16 --> F32, shape = {1}
INFO:hf-to-gguf:a.blk.5.attn_v.weight,                 torch.bfloat16 --> BF16, shape = {1024, 1024}
INFO:hf-to-gguf:a.blk.5.attn_v.output_max,             torch.bfloat16 --> F32, shape = {1}
INFO:hf-to-gguf:a.blk.5.attn_v.output_min,             torch.bfloat16 --> F32, shape = {1}
INFO:hf-to-gguf:a.blk.6.ffn_up.input_max,              torch.bfloat16 --> F32, shape = {1}
INFO:hf-to-gguf:a.blk.6.ffn_up.input_min,              torch.bfloat16 --> F32, shape = {1}
INFO:hf-to-gguf:a.blk.6.ffn_up.weight,                 torch.bfloat16 --> BF16, shape = {1024, 4096}
INFO:hf-to-gguf:a.blk.6.ffn_up.output_max,             torch.bfloat16 --> F32, shape = {1}
INFO:hf-to-gguf:a.blk.6.ffn_up.output_min,             torch.bfloat16 --> F32, shape = {1}
INFO:hf-to-gguf:a.blk.6.ffn_down.input_max,            torch.bfloat16 --> F32, shape = {1}
INFO:hf-to-gguf:a.blk.6.ffn_down.input_min,            torch.bfloat16 --> F32, shape = {1}
INFO:hf-to-gguf:a.blk.6.ffn_down.weight,               torch.bfloat16 --> BF16, shape = {4096, 1024}
INFO:hf-to-gguf:a.blk.6.ffn_down.output_max,           torch.bfloat16 --> F32, shape = {1}
INFO:hf-to-gguf:a.blk.6.ffn_down.output_min,           torch.bfloat16 --> F32, shape = {1}
INFO:hf-to-gguf:a.blk.6.ffn_post_norm.weight,          torch.bfloat16 --> F32, shape = {1024}
INFO:hf-to-gguf:a.blk.6.ffn_norm.weight,               torch.bfloat16 --> F32, shape = {1024}
INFO:hf-to-gguf:a.blk.6.ffn_up_1.input_max,            torch.bfloat16 --> F32, shape = {1}
INFO:hf-to-gguf:a.blk.6.ffn_up_1.input_min,            torch.bfloat16 --> F32, shape = {1}
INFO:hf-to-gguf:a.blk.6.ffn_up_1.weight,               torch.bfloat16 --> BF16, shape = {1024, 4096}
INFO:hf-to-gguf:a.blk.6.ffn_up_1.output_max,           torch.bfloat16 --> F32, shape = {1}
INFO:hf-to-gguf:a.blk.6.ffn_up_1.output_min,           torch.bfloat16 --> F32, shape = {1}
INFO:hf-to-gguf:a.blk.6.ffn_down_1.input_max,          torch.bfloat16 --> F32, shape = {1}
INFO:hf-to-gguf:a.blk.6.ffn_down_1.input_min,          torch.bfloat16 --> F32, shape = {1}
INFO:hf-to-gguf:a.blk.6.ffn_down_1.weight,             torch.bfloat16 --> BF16, shape = {4096, 1024}
INFO:hf-to-gguf:a.blk.6.ffn_down_1.output_max,         torch.bfloat16 --> F32, shape = {1}
INFO:hf-to-gguf:a.blk.6.ffn_down_1.output_min,         torch.bfloat16 --> F32, shape = {1}
INFO:hf-to-gguf:a.blk.6.ffn_post_norm_1.weight,        torch.bfloat16 --> F32, shape = {1024}
INFO:hf-to-gguf:a.blk.6.ffn_norm_1.weight,             torch.bfloat16 --> F32, shape = {1024}
INFO:hf-to-gguf:a.blk.6.norm_conv.weight,              torch.bfloat16 --> F32, shape = {1024}
INFO:hf-to-gguf:a.blk.6.conv_dw.weight,                torch.bfloat16 --> F32, shape = {5, 1024}
INFO:hf-to-gguf:a.blk.6.conv_pw2.input_max,            torch.bfloat16 --> F32, shape = {1}
INFO:hf-to-gguf:a.blk.6.conv_pw2.input_min,            torch.bfloat16 --> F32, shape = {1}
INFO:hf-to-gguf:a.blk.6.conv_pw2.weight,               torch.bfloat16 --> BF16, shape = {1024, 1024}
INFO:hf-to-gguf:a.blk.6.conv_pw2.output_max,           torch.bfloat16 --> F32, shape = {1}
INFO:hf-to-gguf:a.blk.6.conv_pw2.output_min,           torch.bfloat16 --> F32, shape = {1}
INFO:hf-to-gguf:a.blk.6.conv_pw1.input_max,            torch.bfloat16 --> F32, shape = {1}
INFO:hf-to-gguf:a.blk.6.conv_pw1.input_min,            torch.bfloat16 --> F32, shape = {1}
INFO:hf-to-gguf:a.blk.6.conv_pw1.weight,               torch.bfloat16 --> BF16, shape = {1024, 2048}
INFO:hf-to-gguf:a.blk.6.conv_pw1.output_max,           torch.bfloat16 --> F32, shape = {1}
INFO:hf-to-gguf:a.blk.6.conv_pw1.output_min,           torch.bfloat16 --> F32, shape = {1}
INFO:hf-to-gguf:a.blk.6.conv_norm.weight,              torch.bfloat16 --> F32, shape = {1024}
INFO:hf-to-gguf:a.blk.6.ln2.weight,                    torch.bfloat16 --> F32, shape = {1024}
INFO:hf-to-gguf:a.blk.6.attn_post_norm.weight,         torch.bfloat16 --> F32, shape = {1024}
INFO:hf-to-gguf:a.blk.6.attn_pre_norm.weight,          torch.bfloat16 --> F32, shape = {1024}
INFO:hf-to-gguf:a.blk.6.attn_k.input_max,              torch.bfloat16 --> F32, shape = {1}
INFO:hf-to-gguf:a.blk.6.attn_k.input_min,              torch.bfloat16 --> F32, shape = {1}
INFO:hf-to-gguf:a.blk.6.attn_k.weight,                 torch.bfloat16 --> BF16, shape = {1024, 1024}
INFO:hf-to-gguf:a.blk.6.attn_k.output_max,             torch.bfloat16 --> F32, shape = {1}
INFO:hf-to-gguf:a.blk.6.attn_k.output_min,             torch.bfloat16 --> F32, shape = {1}
INFO:hf-to-gguf:a.blk.6.per_dim_scale.weight,          torch.bfloat16 --> F32, shape = {128}
INFO:hf-to-gguf:a.blk.6.attn_out.input_max,            torch.bfloat16 --> F32, shape = {1}
INFO:hf-to-gguf:a.blk.6.attn_out.input_min,            torch.bfloat16 --> F32, shape = {1}
INFO:hf-to-gguf:a.blk.6.attn_out.weight,               torch.bfloat16 --> BF16, shape = {1024, 1024}
INFO:hf-to-gguf:a.blk.6.attn_out.output_max,           torch.bfloat16 --> F32, shape = {1}
INFO:hf-to-gguf:a.blk.6.attn_out.output_min,           torch.bfloat16 --> F32, shape = {1}
INFO:hf-to-gguf:a.blk.6.attn_q.input_max,              torch.bfloat16 --> F32, shape = {1}
INFO:hf-to-gguf:a.blk.6.attn_q.input_min,              torch.bfloat16 --> F32, shape = {1}
INFO:hf-to-gguf:a.blk.6.attn_q.weight,                 torch.bfloat16 --> BF16, shape = {1024, 1024}
INFO:hf-to-gguf:a.blk.6.attn_q.output_max,             torch.bfloat16 --> F32, shape = {1}
INFO:hf-to-gguf:a.blk.6.attn_q.output_min,             torch.bfloat16 --> F32, shape = {1}
INFO:hf-to-gguf:a.blk.6.attn_k_rel.weight,             torch.bfloat16 --> BF16, shape = {1024, 1024}
INFO:hf-to-gguf:a.blk.6.attn_v.input_max,              torch.bfloat16 --> F32, shape = {1}
INFO:hf-to-gguf:a.blk.6.attn_v.input_min,              torch.bfloat16 --> F32, shape = {1}
INFO:hf-to-gguf:a.blk.6.attn_v.weight,                 torch.bfloat16 --> BF16, shape = {1024, 1024}
INFO:hf-to-gguf:a.blk.6.attn_v.output_max,             torch.bfloat16 --> F32, shape = {1}
INFO:hf-to-gguf:a.blk.6.attn_v.output_min,             torch.bfloat16 --> F32, shape = {1}
INFO:hf-to-gguf:a.blk.7.ffn_up.input_max,              torch.bfloat16 --> F32, shape = {1}
INFO:hf-to-gguf:a.blk.7.ffn_up.input_min,              torch.bfloat16 --> F32, shape = {1}
INFO:hf-to-gguf:a.blk.7.ffn_up.weight,                 torch.bfloat16 --> BF16, shape = {1024, 4096}
INFO:hf-to-gguf:a.blk.7.ffn_up.output_max,             torch.bfloat16 --> F32, shape = {1}
INFO:hf-to-gguf:a.blk.7.ffn_up.output_min,             torch.bfloat16 --> F32, shape = {1}
INFO:hf-to-gguf:a.blk.7.ffn_down.input_max,            torch.bfloat16 --> F32, shape = {1}
INFO:hf-to-gguf:a.blk.7.ffn_down.input_min,            torch.bfloat16 --> F32, shape = {1}
INFO:hf-to-gguf:a.blk.7.ffn_down.weight,               torch.bfloat16 --> BF16, shape = {4096, 1024}
INFO:hf-to-gguf:a.blk.7.ffn_down.output_max,           torch.bfloat16 --> F32, shape = {1}
INFO:hf-to-gguf:a.blk.7.ffn_down.output_min,           torch.bfloat16 --> F32, shape = {1}
INFO:hf-to-gguf:a.blk.7.ffn_post_norm.weight,          torch.bfloat16 --> F32, shape = {1024}
INFO:hf-to-gguf:a.blk.7.ffn_norm.weight,               torch.bfloat16 --> F32, shape = {1024}
INFO:hf-to-gguf:a.blk.7.ffn_up_1.input_max,            torch.bfloat16 --> F32, shape = {1}
INFO:hf-to-gguf:a.blk.7.ffn_up_1.input_min,            torch.bfloat16 --> F32, shape = {1}
INFO:hf-to-gguf:a.blk.7.ffn_up_1.weight,               torch.bfloat16 --> BF16, shape = {1024, 4096}
INFO:hf-to-gguf:a.blk.7.ffn_up_1.output_max,           torch.bfloat16 --> F32, shape = {1}
INFO:hf-to-gguf:a.blk.7.ffn_up_1.output_min,           torch.bfloat16 --> F32, shape = {1}
INFO:hf-to-gguf:a.blk.7.ffn_down_1.input_max,          torch.bfloat16 --> F32, shape = {1}
INFO:hf-to-gguf:a.blk.7.ffn_down_1.input_min,          torch.bfloat16 --> F32, shape = {1}
INFO:hf-to-gguf:a.blk.7.ffn_down_1.weight,             torch.bfloat16 --> BF16, shape = {4096, 1024}
INFO:hf-to-gguf:a.blk.7.ffn_down_1.output_max,         torch.bfloat16 --> F32, shape = {1}
INFO:hf-to-gguf:a.blk.7.ffn_down_1.output_min,         torch.bfloat16 --> F32, shape = {1}
INFO:hf-to-gguf:a.blk.7.ffn_post_norm_1.weight,        torch.bfloat16 --> F32, shape = {1024}
INFO:hf-to-gguf:a.blk.7.ffn_norm_1.weight,             torch.bfloat16 --> F32, shape = {1024}
INFO:hf-to-gguf:a.blk.7.norm_conv.weight,              torch.bfloat16 --> F32, shape = {1024}
INFO:hf-to-gguf:a.blk.7.conv_dw.weight,                torch.bfloat16 --> F32, shape = {5, 1024}
INFO:hf-to-gguf:a.blk.7.conv_pw2.input_max,            torch.bfloat16 --> F32, shape = {1}
INFO:hf-to-gguf:a.blk.7.conv_pw2.input_min,            torch.bfloat16 --> F32, shape = {1}
INFO:hf-to-gguf:a.blk.7.conv_pw2.weight,               torch.bfloat16 --> BF16, shape = {1024, 1024}
INFO:hf-to-gguf:a.blk.7.conv_pw2.output_max,           torch.bfloat16 --> F32, shape = {1}
INFO:hf-to-gguf:a.blk.7.conv_pw2.output_min,           torch.bfloat16 --> F32, shape = {1}
INFO:hf-to-gguf:a.blk.7.conv_pw1.input_max,            torch.bfloat16 --> F32, shape = {1}
INFO:hf-to-gguf:a.blk.7.conv_pw1.input_min,            torch.bfloat16 --> F32, shape = {1}
INFO:hf-to-gguf:a.blk.7.conv_pw1.weight,               torch.bfloat16 --> BF16, shape = {1024, 2048}
INFO:hf-to-gguf:a.blk.7.conv_pw1.output_max,           torch.bfloat16 --> F32, shape = {1}
INFO:hf-to-gguf:a.blk.7.conv_pw1.output_min,           torch.bfloat16 --> F32, shape = {1}
INFO:hf-to-gguf:a.blk.7.conv_norm.weight,              torch.bfloat16 --> F32, shape = {1024}
INFO:hf-to-gguf:a.blk.7.ln2.weight,                    torch.bfloat16 --> F32, shape = {1024}
INFO:hf-to-gguf:a.blk.7.attn_post_norm.weight,         torch.bfloat16 --> F32, shape = {1024}
INFO:hf-to-gguf:a.blk.7.attn_pre_norm.weight,          torch.bfloat16 --> F32, shape = {1024}
INFO:hf-to-gguf:a.blk.7.attn_k.input_max,              torch.bfloat16 --> F32, shape = {1}
INFO:hf-to-gguf:a.blk.7.attn_k.input_min,              torch.bfloat16 --> F32, shape = {1}
INFO:hf-to-gguf:a.blk.7.attn_k.weight,                 torch.bfloat16 --> BF16, shape = {1024, 1024}
INFO:hf-to-gguf:a.blk.7.attn_k.output_max,             torch.bfloat16 --> F32, shape = {1}
INFO:hf-to-gguf:a.blk.7.attn_k.output_min,             torch.bfloat16 --> F32, shape = {1}
INFO:hf-to-gguf:a.blk.7.per_dim_scale.weight,          torch.bfloat16 --> F32, shape = {128}
INFO:hf-to-gguf:a.blk.7.attn_out.input_max,            torch.bfloat16 --> F32, shape = {1}
INFO:hf-to-gguf:a.blk.7.attn_out.input_min,            torch.bfloat16 --> F32, shape = {1}
INFO:hf-to-gguf:a.blk.7.attn_out.weight,               torch.bfloat16 --> BF16, shape = {1024, 1024}
INFO:hf-to-gguf:a.blk.7.attn_out.output_max,           torch.bfloat16 --> F32, shape = {1}
INFO:hf-to-gguf:a.blk.7.attn_out.output_min,           torch.bfloat16 --> F32, shape = {1}
INFO:hf-to-gguf:a.blk.7.attn_q.input_max,              torch.bfloat16 --> F32, shape = {1}
INFO:hf-to-gguf:a.blk.7.attn_q.input_min,              torch.bfloat16 --> F32, shape = {1}
INFO:hf-to-gguf:a.blk.7.attn_q.weight,                 torch.bfloat16 --> BF16, shape = {1024, 1024}
INFO:hf-to-gguf:a.blk.7.attn_q.output_max,             torch.bfloat16 --> F32, shape = {1}
INFO:hf-to-gguf:a.blk.7.attn_q.output_min,             torch.bfloat16 --> F32, shape = {1}
INFO:hf-to-gguf:a.blk.7.attn_k_rel.weight,             torch.bfloat16 --> BF16, shape = {1024, 1024}
INFO:hf-to-gguf:a.blk.7.attn_v.input_max,              torch.bfloat16 --> F32, shape = {1}
INFO:hf-to-gguf:a.blk.7.attn_v.input_min,              torch.bfloat16 --> F32, shape = {1}
INFO:hf-to-gguf:a.blk.7.attn_v.weight,                 torch.bfloat16 --> BF16, shape = {1024, 1024}
INFO:hf-to-gguf:a.blk.7.attn_v.output_max,             torch.bfloat16 --> F32, shape = {1}
INFO:hf-to-gguf:a.blk.7.attn_v.output_min,             torch.bfloat16 --> F32, shape = {1}
INFO:hf-to-gguf:a.blk.8.ffn_up.input_max,              torch.bfloat16 --> F32, shape = {1}
INFO:hf-to-gguf:a.blk.8.ffn_up.input_min,              torch.bfloat16 --> F32, shape = {1}
INFO:hf-to-gguf:a.blk.8.ffn_up.weight,                 torch.bfloat16 --> BF16, shape = {1024, 4096}
INFO:hf-to-gguf:a.blk.8.ffn_up.output_max,             torch.bfloat16 --> F32, shape = {1}
INFO:hf-to-gguf:a.blk.8.ffn_up.output_min,             torch.bfloat16 --> F32, shape = {1}
INFO:hf-to-gguf:a.blk.8.ffn_down.input_max,            torch.bfloat16 --> F32, shape = {1}
INFO:hf-to-gguf:a.blk.8.ffn_down.input_min,            torch.bfloat16 --> F32, shape = {1}
INFO:hf-to-gguf:a.blk.8.ffn_down.weight,               torch.bfloat16 --> BF16, shape = {4096, 1024}
INFO:hf-to-gguf:a.blk.8.ffn_down.output_max,           torch.bfloat16 --> F32, shape = {1}
INFO:hf-to-gguf:a.blk.8.ffn_down.output_min,           torch.bfloat16 --> F32, shape = {1}
INFO:hf-to-gguf:a.blk.8.ffn_post_norm.weight,          torch.bfloat16 --> F32, shape = {1024}
INFO:hf-to-gguf:a.blk.8.ffn_norm.weight,               torch.bfloat16 --> F32, shape = {1024}
INFO:hf-to-gguf:a.blk.8.ffn_up_1.input_max,            torch.bfloat16 --> F32, shape = {1}
INFO:hf-to-gguf:a.blk.8.ffn_up_1.input_min,            torch.bfloat16 --> F32, shape = {1}
INFO:hf-to-gguf:a.blk.8.ffn_up_1.weight,               torch.bfloat16 --> BF16, shape = {1024, 4096}
INFO:hf-to-gguf:a.blk.8.ffn_up_1.output_max,           torch.bfloat16 --> F32, shape = {1}
INFO:hf-to-gguf:a.blk.8.ffn_up_1.output_min,           torch.bfloat16 --> F32, shape = {1}
INFO:hf-to-gguf:a.blk.8.ffn_down_1.input_max,          torch.bfloat16 --> F32, shape = {1}
INFO:hf-to-gguf:a.blk.8.ffn_down_1.input_min,          torch.bfloat16 --> F32, shape = {1}
INFO:hf-to-gguf:a.blk.8.ffn_down_1.weight,             torch.bfloat16 --> BF16, shape = {4096, 1024}
INFO:hf-to-gguf:a.blk.8.ffn_down_1.output_max,         torch.bfloat16 --> F32, shape = {1}
INFO:hf-to-gguf:a.blk.8.ffn_down_1.output_min,         torch.bfloat16 --> F32, shape = {1}
INFO:hf-to-gguf:a.blk.8.ffn_post_norm_1.weight,        torch.bfloat16 --> F32, shape = {1024}
INFO:hf-to-gguf:a.blk.8.ffn_norm_1.weight,             torch.bfloat16 --> F32, shape = {1024}
INFO:hf-to-gguf:a.blk.8.norm_conv.weight,              torch.bfloat16 --> F32, shape = {1024}
INFO:hf-to-gguf:a.blk.8.conv_dw.weight,                torch.bfloat16 --> F32, shape = {5, 1024}
INFO:hf-to-gguf:a.blk.8.conv_pw2.input_max,            torch.bfloat16 --> F32, shape = {1}
INFO:hf-to-gguf:a.blk.8.conv_pw2.input_min,            torch.bfloat16 --> F32, shape = {1}
INFO:hf-to-gguf:a.blk.8.conv_pw2.weight,               torch.bfloat16 --> BF16, shape = {1024, 1024}
INFO:hf-to-gguf:a.blk.8.conv_pw2.output_max,           torch.bfloat16 --> F32, shape = {1}
INFO:hf-to-gguf:a.blk.8.conv_pw2.output_min,           torch.bfloat16 --> F32, shape = {1}
INFO:hf-to-gguf:a.blk.8.conv_pw1.input_max,            torch.bfloat16 --> F32, shape = {1}
INFO:hf-to-gguf:a.blk.8.conv_pw1.input_min,            torch.bfloat16 --> F32, shape = {1}
INFO:hf-to-gguf:a.blk.8.conv_pw1.weight,               torch.bfloat16 --> BF16, shape = {1024, 2048}
INFO:hf-to-gguf:a.blk.8.conv_pw1.output_max,           torch.bfloat16 --> F32, shape = {1}
INFO:hf-to-gguf:a.blk.8.conv_pw1.output_min,           torch.bfloat16 --> F32, shape = {1}
INFO:hf-to-gguf:a.blk.8.conv_norm.weight,              torch.bfloat16 --> F32, shape = {1024}
INFO:hf-to-gguf:a.blk.8.ln2.weight,                    torch.bfloat16 --> F32, shape = {1024}
INFO:hf-to-gguf:a.blk.8.attn_post_norm.weight,         torch.bfloat16 --> F32, shape = {1024}
INFO:hf-to-gguf:a.blk.8.attn_pre_norm.weight,          torch.bfloat16 --> F32, shape = {1024}
INFO:hf-to-gguf:a.blk.8.attn_k.input_max,              torch.bfloat16 --> F32, shape = {1}
INFO:hf-to-gguf:a.blk.8.attn_k.input_min,              torch.bfloat16 --> F32, shape = {1}
INFO:hf-to-gguf:a.blk.8.attn_k.weight,                 torch.bfloat16 --> BF16, shape = {1024, 1024}
INFO:hf-to-gguf:a.blk.8.attn_k.output_max,             torch.bfloat16 --> F32, shape = {1}
INFO:hf-to-gguf:a.blk.8.attn_k.output_min,             torch.bfloat16 --> F32, shape = {1}
INFO:hf-to-gguf:a.blk.8.per_dim_scale.weight,          torch.bfloat16 --> F32, shape = {128}
INFO:hf-to-gguf:a.blk.8.attn_out.input_max,            torch.bfloat16 --> F32, shape = {1}
INFO:hf-to-gguf:a.blk.8.attn_out.input_min,            torch.bfloat16 --> F32, shape = {1}
INFO:hf-to-gguf:a.blk.8.attn_out.weight,               torch.bfloat16 --> BF16, shape = {1024, 1024}
INFO:hf-to-gguf:a.blk.8.attn_out.output_max,           torch.bfloat16 --> F32, shape = {1}
INFO:hf-to-gguf:a.blk.8.attn_out.output_min,           torch.bfloat16 --> F32, shape = {1}
INFO:hf-to-gguf:a.blk.8.attn_q.input_max,              torch.bfloat16 --> F32, shape = {1}
INFO:hf-to-gguf:a.blk.8.attn_q.input_min,              torch.bfloat16 --> F32, shape = {1}
INFO:hf-to-gguf:a.blk.8.attn_q.weight,                 torch.bfloat16 --> BF16, shape = {1024, 1024}
INFO:hf-to-gguf:a.blk.8.attn_q.output_max,             torch.bfloat16 --> F32, shape = {1}
INFO:hf-to-gguf:a.blk.8.attn_q.output_min,             torch.bfloat16 --> F32, shape = {1}
INFO:hf-to-gguf:a.blk.8.attn_k_rel.weight,             torch.bfloat16 --> BF16, shape = {1024, 1024}
INFO:hf-to-gguf:a.blk.8.attn_v.input_max,              torch.bfloat16 --> F32, shape = {1}
INFO:hf-to-gguf:a.blk.8.attn_v.input_min,              torch.bfloat16 --> F32, shape = {1}
INFO:hf-to-gguf:a.blk.8.attn_v.weight,                 torch.bfloat16 --> BF16, shape = {1024, 1024}
INFO:hf-to-gguf:a.blk.8.attn_v.output_max,             torch.bfloat16 --> F32, shape = {1}
INFO:hf-to-gguf:a.blk.8.attn_v.output_min,             torch.bfloat16 --> F32, shape = {1}
INFO:hf-to-gguf:a.blk.9.ffn_up.input_max,              torch.bfloat16 --> F32, shape = {1}
INFO:hf-to-gguf:a.blk.9.ffn_up.input_min,              torch.bfloat16 --> F32, shape = {1}
INFO:hf-to-gguf:a.blk.9.ffn_up.weight,                 torch.bfloat16 --> BF16, shape = {1024, 4096}
INFO:hf-to-gguf:a.blk.9.ffn_up.output_max,             torch.bfloat16 --> F32, shape = {1}
INFO:hf-to-gguf:a.blk.9.ffn_up.output_min,             torch.bfloat16 --> F32, shape = {1}
INFO:hf-to-gguf:a.blk.9.ffn_down.input_max,            torch.bfloat16 --> F32, shape = {1}
INFO:hf-to-gguf:a.blk.9.ffn_down.input_min,            torch.bfloat16 --> F32, shape = {1}
INFO:hf-to-gguf:a.blk.9.ffn_down.weight,               torch.bfloat16 --> BF16, shape = {4096, 1024}
INFO:hf-to-gguf:a.blk.9.ffn_down.output_max,           torch.bfloat16 --> F32, shape = {1}
INFO:hf-to-gguf:a.blk.9.ffn_down.output_min,           torch.bfloat16 --> F32, shape = {1}
INFO:hf-to-gguf:a.blk.9.ffn_post_norm.weight,          torch.bfloat16 --> F32, shape = {1024}
INFO:hf-to-gguf:a.blk.9.ffn_norm.weight,               torch.bfloat16 --> F32, shape = {1024}
INFO:hf-to-gguf:a.blk.9.ffn_up_1.input_max,            torch.bfloat16 --> F32, shape = {1}
INFO:hf-to-gguf:a.blk.9.ffn_up_1.input_min,            torch.bfloat16 --> F32, shape = {1}
INFO:hf-to-gguf:a.blk.9.ffn_up_1.weight,               torch.bfloat16 --> BF16, shape = {1024, 4096}
INFO:hf-to-gguf:a.blk.9.ffn_up_1.output_max,           torch.bfloat16 --> F32, shape = {1}
INFO:hf-to-gguf:a.blk.9.ffn_up_1.output_min,           torch.bfloat16 --> F32, shape = {1}
INFO:hf-to-gguf:a.blk.9.ffn_down_1.input_max,          torch.bfloat16 --> F32, shape = {1}
INFO:hf-to-gguf:a.blk.9.ffn_down_1.input_min,          torch.bfloat16 --> F32, shape = {1}
INFO:hf-to-gguf:a.blk.9.ffn_down_1.weight,             torch.bfloat16 --> BF16, shape = {4096, 1024}
INFO:hf-to-gguf:a.blk.9.ffn_down_1.output_max,         torch.bfloat16 --> F32, shape = {1}
INFO:hf-to-gguf:a.blk.9.ffn_down_1.output_min,         torch.bfloat16 --> F32, shape = {1}
INFO:hf-to-gguf:a.blk.9.ffn_post_norm_1.weight,        torch.bfloat16 --> F32, shape = {1024}
INFO:hf-to-gguf:a.blk.9.ffn_norm_1.weight,             torch.bfloat16 --> F32, shape = {1024}
INFO:hf-to-gguf:a.blk.9.norm_conv.weight,              torch.bfloat16 --> F32, shape = {1024}
INFO:hf-to-gguf:a.blk.9.conv_dw.weight,                torch.bfloat16 --> F32, shape = {5, 1024}
INFO:hf-to-gguf:a.blk.9.conv_pw2.input_max,            torch.bfloat16 --> F32, shape = {1}
INFO:hf-to-gguf:a.blk.9.conv_pw2.input_min,            torch.bfloat16 --> F32, shape = {1}
INFO:hf-to-gguf:a.blk.9.conv_pw2.weight,               torch.bfloat16 --> BF16, shape = {1024, 1024}
INFO:hf-to-gguf:a.blk.9.conv_pw2.output_max,           torch.bfloat16 --> F32, shape = {1}
INFO:hf-to-gguf:a.blk.9.conv_pw2.output_min,           torch.bfloat16 --> F32, shape = {1}
INFO:hf-to-gguf:a.blk.9.conv_pw1.input_max,            torch.bfloat16 --> F32, shape = {1}
INFO:hf-to-gguf:a.blk.9.conv_pw1.input_min,            torch.bfloat16 --> F32, shape = {1}
INFO:hf-to-gguf:a.blk.9.conv_pw1.weight,               torch.bfloat16 --> BF16, shape = {1024, 2048}
INFO:hf-to-gguf:a.blk.9.conv_pw1.output_max,           torch.bfloat16 --> F32, shape = {1}
INFO:hf-to-gguf:a.blk.9.conv_pw1.output_min,           torch.bfloat16 --> F32, shape = {1}
INFO:hf-to-gguf:a.blk.9.conv_norm.weight,              torch.bfloat16 --> F32, shape = {1024}
INFO:hf-to-gguf:a.blk.9.ln2.weight,                    torch.bfloat16 --> F32, shape = {1024}
INFO:hf-to-gguf:a.blk.9.attn_post_norm.weight,         torch.bfloat16 --> F32, shape = {1024}
INFO:hf-to-gguf:a.blk.9.attn_pre_norm.weight,          torch.bfloat16 --> F32, shape = {1024}
INFO:hf-to-gguf:a.blk.9.attn_k.input_max,              torch.bfloat16 --> F32, shape = {1}
INFO:hf-to-gguf:a.blk.9.attn_k.input_min,              torch.bfloat16 --> F32, shape = {1}
INFO:hf-to-gguf:a.blk.9.attn_k.weight,                 torch.bfloat16 --> BF16, shape = {1024, 1024}
INFO:hf-to-gguf:a.blk.9.attn_k.output_max,             torch.bfloat16 --> F32, shape = {1}
INFO:hf-to-gguf:a.blk.9.attn_k.output_min,             torch.bfloat16 --> F32, shape = {1}
INFO:hf-to-gguf:a.blk.9.per_dim_scale.weight,          torch.bfloat16 --> F32, shape = {128}
INFO:hf-to-gguf:a.blk.9.attn_out.input_max,            torch.bfloat16 --> F32, shape = {1}
INFO:hf-to-gguf:a.blk.9.attn_out.input_min,            torch.bfloat16 --> F32, shape = {1}
INFO:hf-to-gguf:a.blk.9.attn_out.weight,               torch.bfloat16 --> BF16, shape = {1024, 1024}
INFO:hf-to-gguf:a.blk.9.attn_out.output_max,           torch.bfloat16 --> F32, shape = {1}
INFO:hf-to-gguf:a.blk.9.attn_out.output_min,           torch.bfloat16 --> F32, shape = {1}
INFO:hf-to-gguf:a.blk.9.attn_q.input_max,              torch.bfloat16 --> F32, shape = {1}
INFO:hf-to-gguf:a.blk.9.attn_q.input_min,              torch.bfloat16 --> F32, shape = {1}
INFO:hf-to-gguf:a.blk.9.attn_q.weight,                 torch.bfloat16 --> BF16, shape = {1024, 1024}
INFO:hf-to-gguf:a.blk.9.attn_q.output_max,             torch.bfloat16 --> F32, shape = {1}
INFO:hf-to-gguf:a.blk.9.attn_q.output_min,             torch.bfloat16 --> F32, shape = {1}
INFO:hf-to-gguf:a.blk.9.attn_k_rel.weight,             torch.bfloat16 --> BF16, shape = {1024, 1024}
INFO:hf-to-gguf:a.blk.9.attn_v.input_max,              torch.bfloat16 --> F32, shape = {1}
INFO:hf-to-gguf:a.blk.9.attn_v.input_min,              torch.bfloat16 --> F32, shape = {1}
INFO:hf-to-gguf:a.blk.9.attn_v.weight,                 torch.bfloat16 --> BF16, shape = {1024, 1024}
INFO:hf-to-gguf:a.blk.9.attn_v.output_max,             torch.bfloat16 --> F32, shape = {1}
INFO:hf-to-gguf:a.blk.9.attn_v.output_min,             torch.bfloat16 --> F32, shape = {1}
INFO:hf-to-gguf:a.pre_encode.out.bias,                 torch.bfloat16 --> F32, shape = {1536}
INFO:hf-to-gguf:a.pre_encode.out.weight,               torch.bfloat16 --> BF16, shape = {1024, 1536}
INFO:hf-to-gguf:a.input_projection.weight,             torch.bfloat16 --> F32, shape = {1024, 1024}
INFO:hf-to-gguf:a.conv1d.0.weight,                     torch.bfloat16 --> F32, shape = {3, 3, 1, 128}
INFO:hf-to-gguf:a.conv1d.0.norm.weight,                torch.bfloat16 --> F32, shape = {128}
INFO:hf-to-gguf:a.conv1d.1.weight,                     torch.bfloat16 --> F32, shape = {3, 3, 128, 32}
INFO:hf-to-gguf:a.conv1d.1.norm.weight,                torch.bfloat16 --> F32, shape = {32}
INFO:hf-to-gguf:mm.a.input_projection.weight,          torch.bfloat16 --> BF16, shape = {1536, 2560}
INFO:hf-to-gguf:mm.input_projection.weight,            torch.bfloat16 --> BF16, shape = {768, 2560}
INFO:hf-to-gguf:v.blk.0.ln1.weight,                    torch.bfloat16 --> F32, shape = {768}
INFO:hf-to-gguf:v.blk.0.ffn_down.input_max,            torch.bfloat16 --> F32, shape = {1}
INFO:hf-to-gguf:v.blk.0.ffn_down.input_min,            torch.bfloat16 --> F32, shape = {1}
INFO:hf-to-gguf:v.blk.0.ffn_down.weight,               torch.bfloat16 --> BF16, shape = {3072, 768}
INFO:hf-to-gguf:v.blk.0.ffn_down.output_max,           torch.bfloat16 --> F32, shape = {1}
INFO:hf-to-gguf:v.blk.0.ffn_down.output_min,           torch.bfloat16 --> F32, shape = {1}
INFO:hf-to-gguf:v.blk.0.ffn_gate.input_max,            torch.bfloat16 --> F32, shape = {1}
INFO:hf-to-gguf:v.blk.0.ffn_gate.input_min,            torch.bfloat16 --> F32, shape = {1}
INFO:hf-to-gguf:v.blk.0.ffn_gate.weight,               torch.bfloat16 --> BF16, shape = {768, 3072}
INFO:hf-to-gguf:v.blk.0.ffn_gate.output_max,           torch.bfloat16 --> F32, shape = {1}
INFO:hf-to-gguf:v.blk.0.ffn_gate.output_min,           torch.bfloat16 --> F32, shape = {1}
INFO:hf-to-gguf:v.blk.0.ffn_up.input_max,              torch.bfloat16 --> F32, shape = {1}
INFO:hf-to-gguf:v.blk.0.ffn_up.input_min,              torch.bfloat16 --> F32, shape = {1}
INFO:hf-to-gguf:v.blk.0.ffn_up.weight,                 torch.bfloat16 --> BF16, shape = {768, 3072}
INFO:hf-to-gguf:v.blk.0.ffn_up.output_max,             torch.bfloat16 --> F32, shape = {1}
INFO:hf-to-gguf:v.blk.0.ffn_up.output_min,             torch.bfloat16 --> F32, shape = {1}
INFO:hf-to-gguf:v.blk.0.attn_post_norm.weight,         torch.bfloat16 --> F32, shape = {768}
INFO:hf-to-gguf:v.blk.0.ffn_post_norm.weight,          torch.bfloat16 --> F32, shape = {768}
INFO:hf-to-gguf:v.blk.0.ln2.weight,                    torch.bfloat16 --> F32, shape = {768}
INFO:hf-to-gguf:v.blk.0.attn_k_norm.weight,            torch.bfloat16 --> F32, shape = {64}
INFO:hf-to-gguf:v.blk.0.attn_k.input_max,              torch.bfloat16 --> F32, shape = {1}
INFO:hf-to-gguf:v.blk.0.attn_k.input_min,              torch.bfloat16 --> F32, shape = {1}
INFO:hf-to-gguf:v.blk.0.attn_k.weight,                 torch.bfloat16 --> BF16, shape = {768, 768}
INFO:hf-to-gguf:v.blk.0.attn_k.output_max,             torch.bfloat16 --> F32, shape = {1}
INFO:hf-to-gguf:v.blk.0.attn_k.output_min,             torch.bfloat16 --> F32, shape = {1}
INFO:hf-to-gguf:v.blk.0.attn_out.input_max,            torch.bfloat16 --> F32, shape = {1}
INFO:hf-to-gguf:v.blk.0.attn_out.input_min,            torch.bfloat16 --> F32, shape = {1}
INFO:hf-to-gguf:v.blk.0.attn_out.weight,               torch.bfloat16 --> BF16, shape = {768, 768}
INFO:hf-to-gguf:v.blk.0.attn_out.output_max,           torch.bfloat16 --> F32, shape = {1}
INFO:hf-to-gguf:v.blk.0.attn_out.output_min,           torch.bfloat16 --> F32, shape = {1}
INFO:hf-to-gguf:v.blk.0.attn_q_norm.weight,            torch.bfloat16 --> F32, shape = {64}
INFO:hf-to-gguf:v.blk.0.attn_q.input_max,              torch.bfloat16 --> F32, shape = {1}
INFO:hf-to-gguf:v.blk.0.attn_q.input_min,              torch.bfloat16 --> F32, shape = {1}
INFO:hf-to-gguf:v.blk.0.attn_q.weight,                 torch.bfloat16 --> BF16, shape = {768, 768}
INFO:hf-to-gguf:v.blk.0.attn_q.output_max,             torch.bfloat16 --> F32, shape = {1}
INFO:hf-to-gguf:v.blk.0.attn_q.output_min,             torch.bfloat16 --> F32, shape = {1}
INFO:hf-to-gguf:v.blk.0.attn_v.input_max,              torch.bfloat16 --> F32, shape = {1}
INFO:hf-to-gguf:v.blk.0.attn_v.input_min,              torch.bfloat16 --> F32, shape = {1}
INFO:hf-to-gguf:v.blk.0.attn_v.weight,                 torch.bfloat16 --> BF16, shape = {768, 768}
INFO:hf-to-gguf:v.blk.0.attn_v.output_max,             torch.bfloat16 --> F32, shape = {1}
INFO:hf-to-gguf:v.blk.0.attn_v.output_min,             torch.bfloat16 --> F32, shape = {1}
INFO:hf-to-gguf:v.blk.1.ln1.weight,                    torch.bfloat16 --> F32, shape = {768}
INFO:hf-to-gguf:v.blk.1.ffn_down.input_max,            torch.bfloat16 --> F32, shape = {1}
INFO:hf-to-gguf:v.blk.1.ffn_down.input_min,            torch.bfloat16 --> F32, shape = {1}
INFO:hf-to-gguf:v.blk.1.ffn_down.weight,               torch.bfloat16 --> BF16, shape = {3072, 768}
INFO:hf-to-gguf:v.blk.1.ffn_down.output_max,           torch.bfloat16 --> F32, shape = {1}
INFO:hf-to-gguf:v.blk.1.ffn_down.output_min,           torch.bfloat16 --> F32, shape = {1}
INFO:hf-to-gguf:v.blk.1.ffn_gate.input_max,            torch.bfloat16 --> F32, shape = {1}
INFO:hf-to-gguf:v.blk.1.ffn_gate.input_min,            torch.bfloat16 --> F32, shape = {1}
INFO:hf-to-gguf:v.blk.1.ffn_gate.weight,               torch.bfloat16 --> BF16, shape = {768, 3072}
INFO:hf-to-gguf:v.blk.1.ffn_gate.output_max,           torch.bfloat16 --> F32, shape = {1}
INFO:hf-to-gguf:v.blk.1.ffn_gate.output_min,           torch.bfloat16 --> F32, shape = {1}
INFO:hf-to-gguf:v.blk.1.ffn_up.input_max,              torch.bfloat16 --> F32, shape = {1}
INFO:hf-to-gguf:v.blk.1.ffn_up.input_min,              torch.bfloat16 --> F32, shape = {1}
INFO:hf-to-gguf:v.blk.1.ffn_up.weight,                 torch.bfloat16 --> BF16, shape = {768, 3072}
INFO:hf-to-gguf:v.blk.1.ffn_up.output_max,             torch.bfloat16 --> F32, shape = {1}
INFO:hf-to-gguf:v.blk.1.ffn_up.output_min,             torch.bfloat16 --> F32, shape = {1}
INFO:hf-to-gguf:v.blk.1.attn_post_norm.weight,         torch.bfloat16 --> F32, shape = {768}
INFO:hf-to-gguf:v.blk.1.ffn_post_norm.weight,          torch.bfloat16 --> F32, shape = {768}
INFO:hf-to-gguf:v.blk.1.ln2.weight,                    torch.bfloat16 --> F32, shape = {768}
INFO:hf-to-gguf:v.blk.1.attn_k_norm.weight,            torch.bfloat16 --> F32, shape = {64}
INFO:hf-to-gguf:v.blk.1.attn_k.input_max,              torch.bfloat16 --> F32, shape = {1}
INFO:hf-to-gguf:v.blk.1.attn_k.input_min,              torch.bfloat16 --> F32, shape = {1}
INFO:hf-to-gguf:v.blk.1.attn_k.weight,                 torch.bfloat16 --> BF16, shape = {768, 768}
INFO:hf-to-gguf:v.blk.1.attn_k.output_max,             torch.bfloat16 --> F32, shape = {1}
INFO:hf-to-gguf:v.blk.1.attn_k.output_min,             torch.bfloat16 --> F32, shape = {1}
INFO:hf-to-gguf:v.blk.1.attn_out.input_max,            torch.bfloat16 --> F32, shape = {1}
INFO:hf-to-gguf:v.blk.1.attn_out.input_min,            torch.bfloat16 --> F32, shape = {1}
INFO:hf-to-gguf:v.blk.1.attn_out.weight,               torch.bfloat16 --> BF16, shape = {768, 768}
INFO:hf-to-gguf:v.blk.1.attn_out.output_max,           torch.bfloat16 --> F32, shape = {1}
INFO:hf-to-gguf:v.blk.1.attn_out.output_min,           torch.bfloat16 --> F32, shape = {1}
INFO:hf-to-gguf:v.blk.1.attn_q_norm.weight,            torch.bfloat16 --> F32, shape = {64}
INFO:hf-to-gguf:v.blk.1.attn_q.input_max,              torch.bfloat16 --> F32, shape = {1}
INFO:hf-to-gguf:v.blk.1.attn_q.input_min,              torch.bfloat16 --> F32, shape = {1}
INFO:hf-to-gguf:v.blk.1.attn_q.weight,                 torch.bfloat16 --> BF16, shape = {768, 768}
INFO:hf-to-gguf:v.blk.1.attn_q.output_max,             torch.bfloat16 --> F32, shape = {1}
INFO:hf-to-gguf:v.blk.1.attn_q.output_min,             torch.bfloat16 --> F32, shape = {1}
INFO:hf-to-gguf:v.blk.1.attn_v.input_max,              torch.bfloat16 --> F32, shape = {1}
INFO:hf-to-gguf:v.blk.1.attn_v.input_min,              torch.bfloat16 --> F32, shape = {1}
INFO:hf-to-gguf:v.blk.1.attn_v.weight,                 torch.bfloat16 --> BF16, shape = {768, 768}
INFO:hf-to-gguf:v.blk.1.attn_v.output_max,             torch.bfloat16 --> F32, shape = {1}
INFO:hf-to-gguf:v.blk.1.attn_v.output_min,             torch.bfloat16 --> F32, shape = {1}
INFO:hf-to-gguf:v.blk.10.ln1.weight,                   torch.bfloat16 --> F32, shape = {768}
INFO:hf-to-gguf:v.blk.10.ffn_down.input_max,           torch.bfloat16 --> F32, shape = {1}
INFO:hf-to-gguf:v.blk.10.ffn_down.input_min,           torch.bfloat16 --> F32, shape = {1}
INFO:hf-to-gguf:v.blk.10.ffn_down.weight,              torch.bfloat16 --> BF16, shape = {3072, 768}
INFO:hf-to-gguf:v.blk.10.ffn_down.output_max,          torch.bfloat16 --> F32, shape = {1}
INFO:hf-to-gguf:v.blk.10.ffn_down.output_min,          torch.bfloat16 --> F32, shape = {1}
INFO:hf-to-gguf:v.blk.10.ffn_gate.input_max,           torch.bfloat16 --> F32, shape = {1}
INFO:hf-to-gguf:v.blk.10.ffn_gate.input_min,           torch.bfloat16 --> F32, shape = {1}
INFO:hf-to-gguf:v.blk.10.ffn_gate.weight,              torch.bfloat16 --> BF16, shape = {768, 3072}
INFO:hf-to-gguf:v.blk.10.ffn_gate.output_max,          torch.bfloat16 --> F32, shape = {1}
INFO:hf-to-gguf:v.blk.10.ffn_gate.output_min,          torch.bfloat16 --> F32, shape = {1}
INFO:hf-to-gguf:v.blk.10.ffn_up.input_max,             torch.bfloat16 --> F32, shape = {1}
INFO:hf-to-gguf:v.blk.10.ffn_up.input_min,             torch.bfloat16 --> F32, shape = {1}
INFO:hf-to-gguf:v.blk.10.ffn_up.weight,                torch.bfloat16 --> BF16, shape = {768, 3072}
INFO:hf-to-gguf:v.blk.10.ffn_up.output_max,            torch.bfloat16 --> F32, shape = {1}
INFO:hf-to-gguf:v.blk.10.ffn_up.output_min,            torch.bfloat16 --> F32, shape = {1}
INFO:hf-to-gguf:v.blk.10.attn_post_norm.weight,        torch.bfloat16 --> F32, shape = {768}
INFO:hf-to-gguf:v.blk.10.ffn_post_norm.weight,         torch.bfloat16 --> F32, shape = {768}
INFO:hf-to-gguf:v.blk.10.ln2.weight,                   torch.bfloat16 --> F32, shape = {768}
INFO:hf-to-gguf:v.blk.10.attn_k_norm.weight,           torch.bfloat16 --> F32, shape = {64}
INFO:hf-to-gguf:v.blk.10.attn_k.input_max,             torch.bfloat16 --> F32, shape = {1}
INFO:hf-to-gguf:v.blk.10.attn_k.input_min,             torch.bfloat16 --> F32, shape = {1}
INFO:hf-to-gguf:v.blk.10.attn_k.weight,                torch.bfloat16 --> BF16, shape = {768, 768}
INFO:hf-to-gguf:v.blk.10.attn_k.output_max,            torch.bfloat16 --> F32, shape = {1}
INFO:hf-to-gguf:v.blk.10.attn_k.output_min,            torch.bfloat16 --> F32, shape = {1}
INFO:hf-to-gguf:v.blk.10.attn_out.input_max,           torch.bfloat16 --> F32, shape = {1}
INFO:hf-to-gguf:v.blk.10.attn_out.input_min,           torch.bfloat16 --> F32, shape = {1}
INFO:hf-to-gguf:v.blk.10.attn_out.weight,              torch.bfloat16 --> BF16, shape = {768, 768}
INFO:hf-to-gguf:v.blk.10.attn_out.output_max,          torch.bfloat16 --> F32, shape = {1}
INFO:hf-to-gguf:v.blk.10.attn_out.output_min,          torch.bfloat16 --> F32, shape = {1}
INFO:hf-to-gguf:v.blk.10.attn_q_norm.weight,           torch.bfloat16 --> F32, shape = {64}
INFO:hf-to-gguf:v.blk.10.attn_q.input_max,             torch.bfloat16 --> F32, shape = {1}
INFO:hf-to-gguf:v.blk.10.attn_q.input_min,             torch.bfloat16 --> F32, shape = {1}
INFO:hf-to-gguf:v.blk.10.attn_q.weight,                torch.bfloat16 --> BF16, shape = {768, 768}
INFO:hf-to-gguf:v.blk.10.attn_q.output_max,            torch.bfloat16 --> F32, shape = {1}
INFO:hf-to-gguf:v.blk.10.attn_q.output_min,            torch.bfloat16 --> F32, shape = {1}
INFO:hf-to-gguf:v.blk.10.attn_v.input_max,             torch.bfloat16 --> F32, shape = {1}
INFO:hf-to-gguf:v.blk.10.attn_v.input_min,             torch.bfloat16 --> F32, shape = {1}
INFO:hf-to-gguf:v.blk.10.attn_v.weight,                torch.bfloat16 --> BF16, shape = {768, 768}
INFO:hf-to-gguf:v.blk.10.attn_v.output_max,            torch.bfloat16 --> F32, shape = {1}
INFO:hf-to-gguf:v.blk.10.attn_v.output_min,            torch.bfloat16 --> F32, shape = {1}
INFO:hf-to-gguf:v.blk.11.ln1.weight,                   torch.bfloat16 --> F32, shape = {768}
INFO:hf-to-gguf:v.blk.11.ffn_down.input_max,           torch.bfloat16 --> F32, shape = {1}
INFO:hf-to-gguf:v.blk.11.ffn_down.input_min,           torch.bfloat16 --> F32, shape = {1}
INFO:hf-to-gguf:v.blk.11.ffn_down.weight,              torch.bfloat16 --> BF16, shape = {3072, 768}
INFO:hf-to-gguf:v.blk.11.ffn_down.output_max,          torch.bfloat16 --> F32, shape = {1}
INFO:hf-to-gguf:v.blk.11.ffn_down.output_min,          torch.bfloat16 --> F32, shape = {1}
INFO:hf-to-gguf:v.blk.11.ffn_gate.input_max,           torch.bfloat16 --> F32, shape = {1}
INFO:hf-to-gguf:v.blk.11.ffn_gate.input_min,           torch.bfloat16 --> F32, shape = {1}
INFO:hf-to-gguf:v.blk.11.ffn_gate.weight,              torch.bfloat16 --> BF16, shape = {768, 3072}
INFO:hf-to-gguf:v.blk.11.ffn_gate.output_max,          torch.bfloat16 --> F32, shape = {1}
INFO:hf-to-gguf:v.blk.11.ffn_gate.output_min,          torch.bfloat16 --> F32, shape = {1}
INFO:hf-to-gguf:v.blk.11.ffn_up.input_max,             torch.bfloat16 --> F32, shape = {1}
INFO:hf-to-gguf:v.blk.11.ffn_up.input_min,             torch.bfloat16 --> F32, shape = {1}
INFO:hf-to-gguf:v.blk.11.ffn_up.weight,                torch.bfloat16 --> BF16, shape = {768, 3072}
INFO:hf-to-gguf:v.blk.11.ffn_up.output_max,            torch.bfloat16 --> F32, shape = {1}
INFO:hf-to-gguf:v.blk.11.ffn_up.output_min,            torch.bfloat16 --> F32, shape = {1}
INFO:hf-to-gguf:v.blk.11.attn_post_norm.weight,        torch.bfloat16 --> F32, shape = {768}
INFO:hf-to-gguf:v.blk.11.ffn_post_norm.weight,         torch.bfloat16 --> F32, shape = {768}
INFO:hf-to-gguf:v.blk.11.ln2.weight,                   torch.bfloat16 --> F32, shape = {768}
INFO:hf-to-gguf:v.blk.11.attn_k_norm.weight,           torch.bfloat16 --> F32, shape = {64}
INFO:hf-to-gguf:v.blk.11.attn_k.input_max,             torch.bfloat16 --> F32, shape = {1}
INFO:hf-to-gguf:v.blk.11.attn_k.input_min,             torch.bfloat16 --> F32, shape = {1}
INFO:hf-to-gguf:v.blk.11.attn_k.weight,                torch.bfloat16 --> BF16, shape = {768, 768}
INFO:hf-to-gguf:v.blk.11.attn_k.output_max,            torch.bfloat16 --> F32, shape = {1}
INFO:hf-to-gguf:v.blk.11.attn_k.output_min,            torch.bfloat16 --> F32, shape = {1}
INFO:hf-to-gguf:v.blk.11.attn_out.input_max,           torch.bfloat16 --> F32, shape = {1}
INFO:hf-to-gguf:v.blk.11.attn_out.input_min,           torch.bfloat16 --> F32, shape = {1}
INFO:hf-to-gguf:v.blk.11.attn_out.weight,              torch.bfloat16 --> BF16, shape = {768, 768}
INFO:hf-to-gguf:v.blk.11.attn_out.output_max,          torch.bfloat16 --> F32, shape = {1}
INFO:hf-to-gguf:v.blk.11.attn_out.output_min,          torch.bfloat16 --> F32, shape = {1}
INFO:hf-to-gguf:v.blk.11.attn_q_norm.weight,           torch.bfloat16 --> F32, shape = {64}
INFO:hf-to-gguf:v.blk.11.attn_q.input_max,             torch.bfloat16 --> F32, shape = {1}
INFO:hf-to-gguf:v.blk.11.attn_q.input_min,             torch.bfloat16 --> F32, shape = {1}
INFO:hf-to-gguf:v.blk.11.attn_q.weight,                torch.bfloat16 --> BF16, shape = {768, 768}
INFO:hf-to-gguf:v.blk.11.attn_q.output_max,            torch.bfloat16 --> F32, shape = {1}
INFO:hf-to-gguf:v.blk.11.attn_q.output_min,            torch.bfloat16 --> F32, shape = {1}
INFO:hf-to-gguf:v.blk.11.attn_v.input_max,             torch.bfloat16 --> F32, shape = {1}
INFO:hf-to-gguf:v.blk.11.attn_v.input_min,             torch.bfloat16 --> F32, shape = {1}
INFO:hf-to-gguf:v.blk.11.attn_v.weight,                torch.bfloat16 --> BF16, shape = {768, 768}
INFO:hf-to-gguf:v.blk.11.attn_v.output_max,            torch.bfloat16 --> F32, shape = {1}
INFO:hf-to-gguf:v.blk.11.attn_v.output_min,            torch.bfloat16 --> F32, shape = {1}
INFO:hf-to-gguf:v.blk.12.ln1.weight,                   torch.bfloat16 --> F32, shape = {768}
INFO:hf-to-gguf:v.blk.12.ffn_down.input_max,           torch.bfloat16 --> F32, shape = {1}
INFO:hf-to-gguf:v.blk.12.ffn_down.input_min,           torch.bfloat16 --> F32, shape = {1}
INFO:hf-to-gguf:v.blk.12.ffn_down.weight,              torch.bfloat16 --> BF16, shape = {3072, 768}
INFO:hf-to-gguf:v.blk.12.ffn_down.output_max,          torch.bfloat16 --> F32, shape = {1}
INFO:hf-to-gguf:v.blk.12.ffn_down.output_min,          torch.bfloat16 --> F32, shape = {1}
INFO:hf-to-gguf:v.blk.12.ffn_gate.input_max,           torch.bfloat16 --> F32, shape = {1}
INFO:hf-to-gguf:v.blk.12.ffn_gate.input_min,           torch.bfloat16 --> F32, shape = {1}
INFO:hf-to-gguf:v.blk.12.ffn_gate.weight,              torch.bfloat16 --> BF16, shape = {768, 3072}
INFO:hf-to-gguf:v.blk.12.ffn_gate.output_max,          torch.bfloat16 --> F32, shape = {1}
INFO:hf-to-gguf:v.blk.12.ffn_gate.output_min,          torch.bfloat16 --> F32, shape = {1}
INFO:hf-to-gguf:v.blk.12.ffn_up.input_max,             torch.bfloat16 --> F32, shape = {1}
INFO:hf-to-gguf:v.blk.12.ffn_up.input_min,             torch.bfloat16 --> F32, shape = {1}
INFO:hf-to-gguf:v.blk.12.ffn_up.weight,                torch.bfloat16 --> BF16, shape = {768, 3072}
INFO:hf-to-gguf:v.blk.12.ffn_up.output_max,            torch.bfloat16 --> F32, shape = {1}
INFO:hf-to-gguf:v.blk.12.ffn_up.output_min,            torch.bfloat16 --> F32, shape = {1}
INFO:hf-to-gguf:v.blk.12.attn_post_norm.weight,        torch.bfloat16 --> F32, shape = {768}
INFO:hf-to-gguf:v.blk.12.ffn_post_norm.weight,         torch.bfloat16 --> F32, shape = {768}
INFO:hf-to-gguf:v.blk.12.ln2.weight,                   torch.bfloat16 --> F32, shape = {768}
INFO:hf-to-gguf:v.blk.12.attn_k_norm.weight,           torch.bfloat16 --> F32, shape = {64}
INFO:hf-to-gguf:v.blk.12.attn_k.input_max,             torch.bfloat16 --> F32, shape = {1}
INFO:hf-to-gguf:v.blk.12.attn_k.input_min,             torch.bfloat16 --> F32, shape = {1}
INFO:hf-to-gguf:v.blk.12.attn_k.weight,                torch.bfloat16 --> BF16, shape = {768, 768}
INFO:hf-to-gguf:v.blk.12.attn_k.output_max,            torch.bfloat16 --> F32, shape = {1}
INFO:hf-to-gguf:v.blk.12.attn_k.output_min,            torch.bfloat16 --> F32, shape = {1}
INFO:hf-to-gguf:v.blk.12.attn_out.input_max,           torch.bfloat16 --> F32, shape = {1}
INFO:hf-to-gguf:v.blk.12.attn_out.input_min,           torch.bfloat16 --> F32, shape = {1}
INFO:hf-to-gguf:v.blk.12.attn_out.weight,              torch.bfloat16 --> BF16, shape = {768, 768}
INFO:hf-to-gguf:v.blk.12.attn_out.output_max,          torch.bfloat16 --> F32, shape = {1}
INFO:hf-to-gguf:v.blk.12.attn_out.output_min,          torch.bfloat16 --> F32, shape = {1}
INFO:hf-to-gguf:v.blk.12.attn_q_norm.weight,           torch.bfloat16 --> F32, shape = {64}
INFO:hf-to-gguf:v.blk.12.attn_q.input_max,             torch.bfloat16 --> F32, shape = {1}
INFO:hf-to-gguf:v.blk.12.attn_q.input_min,             torch.bfloat16 --> F32, shape = {1}
INFO:hf-to-gguf:v.blk.12.attn_q.weight,                torch.bfloat16 --> BF16, shape = {768, 768}
INFO:hf-to-gguf:v.blk.12.attn_q.output_max,            torch.bfloat16 --> F32, shape = {1}
INFO:hf-to-gguf:v.blk.12.attn_q.output_min,            torch.bfloat16 --> F32, shape = {1}
INFO:hf-to-gguf:v.blk.12.attn_v.input_max,             torch.bfloat16 --> F32, shape = {1}
INFO:hf-to-gguf:v.blk.12.attn_v.input_min,             torch.bfloat16 --> F32, shape = {1}
INFO:hf-to-gguf:v.blk.12.attn_v.weight,                torch.bfloat16 --> BF16, shape = {768, 768}
INFO:hf-to-gguf:v.blk.12.attn_v.output_max,            torch.bfloat16 --> F32, shape = {1}
INFO:hf-to-gguf:v.blk.12.attn_v.output_min,            torch.bfloat16 --> F32, shape = {1}
INFO:hf-to-gguf:v.blk.13.ln1.weight,                   torch.bfloat16 --> F32, shape = {768}
INFO:hf-to-gguf:v.blk.13.ffn_down.input_max,           torch.bfloat16 --> F32, shape = {1}
INFO:hf-to-gguf:v.blk.13.ffn_down.input_min,           torch.bfloat16 --> F32, shape = {1}
INFO:hf-to-gguf:v.blk.13.ffn_down.weight,              torch.bfloat16 --> BF16, shape = {3072, 768}
INFO:hf-to-gguf:v.blk.13.ffn_down.output_max,          torch.bfloat16 --> F32, shape = {1}
INFO:hf-to-gguf:v.blk.13.ffn_down.output_min,          torch.bfloat16 --> F32, shape = {1}
INFO:hf-to-gguf:v.blk.13.ffn_gate.input_max,           torch.bfloat16 --> F32, shape = {1}
INFO:hf-to-gguf:v.blk.13.ffn_gate.input_min,           torch.bfloat16 --> F32, shape = {1}
INFO:hf-to-gguf:v.blk.13.ffn_gate.weight,              torch.bfloat16 --> BF16, shape = {768, 3072}
INFO:hf-to-gguf:v.blk.13.ffn_gate.output_max,          torch.bfloat16 --> F32, shape = {1}
INFO:hf-to-gguf:v.blk.13.ffn_gate.output_min,          torch.bfloat16 --> F32, shape = {1}
INFO:hf-to-gguf:v.blk.13.ffn_up.input_max,             torch.bfloat16 --> F32, shape = {1}
INFO:hf-to-gguf:v.blk.13.ffn_up.input_min,             torch.bfloat16 --> F32, shape = {1}
INFO:hf-to-gguf:v.blk.13.ffn_up.weight,                torch.bfloat16 --> BF16, shape = {768, 3072}
INFO:hf-to-gguf:v.blk.13.ffn_up.output_max,            torch.bfloat16 --> F32, shape = {1}
INFO:hf-to-gguf:v.blk.13.ffn_up.output_min,            torch.bfloat16 --> F32, shape = {1}
INFO:hf-to-gguf:v.blk.13.attn_post_norm.weight,        torch.bfloat16 --> F32, shape = {768}
INFO:hf-to-gguf:v.blk.13.ffn_post_norm.weight,         torch.bfloat16 --> F32, shape = {768}
INFO:hf-to-gguf:v.blk.13.ln2.weight,                   torch.bfloat16 --> F32, shape = {768}
INFO:hf-to-gguf:v.blk.13.attn_k_norm.weight,           torch.bfloat16 --> F32, shape = {64}
INFO:hf-to-gguf:v.blk.13.attn_k.input_max,             torch.bfloat16 --> F32, shape = {1}
INFO:hf-to-gguf:v.blk.13.attn_k.input_min,             torch.bfloat16 --> F32, shape = {1}
INFO:hf-to-gguf:v.blk.13.attn_k.weight,                torch.bfloat16 --> BF16, shape = {768, 768}
INFO:hf-to-gguf:v.blk.13.attn_k.output_max,            torch.bfloat16 --> F32, shape = {1}
INFO:hf-to-gguf:v.blk.13.attn_k.output_min,            torch.bfloat16 --> F32, shape = {1}
INFO:hf-to-gguf:v.blk.13.attn_out.input_max,           torch.bfloat16 --> F32, shape = {1}
INFO:hf-to-gguf:v.blk.13.attn_out.input_min,           torch.bfloat16 --> F32, shape = {1}
INFO:hf-to-gguf:v.blk.13.attn_out.weight,              torch.bfloat16 --> BF16, shape = {768, 768}
INFO:hf-to-gguf:v.blk.13.attn_out.output_max,          torch.bfloat16 --> F32, shape = {1}
INFO:hf-to-gguf:v.blk.13.attn_out.output_min,          torch.bfloat16 --> F32, shape = {1}
INFO:hf-to-gguf:v.blk.13.attn_q_norm.weight,           torch.bfloat16 --> F32, shape = {64}
INFO:hf-to-gguf:v.blk.13.attn_q.input_max,             torch.bfloat16 --> F32, shape = {1}
INFO:hf-to-gguf:v.blk.13.attn_q.input_min,             torch.bfloat16 --> F32, shape = {1}
INFO:hf-to-gguf:v.blk.13.attn_q.weight,                torch.bfloat16 --> BF16, shape = {768, 768}
INFO:hf-to-gguf:v.blk.13.attn_q.output_max,            torch.bfloat16 --> F32, shape = {1}
INFO:hf-to-gguf:v.blk.13.attn_q.output_min,            torch.bfloat16 --> F32, shape = {1}
INFO:hf-to-gguf:v.blk.13.attn_v.input_max,             torch.bfloat16 --> F32, shape = {1}
INFO:hf-to-gguf:v.blk.13.attn_v.input_min,             torch.bfloat16 --> F32, shape = {1}
INFO:hf-to-gguf:v.blk.13.attn_v.weight,                torch.bfloat16 --> BF16, shape = {768, 768}
INFO:hf-to-gguf:v.blk.13.attn_v.output_max,            torch.bfloat16 --> F32, shape = {1}
INFO:hf-to-gguf:v.blk.13.attn_v.output_min,            torch.bfloat16 --> F32, shape = {1}
INFO:hf-to-gguf:v.blk.14.ln1.weight,                   torch.bfloat16 --> F32, shape = {768}
INFO:hf-to-gguf:v.blk.14.ffn_down.input_max,           torch.bfloat16 --> F32, shape = {1}
INFO:hf-to-gguf:v.blk.14.ffn_down.input_min,           torch.bfloat16 --> F32, shape = {1}
INFO:hf-to-gguf:v.blk.14.ffn_down.weight,              torch.bfloat16 --> BF16, shape = {3072, 768}
INFO:hf-to-gguf:v.blk.14.ffn_down.output_max,          torch.bfloat16 --> F32, shape = {1}
INFO:hf-to-gguf:v.blk.14.ffn_down.output_min,          torch.bfloat16 --> F32, shape = {1}
INFO:hf-to-gguf:v.blk.14.ffn_gate.input_max,           torch.bfloat16 --> F32, shape = {1}
INFO:hf-to-gguf:v.blk.14.ffn_gate.input_min,           torch.bfloat16 --> F32, shape = {1}
INFO:hf-to-gguf:v.blk.14.ffn_gate.weight,              torch.bfloat16 --> BF16, shape = {768, 3072}
INFO:hf-to-gguf:v.blk.14.ffn_gate.output_max,          torch.bfloat16 --> F32, shape = {1}
INFO:hf-to-gguf:v.blk.14.ffn_gate.output_min,          torch.bfloat16 --> F32, shape = {1}
INFO:hf-to-gguf:v.blk.14.ffn_up.input_max,             torch.bfloat16 --> F32, shape = {1}
INFO:hf-to-gguf:v.blk.14.ffn_up.input_min,             torch.bfloat16 --> F32, shape = {1}
INFO:hf-to-gguf:v.blk.14.ffn_up.weight,                torch.bfloat16 --> BF16, shape = {768, 3072}
INFO:hf-to-gguf:v.blk.14.ffn_up.output_max,            torch.bfloat16 --> F32, shape = {1}
INFO:hf-to-gguf:v.blk.14.ffn_up.output_min,            torch.bfloat16 --> F32, shape = {1}
INFO:hf-to-gguf:v.blk.14.attn_post_norm.weight,        torch.bfloat16 --> F32, shape = {768}
INFO:hf-to-gguf:v.blk.14.ffn_post_norm.weight,         torch.bfloat16 --> F32, shape = {768}
INFO:hf-to-gguf:v.blk.14.ln2.weight,                   torch.bfloat16 --> F32, shape = {768}
INFO:hf-to-gguf:v.blk.14.attn_k_norm.weight,           torch.bfloat16 --> F32, shape = {64}
INFO:hf-to-gguf:v.blk.14.attn_k.input_max,             torch.bfloat16 --> F32, shape = {1}
INFO:hf-to-gguf:v.blk.14.attn_k.input_min,             torch.bfloat16 --> F32, shape = {1}
INFO:hf-to-gguf:v.blk.14.attn_k.weight,                torch.bfloat16 --> BF16, shape = {768, 768}
INFO:hf-to-gguf:v.blk.14.attn_k.output_max,            torch.bfloat16 --> F32, shape = {1}
INFO:hf-to-gguf:v.blk.14.attn_k.output_min,            torch.bfloat16 --> F32, shape = {1}
INFO:hf-to-gguf:v.blk.14.attn_out.input_max,           torch.bfloat16 --> F32, shape = {1}
INFO:hf-to-gguf:v.blk.14.attn_out.input_min,           torch.bfloat16 --> F32, shape = {1}
INFO:hf-to-gguf:v.blk.14.attn_out.weight,              torch.bfloat16 --> BF16, shape = {768, 768}
INFO:hf-to-gguf:v.blk.14.attn_out.output_max,          torch.bfloat16 --> F32, shape = {1}
INFO:hf-to-gguf:v.blk.14.attn_out.output_min,          torch.bfloat16 --> F32, shape = {1}
INFO:hf-to-gguf:v.blk.14.attn_q_norm.weight,           torch.bfloat16 --> F32, shape = {64}
INFO:hf-to-gguf:v.blk.14.attn_q.input_max,             torch.bfloat16 --> F32, shape = {1}
INFO:hf-to-gguf:v.blk.14.attn_q.input_min,             torch.bfloat16 --> F32, shape = {1}
INFO:hf-to-gguf:v.blk.14.attn_q.weight,                torch.bfloat16 --> BF16, shape = {768, 768}
INFO:hf-to-gguf:v.blk.14.attn_q.output_max,            torch.bfloat16 --> F32, shape = {1}
INFO:hf-to-gguf:v.blk.14.attn_q.output_min,            torch.bfloat16 --> F32, shape = {1}
INFO:hf-to-gguf:v.blk.14.attn_v.input_max,             torch.bfloat16 --> F32, shape = {1}
INFO:hf-to-gguf:v.blk.14.attn_v.input_min,             torch.bfloat16 --> F32, shape = {1}
INFO:hf-to-gguf:v.blk.14.attn_v.weight,                torch.bfloat16 --> BF16, shape = {768, 768}
INFO:hf-to-gguf:v.blk.14.attn_v.output_max,            torch.bfloat16 --> F32, shape = {1}
INFO:hf-to-gguf:v.blk.14.attn_v.output_min,            torch.bfloat16 --> F32, shape = {1}
INFO:hf-to-gguf:v.blk.15.ln1.weight,                   torch.bfloat16 --> F32, shape = {768}
INFO:hf-to-gguf:v.blk.15.ffn_down.input_max,           torch.bfloat16 --> F32, shape = {1}
INFO:hf-to-gguf:v.blk.15.ffn_down.input_min,           torch.bfloat16 --> F32, shape = {1}
INFO:hf-to-gguf:v.blk.15.ffn_down.weight,              torch.bfloat16 --> BF16, shape = {3072, 768}
INFO:hf-to-gguf:v.blk.15.ffn_down.output_max,          torch.bfloat16 --> F32, shape = {1}
INFO:hf-to-gguf:v.blk.15.ffn_down.output_min,          torch.bfloat16 --> F32, shape = {1}
INFO:hf-to-gguf:v.blk.15.ffn_gate.input_max,           torch.bfloat16 --> F32, shape = {1}
INFO:hf-to-gguf:v.blk.15.ffn_gate.input_min,           torch.bfloat16 --> F32, shape = {1}
INFO:hf-to-gguf:v.blk.15.ffn_gate.weight,              torch.bfloat16 --> BF16, shape = {768, 3072}
INFO:hf-to-gguf:v.blk.15.ffn_gate.output_max,          torch.bfloat16 --> F32, shape = {1}
INFO:hf-to-gguf:v.blk.15.ffn_gate.output_min,          torch.bfloat16 --> F32, shape = {1}
INFO:hf-to-gguf:v.blk.15.ffn_up.input_max,             torch.bfloat16 --> F32, shape = {1}
INFO:hf-to-gguf:v.blk.15.ffn_up.input_min,             torch.bfloat16 --> F32, shape = {1}
INFO:hf-to-gguf:v.blk.15.ffn_up.weight,                torch.bfloat16 --> BF16, shape = {768, 3072}
INFO:hf-to-gguf:v.blk.15.ffn_up.output_max,            torch.bfloat16 --> F32, shape = {1}
INFO:hf-to-gguf:v.blk.15.ffn_up.output_min,            torch.bfloat16 --> F32, shape = {1}
INFO:hf-to-gguf:v.blk.15.attn_post_norm.weight,        torch.bfloat16 --> F32, shape = {768}
INFO:hf-to-gguf:v.blk.15.ffn_post_norm.weight,         torch.bfloat16 --> F32, shape = {768}
INFO:hf-to-gguf:v.blk.15.ln2.weight,                   torch.bfloat16 --> F32, shape = {768}
INFO:hf-to-gguf:v.blk.15.attn_k_norm.weight,           torch.bfloat16 --> F32, shape = {64}
INFO:hf-to-gguf:v.blk.15.attn_k.input_max,             torch.bfloat16 --> F32, shape = {1}
INFO:hf-to-gguf:v.blk.15.attn_k.input_min,             torch.bfloat16 --> F32, shape = {1}
INFO:hf-to-gguf:v.blk.15.attn_k.weight,                torch.bfloat16 --> BF16, shape = {768, 768}
INFO:hf-to-gguf:v.blk.15.attn_k.output_max,            torch.bfloat16 --> F32, shape = {1}
INFO:hf-to-gguf:v.blk.15.attn_k.output_min,            torch.bfloat16 --> F32, shape = {1}
INFO:hf-to-gguf:v.blk.15.attn_out.input_max,           torch.bfloat16 --> F32, shape = {1}
INFO:hf-to-gguf:v.blk.15.attn_out.input_min,           torch.bfloat16 --> F32, shape = {1}
INFO:hf-to-gguf:v.blk.15.attn_out.weight,              torch.bfloat16 --> BF16, shape = {768, 768}
INFO:hf-to-gguf:v.blk.15.attn_out.output_max,          torch.bfloat16 --> F32, shape = {1}
INFO:hf-to-gguf:v.blk.15.attn_out.output_min,          torch.bfloat16 --> F32, shape = {1}
INFO:hf-to-gguf:v.blk.15.attn_q_norm.weight,           torch.bfloat16 --> F32, shape = {64}
INFO:hf-to-gguf:v.blk.15.attn_q.input_max,             torch.bfloat16 --> F32, shape = {1}
INFO:hf-to-gguf:v.blk.15.attn_q.input_min,             torch.bfloat16 --> F32, shape = {1}
INFO:hf-to-gguf:v.blk.15.attn_q.weight,                torch.bfloat16 --> BF16, shape = {768, 768}
INFO:hf-to-gguf:v.blk.15.attn_q.output_max,            torch.bfloat16 --> F32, shape = {1}
INFO:hf-to-gguf:v.blk.15.attn_q.output_min,            torch.bfloat16 --> F32, shape = {1}
INFO:hf-to-gguf:v.blk.15.attn_v.input_max,             torch.bfloat16 --> F32, shape = {1}
INFO:hf-to-gguf:v.blk.15.attn_v.input_min,             torch.bfloat16 --> F32, shape = {1}
INFO:hf-to-gguf:v.blk.15.attn_v.weight,                torch.bfloat16 --> BF16, shape = {768, 768}
INFO:hf-to-gguf:v.blk.15.attn_v.output_max,            torch.bfloat16 --> F32, shape = {1}
INFO:hf-to-gguf:v.blk.15.attn_v.output_min,            torch.bfloat16 --> F32, shape = {1}
INFO:hf-to-gguf:v.blk.2.ln1.weight,                    torch.bfloat16 --> F32, shape = {768}
INFO:hf-to-gguf:v.blk.2.ffn_down.input_max,            torch.bfloat16 --> F32, shape = {1}
INFO:hf-to-gguf:v.blk.2.ffn_down.input_min,            torch.bfloat16 --> F32, shape = {1}
INFO:hf-to-gguf:v.blk.2.ffn_down.weight,               torch.bfloat16 --> BF16, shape = {3072, 768}
INFO:hf-to-gguf:v.blk.2.ffn_down.output_max,           torch.bfloat16 --> F32, shape = {1}
INFO:hf-to-gguf:v.blk.2.ffn_down.output_min,           torch.bfloat16 --> F32, shape = {1}
INFO:hf-to-gguf:v.blk.2.ffn_gate.input_max,            torch.bfloat16 --> F32, shape = {1}
INFO:hf-to-gguf:v.blk.2.ffn_gate.input_min,            torch.bfloat16 --> F32, shape = {1}
INFO:hf-to-gguf:v.blk.2.ffn_gate.weight,               torch.bfloat16 --> BF16, shape = {768, 3072}
INFO:hf-to-gguf:v.blk.2.ffn_gate.output_max,           torch.bfloat16 --> F32, shape = {1}
INFO:hf-to-gguf:v.blk.2.ffn_gate.output_min,           torch.bfloat16 --> F32, shape = {1}
INFO:hf-to-gguf:v.blk.2.ffn_up.input_max,              torch.bfloat16 --> F32, shape = {1}
INFO:hf-to-gguf:v.blk.2.ffn_up.input_min,              torch.bfloat16 --> F32, shape = {1}
INFO:hf-to-gguf:v.blk.2.ffn_up.weight,                 torch.bfloat16 --> BF16, shape = {768, 3072}
INFO:hf-to-gguf:v.blk.2.ffn_up.output_max,             torch.bfloat16 --> F32, shape = {1}
INFO:hf-to-gguf:v.blk.2.ffn_up.output_min,             torch.bfloat16 --> F32, shape = {1}
INFO:hf-to-gguf:v.blk.2.attn_post_norm.weight,         torch.bfloat16 --> F32, shape = {768}
INFO:hf-to-gguf:v.blk.2.ffn_post_norm.weight,          torch.bfloat16 --> F32, shape = {768}
INFO:hf-to-gguf:v.blk.2.ln2.weight,                    torch.bfloat16 --> F32, shape = {768}
INFO:hf-to-gguf:v.blk.2.attn_k_norm.weight,            torch.bfloat16 --> F32, shape = {64}
INFO:hf-to-gguf:v.blk.2.attn_k.input_max,              torch.bfloat16 --> F32, shape = {1}
INFO:hf-to-gguf:v.blk.2.attn_k.input_min,              torch.bfloat16 --> F32, shape = {1}
INFO:hf-to-gguf:v.blk.2.attn_k.weight,                 torch.bfloat16 --> BF16, shape = {768, 768}
INFO:hf-to-gguf:v.blk.2.attn_k.output_max,             torch.bfloat16 --> F32, shape = {1}
INFO:hf-to-gguf:v.blk.2.attn_k.output_min,             torch.bfloat16 --> F32, shape = {1}
INFO:hf-to-gguf:v.blk.2.attn_out.input_max,            torch.bfloat16 --> F32, shape = {1}
INFO:hf-to-gguf:v.blk.2.attn_out.input_min,            torch.bfloat16 --> F32, shape = {1}
INFO:hf-to-gguf:v.blk.2.attn_out.weight,               torch.bfloat16 --> BF16, shape = {768, 768}
INFO:hf-to-gguf:v.blk.2.attn_out.output_max,           torch.bfloat16 --> F32, shape = {1}
INFO:hf-to-gguf:v.blk.2.attn_out.output_min,           torch.bfloat16 --> F32, shape = {1}
INFO:hf-to-gguf:v.blk.2.attn_q_norm.weight,            torch.bfloat16 --> F32, shape = {64}
INFO:hf-to-gguf:v.blk.2.attn_q.input_max,              torch.bfloat16 --> F32, shape = {1}
INFO:hf-to-gguf:v.blk.2.attn_q.input_min,              torch.bfloat16 --> F32, shape = {1}
INFO:hf-to-gguf:v.blk.2.attn_q.weight,                 torch.bfloat16 --> BF16, shape = {768, 768}
INFO:hf-to-gguf:v.blk.2.attn_q.output_max,             torch.bfloat16 --> F32, shape = {1}
INFO:hf-to-gguf:v.blk.2.attn_q.output_min,             torch.bfloat16 --> F32, shape = {1}
INFO:hf-to-gguf:v.blk.2.attn_v.input_max,              torch.bfloat16 --> F32, shape = {1}
INFO:hf-to-gguf:v.blk.2.attn_v.input_min,              torch.bfloat16 --> F32, shape = {1}
INFO:hf-to-gguf:v.blk.2.attn_v.weight,                 torch.bfloat16 --> BF16, shape = {768, 768}
INFO:hf-to-gguf:v.blk.2.attn_v.output_max,             torch.bfloat16 --> F32, shape = {1}
INFO:hf-to-gguf:v.blk.2.attn_v.output_min,             torch.bfloat16 --> F32, shape = {1}
INFO:hf-to-gguf:v.blk.3.ln1.weight,                    torch.bfloat16 --> F32, shape = {768}
INFO:hf-to-gguf:v.blk.3.ffn_down.input_max,            torch.bfloat16 --> F32, shape = {1}
INFO:hf-to-gguf:v.blk.3.ffn_down.input_min,            torch.bfloat16 --> F32, shape = {1}
INFO:hf-to-gguf:v.blk.3.ffn_down.weight,               torch.bfloat16 --> BF16, shape = {3072, 768}
INFO:hf-to-gguf:v.blk.3.ffn_down.output_max,           torch.bfloat16 --> F32, shape = {1}
INFO:hf-to-gguf:v.blk.3.ffn_down.output_min,           torch.bfloat16 --> F32, shape = {1}
INFO:hf-to-gguf:v.blk.3.ffn_gate.input_max,            torch.bfloat16 --> F32, shape = {1}
INFO:hf-to-gguf:v.blk.3.ffn_gate.input_min,            torch.bfloat16 --> F32, shape = {1}
INFO:hf-to-gguf:v.blk.3.ffn_gate.weight,               torch.bfloat16 --> BF16, shape = {768, 3072}
INFO:hf-to-gguf:v.blk.3.ffn_gate.output_max,           torch.bfloat16 --> F32, shape = {1}
INFO:hf-to-gguf:v.blk.3.ffn_gate.output_min,           torch.bfloat16 --> F32, shape = {1}
INFO:hf-to-gguf:v.blk.3.ffn_up.input_max,              torch.bfloat16 --> F32, shape = {1}
INFO:hf-to-gguf:v.blk.3.ffn_up.input_min,              torch.bfloat16 --> F32, shape = {1}
INFO:hf-to-gguf:v.blk.3.ffn_up.weight,                 torch.bfloat16 --> BF16, shape = {768, 3072}
INFO:hf-to-gguf:v.blk.3.ffn_up.output_max,             torch.bfloat16 --> F32, shape = {1}
INFO:hf-to-gguf:v.blk.3.ffn_up.output_min,             torch.bfloat16 --> F32, shape = {1}
INFO:hf-to-gguf:v.blk.3.attn_post_norm.weight,         torch.bfloat16 --> F32, shape = {768}
INFO:hf-to-gguf:v.blk.3.ffn_post_norm.weight,          torch.bfloat16 --> F32, shape = {768}
INFO:hf-to-gguf:v.blk.3.ln2.weight,                    torch.bfloat16 --> F32, shape = {768}
INFO:hf-to-gguf:v.blk.3.attn_k_norm.weight,            torch.bfloat16 --> F32, shape = {64}
INFO:hf-to-gguf:v.blk.3.attn_k.input_max,              torch.bfloat16 --> F32, shape = {1}
INFO:hf-to-gguf:v.blk.3.attn_k.input_min,              torch.bfloat16 --> F32, shape = {1}
INFO:hf-to-gguf:v.blk.3.attn_k.weight,                 torch.bfloat16 --> BF16, shape = {768, 768}
INFO:hf-to-gguf:v.blk.3.attn_k.output_max,             torch.bfloat16 --> F32, shape = {1}
INFO:hf-to-gguf:v.blk.3.attn_k.output_min,             torch.bfloat16 --> F32, shape = {1}
INFO:hf-to-gguf:v.blk.3.attn_out.input_max,            torch.bfloat16 --> F32, shape = {1}
INFO:hf-to-gguf:v.blk.3.attn_out.input_min,            torch.bfloat16 --> F32, shape = {1}
INFO:hf-to-gguf:v.blk.3.attn_out.weight,               torch.bfloat16 --> BF16, shape = {768, 768}
INFO:hf-to-gguf:v.blk.3.attn_out.output_max,           torch.bfloat16 --> F32, shape = {1}
INFO:hf-to-gguf:v.blk.3.attn_out.output_min,           torch.bfloat16 --> F32, shape = {1}
INFO:hf-to-gguf:v.blk.3.attn_q_norm.weight,            torch.bfloat16 --> F32, shape = {64}
INFO:hf-to-gguf:v.blk.3.attn_q.input_max,              torch.bfloat16 --> F32, shape = {1}
INFO:hf-to-gguf:v.blk.3.attn_q.input_min,              torch.bfloat16 --> F32, shape = {1}
INFO:hf-to-gguf:v.blk.3.attn_q.weight,                 torch.bfloat16 --> BF16, shape = {768, 768}
INFO:hf-to-gguf:v.blk.3.attn_q.output_max,             torch.bfloat16 --> F32, shape = {1}
INFO:hf-to-gguf:v.blk.3.attn_q.output_min,             torch.bfloat16 --> F32, shape = {1}
INFO:hf-to-gguf:v.blk.3.attn_v.input_max,              torch.bfloat16 --> F32, shape = {1}
INFO:hf-to-gguf:v.blk.3.attn_v.input_min,              torch.bfloat16 --> F32, shape = {1}
INFO:hf-to-gguf:v.blk.3.attn_v.weight,                 torch.bfloat16 --> BF16, shape = {768, 768}
INFO:hf-to-gguf:v.blk.3.attn_v.output_max,             torch.bfloat16 --> F32, shape = {1}
INFO:hf-to-gguf:v.blk.3.attn_v.output_min,             torch.bfloat16 --> F32, shape = {1}
INFO:hf-to-gguf:v.blk.4.ln1.weight,                    torch.bfloat16 --> F32, shape = {768}
INFO:hf-to-gguf:v.blk.4.ffn_down.input_max,            torch.bfloat16 --> F32, shape = {1}
INFO:hf-to-gguf:v.blk.4.ffn_down.input_min,            torch.bfloat16 --> F32, shape = {1}
INFO:hf-to-gguf:v.blk.4.ffn_down.weight,               torch.bfloat16 --> BF16, shape = {3072, 768}
INFO:hf-to-gguf:v.blk.4.ffn_down.output_max,           torch.bfloat16 --> F32, shape = {1}
INFO:hf-to-gguf:v.blk.4.ffn_down.output_min,           torch.bfloat16 --> F32, shape = {1}
INFO:hf-to-gguf:v.blk.4.ffn_gate.input_max,            torch.bfloat16 --> F32, shape = {1}
INFO:hf-to-gguf:v.blk.4.ffn_gate.input_min,            torch.bfloat16 --> F32, shape = {1}
INFO:hf-to-gguf:v.blk.4.ffn_gate.weight,               torch.bfloat16 --> BF16, shape = {768, 3072}
INFO:hf-to-gguf:v.blk.4.ffn_gate.output_max,           torch.bfloat16 --> F32, shape = {1}
INFO:hf-to-gguf:v.blk.4.ffn_gate.output_min,           torch.bfloat16 --> F32, shape = {1}
INFO:hf-to-gguf:v.blk.4.ffn_up.input_max,              torch.bfloat16 --> F32, shape = {1}
INFO:hf-to-gguf:v.blk.4.ffn_up.input_min,              torch.bfloat16 --> F32, shape = {1}
INFO:hf-to-gguf:v.blk.4.ffn_up.weight,                 torch.bfloat16 --> BF16, shape = {768, 3072}
INFO:hf-to-gguf:v.blk.4.ffn_up.output_max,             torch.bfloat16 --> F32, shape = {1}
INFO:hf-to-gguf:v.blk.4.ffn_up.output_min,             torch.bfloat16 --> F32, shape = {1}
INFO:hf-to-gguf:v.blk.4.attn_post_norm.weight,         torch.bfloat16 --> F32, shape = {768}
INFO:hf-to-gguf:v.blk.4.ffn_post_norm.weight,          torch.bfloat16 --> F32, shape = {768}
INFO:hf-to-gguf:v.blk.4.ln2.weight,                    torch.bfloat16 --> F32, shape = {768}
INFO:hf-to-gguf:v.blk.4.attn_k_norm.weight,            torch.bfloat16 --> F32, shape = {64}
INFO:hf-to-gguf:v.blk.4.attn_k.input_max,              torch.bfloat16 --> F32, shape = {1}
INFO:hf-to-gguf:v.blk.4.attn_k.input_min,              torch.bfloat16 --> F32, shape = {1}
INFO:hf-to-gguf:v.blk.4.attn_k.weight,                 torch.bfloat16 --> BF16, shape = {768, 768}
INFO:hf-to-gguf:v.blk.4.attn_k.output_max,             torch.bfloat16 --> F32, shape = {1}
INFO:hf-to-gguf:v.blk.4.attn_k.output_min,             torch.bfloat16 --> F32, shape = {1}
INFO:hf-to-gguf:v.blk.4.attn_out.input_max,            torch.bfloat16 --> F32, shape = {1}
INFO:hf-to-gguf:v.blk.4.attn_out.input_min,            torch.bfloat16 --> F32, shape = {1}
INFO:hf-to-gguf:v.blk.4.attn_out.weight,               torch.bfloat16 --> BF16, shape = {768, 768}
INFO:hf-to-gguf:v.blk.4.attn_out.output_max,           torch.bfloat16 --> F32, shape = {1}
INFO:hf-to-gguf:v.blk.4.attn_out.output_min,           torch.bfloat16 --> F32, shape = {1}
INFO:hf-to-gguf:v.blk.4.attn_q_norm.weight,            torch.bfloat16 --> F32, shape = {64}
INFO:hf-to-gguf:v.blk.4.attn_q.input_max,              torch.bfloat16 --> F32, shape = {1}
INFO:hf-to-gguf:v.blk.4.attn_q.input_min,              torch.bfloat16 --> F32, shape = {1}
INFO:hf-to-gguf:v.blk.4.attn_q.weight,                 torch.bfloat16 --> BF16, shape = {768, 768}
INFO:hf-to-gguf:v.blk.4.attn_q.output_max,             torch.bfloat16 --> F32, shape = {1}
INFO:hf-to-gguf:v.blk.4.attn_q.output_min,             torch.bfloat16 --> F32, shape = {1}
INFO:hf-to-gguf:v.blk.4.attn_v.input_max,              torch.bfloat16 --> F32, shape = {1}
INFO:hf-to-gguf:v.blk.4.attn_v.input_min,              torch.bfloat16 --> F32, shape = {1}
INFO:hf-to-gguf:v.blk.4.attn_v.weight,                 torch.bfloat16 --> BF16, shape = {768, 768}
INFO:hf-to-gguf:v.blk.4.attn_v.output_max,             torch.bfloat16 --> F32, shape = {1}
INFO:hf-to-gguf:v.blk.4.attn_v.output_min,             torch.bfloat16 --> F32, shape = {1}
INFO:hf-to-gguf:v.blk.5.ln1.weight,                    torch.bfloat16 --> F32, shape = {768}
INFO:hf-to-gguf:v.blk.5.ffn_down.input_max,            torch.bfloat16 --> F32, shape = {1}
INFO:hf-to-gguf:v.blk.5.ffn_down.input_min,            torch.bfloat16 --> F32, shape = {1}
INFO:hf-to-gguf:v.blk.5.ffn_down.weight,               torch.bfloat16 --> BF16, shape = {3072, 768}
INFO:hf-to-gguf:v.blk.5.ffn_down.output_max,           torch.bfloat16 --> F32, shape = {1}
INFO:hf-to-gguf:v.blk.5.ffn_down.output_min,           torch.bfloat16 --> F32, shape = {1}
INFO:hf-to-gguf:v.blk.5.ffn_gate.input_max,            torch.bfloat16 --> F32, shape = {1}
INFO:hf-to-gguf:v.blk.5.ffn_gate.input_min,            torch.bfloat16 --> F32, shape = {1}
INFO:hf-to-gguf:v.blk.5.ffn_gate.weight,               torch.bfloat16 --> BF16, shape = {768, 3072}
INFO:hf-to-gguf:v.blk.5.ffn_gate.output_max,           torch.bfloat16 --> F32, shape = {1}
INFO:hf-to-gguf:v.blk.5.ffn_gate.output_min,           torch.bfloat16 --> F32, shape = {1}
INFO:hf-to-gguf:v.blk.5.ffn_up.input_max,              torch.bfloat16 --> F32, shape = {1}
INFO:hf-to-gguf:v.blk.5.ffn_up.input_min,              torch.bfloat16 --> F32, shape = {1}
INFO:hf-to-gguf:v.blk.5.ffn_up.weight,                 torch.bfloat16 --> BF16, shape = {768, 3072}
INFO:hf-to-gguf:v.blk.5.ffn_up.output_max,             torch.bfloat16 --> F32, shape = {1}
INFO:hf-to-gguf:v.blk.5.ffn_up.output_min,             torch.bfloat16 --> F32, shape = {1}
INFO:hf-to-gguf:v.blk.5.attn_post_norm.weight,         torch.bfloat16 --> F32, shape = {768}
INFO:hf-to-gguf:v.blk.5.ffn_post_norm.weight,          torch.bfloat16 --> F32, shape = {768}
INFO:hf-to-gguf:v.blk.5.ln2.weight,                    torch.bfloat16 --> F32, shape = {768}
INFO:hf-to-gguf:v.blk.5.attn_k_norm.weight,            torch.bfloat16 --> F32, shape = {64}
INFO:hf-to-gguf:v.blk.5.attn_k.input_max,              torch.bfloat16 --> F32, shape = {1}
INFO:hf-to-gguf:v.blk.5.attn_k.input_min,              torch.bfloat16 --> F32, shape = {1}
INFO:hf-to-gguf:v.blk.5.attn_k.weight,                 torch.bfloat16 --> BF16, shape = {768, 768}
INFO:hf-to-gguf:v.blk.5.attn_k.output_max,             torch.bfloat16 --> F32, shape = {1}
INFO:hf-to-gguf:v.blk.5.attn_k.output_min,             torch.bfloat16 --> F32, shape = {1}
INFO:hf-to-gguf:v.blk.5.attn_out.input_max,            torch.bfloat16 --> F32, shape = {1}
INFO:hf-to-gguf:v.blk.5.attn_out.input_min,            torch.bfloat16 --> F32, shape = {1}
INFO:hf-to-gguf:v.blk.5.attn_out.weight,               torch.bfloat16 --> BF16, shape = {768, 768}
INFO:hf-to-gguf:v.blk.5.attn_out.output_max,           torch.bfloat16 --> F32, shape = {1}
INFO:hf-to-gguf:v.blk.5.attn_out.output_min,           torch.bfloat16 --> F32, shape = {1}
INFO:hf-to-gguf:v.blk.5.attn_q_norm.weight,            torch.bfloat16 --> F32, shape = {64}
INFO:hf-to-gguf:v.blk.5.attn_q.input_max,              torch.bfloat16 --> F32, shape = {1}
INFO:hf-to-gguf:v.blk.5.attn_q.input_min,              torch.bfloat16 --> F32, shape = {1}
INFO:hf-to-gguf:v.blk.5.attn_q.weight,                 torch.bfloat16 --> BF16, shape = {768, 768}
INFO:hf-to-gguf:v.blk.5.attn_q.output_max,             torch.bfloat16 --> F32, shape = {1}
INFO:hf-to-gguf:v.blk.5.attn_q.output_min,             torch.bfloat16 --> F32, shape = {1}
INFO:hf-to-gguf:v.blk.5.attn_v.input_max,              torch.bfloat16 --> F32, shape = {1}
INFO:hf-to-gguf:v.blk.5.attn_v.input_min,              torch.bfloat16 --> F32, shape = {1}
INFO:hf-to-gguf:v.blk.5.attn_v.weight,                 torch.bfloat16 --> BF16, shape = {768, 768}
INFO:hf-to-gguf:v.blk.5.attn_v.output_max,             torch.bfloat16 --> F32, shape = {1}
INFO:hf-to-gguf:v.blk.5.attn_v.output_min,             torch.bfloat16 --> F32, shape = {1}
INFO:hf-to-gguf:v.blk.6.ln1.weight,                    torch.bfloat16 --> F32, shape = {768}
INFO:hf-to-gguf:v.blk.6.ffn_down.input_max,            torch.bfloat16 --> F32, shape = {1}
INFO:hf-to-gguf:v.blk.6.ffn_down.input_min,            torch.bfloat16 --> F32, shape = {1}
INFO:hf-to-gguf:v.blk.6.ffn_down.weight,               torch.bfloat16 --> BF16, shape = {3072, 768}
INFO:hf-to-gguf:v.blk.6.ffn_down.output_max,           torch.bfloat16 --> F32, shape = {1}
INFO:hf-to-gguf:v.blk.6.ffn_down.output_min,           torch.bfloat16 --> F32, shape = {1}
INFO:hf-to-gguf:v.blk.6.ffn_gate.input_max,            torch.bfloat16 --> F32, shape = {1}
INFO:hf-to-gguf:v.blk.6.ffn_gate.input_min,            torch.bfloat16 --> F32, shape = {1}
INFO:hf-to-gguf:v.blk.6.ffn_gate.weight,               torch.bfloat16 --> BF16, shape = {768, 3072}
INFO:hf-to-gguf:v.blk.6.ffn_gate.output_max,           torch.bfloat16 --> F32, shape = {1}
INFO:hf-to-gguf:v.blk.6.ffn_gate.output_min,           torch.bfloat16 --> F32, shape = {1}
INFO:hf-to-gguf:v.blk.6.ffn_up.input_max,              torch.bfloat16 --> F32, shape = {1}
INFO:hf-to-gguf:v.blk.6.ffn_up.input_min,              torch.bfloat16 --> F32, shape = {1}
INFO:hf-to-gguf:v.blk.6.ffn_up.weight,                 torch.bfloat16 --> BF16, shape = {768, 3072}
INFO:hf-to-gguf:v.blk.6.ffn_up.output_max,             torch.bfloat16 --> F32, shape = {1}
INFO:hf-to-gguf:v.blk.6.ffn_up.output_min,             torch.bfloat16 --> F32, shape = {1}
INFO:hf-to-gguf:v.blk.6.attn_post_norm.weight,         torch.bfloat16 --> F32, shape = {768}
INFO:hf-to-gguf:v.blk.6.ffn_post_norm.weight,          torch.bfloat16 --> F32, shape = {768}
INFO:hf-to-gguf:v.blk.6.ln2.weight,                    torch.bfloat16 --> F32, shape = {768}
INFO:hf-to-gguf:v.blk.6.attn_k_norm.weight,            torch.bfloat16 --> F32, shape = {64}
INFO:hf-to-gguf:v.blk.6.attn_k.input_max,              torch.bfloat16 --> F32, shape = {1}
INFO:hf-to-gguf:v.blk.6.attn_k.input_min,              torch.bfloat16 --> F32, shape = {1}
INFO:hf-to-gguf:v.blk.6.attn_k.weight,                 torch.bfloat16 --> BF16, shape = {768, 768}
INFO:hf-to-gguf:v.blk.6.attn_k.output_max,             torch.bfloat16 --> F32, shape = {1}
INFO:hf-to-gguf:v.blk.6.attn_k.output_min,             torch.bfloat16 --> F32, shape = {1}
INFO:hf-to-gguf:v.blk.6.attn_out.input_max,            torch.bfloat16 --> F32, shape = {1}
INFO:hf-to-gguf:v.blk.6.attn_out.input_min,            torch.bfloat16 --> F32, shape = {1}
INFO:hf-to-gguf:v.blk.6.attn_out.weight,               torch.bfloat16 --> BF16, shape = {768, 768}
INFO:hf-to-gguf:v.blk.6.attn_out.output_max,           torch.bfloat16 --> F32, shape = {1}
INFO:hf-to-gguf:v.blk.6.attn_out.output_min,           torch.bfloat16 --> F32, shape = {1}
INFO:hf-to-gguf:v.blk.6.attn_q_norm.weight,            torch.bfloat16 --> F32, shape = {64}
INFO:hf-to-gguf:v.blk.6.attn_q.input_max,              torch.bfloat16 --> F32, shape = {1}
INFO:hf-to-gguf:v.blk.6.attn_q.input_min,              torch.bfloat16 --> F32, shape = {1}
INFO:hf-to-gguf:v.blk.6.attn_q.weight,                 torch.bfloat16 --> BF16, shape = {768, 768}
INFO:hf-to-gguf:v.blk.6.attn_q.output_max,             torch.bfloat16 --> F32, shape = {1}
INFO:hf-to-gguf:v.blk.6.attn_q.output_min,             torch.bfloat16 --> F32, shape = {1}
INFO:hf-to-gguf:v.blk.6.attn_v.input_max,              torch.bfloat16 --> F32, shape = {1}
INFO:hf-to-gguf:v.blk.6.attn_v.input_min,              torch.bfloat16 --> F32, shape = {1}
INFO:hf-to-gguf:v.blk.6.attn_v.weight,                 torch.bfloat16 --> BF16, shape = {768, 768}
INFO:hf-to-gguf:v.blk.6.attn_v.output_max,             torch.bfloat16 --> F32, shape = {1}
INFO:hf-to-gguf:v.blk.6.attn_v.output_min,             torch.bfloat16 --> F32, shape = {1}
INFO:hf-to-gguf:v.blk.7.ln1.weight,                    torch.bfloat16 --> F32, shape = {768}
INFO:hf-to-gguf:v.blk.7.ffn_down.input_max,            torch.bfloat16 --> F32, shape = {1}
INFO:hf-to-gguf:v.blk.7.ffn_down.input_min,            torch.bfloat16 --> F32, shape = {1}
INFO:hf-to-gguf:v.blk.7.ffn_down.weight,               torch.bfloat16 --> BF16, shape = {3072, 768}
INFO:hf-to-gguf:v.blk.7.ffn_down.output_max,           torch.bfloat16 --> F32, shape = {1}
INFO:hf-to-gguf:v.blk.7.ffn_down.output_min,           torch.bfloat16 --> F32, shape = {1}
INFO:hf-to-gguf:v.blk.7.ffn_gate.input_max,            torch.bfloat16 --> F32, shape = {1}
INFO:hf-to-gguf:v.blk.7.ffn_gate.input_min,            torch.bfloat16 --> F32, shape = {1}
INFO:hf-to-gguf:v.blk.7.ffn_gate.weight,               torch.bfloat16 --> BF16, shape = {768, 3072}
INFO:hf-to-gguf:v.blk.7.ffn_gate.output_max,           torch.bfloat16 --> F32, shape = {1}
INFO:hf-to-gguf:v.blk.7.ffn_gate.output_min,           torch.bfloat16 --> F32, shape = {1}
INFO:hf-to-gguf:v.blk.7.ffn_up.input_max,              torch.bfloat16 --> F32, shape = {1}
INFO:hf-to-gguf:v.blk.7.ffn_up.input_min,              torch.bfloat16 --> F32, shape = {1}
INFO:hf-to-gguf:v.blk.7.ffn_up.weight,                 torch.bfloat16 --> BF16, shape = {768, 3072}
INFO:hf-to-gguf:v.blk.7.ffn_up.output_max,             torch.bfloat16 --> F32, shape = {1}
INFO:hf-to-gguf:v.blk.7.ffn_up.output_min,             torch.bfloat16 --> F32, shape = {1}
INFO:hf-to-gguf:v.blk.7.attn_post_norm.weight,         torch.bfloat16 --> F32, shape = {768}
INFO:hf-to-gguf:v.blk.7.ffn_post_norm.weight,          torch.bfloat16 --> F32, shape = {768}
INFO:hf-to-gguf:v.blk.7.ln2.weight,                    torch.bfloat16 --> F32, shape = {768}
INFO:hf-to-gguf:v.blk.7.attn_k_norm.weight,            torch.bfloat16 --> F32, shape = {64}
INFO:hf-to-gguf:v.blk.7.attn_k.input_max,              torch.bfloat16 --> F32, shape = {1}
INFO:hf-to-gguf:v.blk.7.attn_k.input_min,              torch.bfloat16 --> F32, shape = {1}
INFO:hf-to-gguf:v.blk.7.attn_k.weight,                 torch.bfloat16 --> BF16, shape = {768, 768}
INFO:hf-to-gguf:v.blk.7.attn_k.output_max,             torch.bfloat16 --> F32, shape = {1}
INFO:hf-to-gguf:v.blk.7.attn_k.output_min,             torch.bfloat16 --> F32, shape = {1}
INFO:hf-to-gguf:v.blk.7.attn_out.input_max,            torch.bfloat16 --> F32, shape = {1}
INFO:hf-to-gguf:v.blk.7.attn_out.input_min,            torch.bfloat16 --> F32, shape = {1}
INFO:hf-to-gguf:v.blk.7.attn_out.weight,               torch.bfloat16 --> BF16, shape = {768, 768}
INFO:hf-to-gguf:v.blk.7.attn_out.output_max,           torch.bfloat16 --> F32, shape = {1}
INFO:hf-to-gguf:v.blk.7.attn_out.output_min,           torch.bfloat16 --> F32, shape = {1}
INFO:hf-to-gguf:v.blk.7.attn_q_norm.weight,            torch.bfloat16 --> F32, shape = {64}
INFO:hf-to-gguf:v.blk.7.attn_q.input_max,              torch.bfloat16 --> F32, shape = {1}
INFO:hf-to-gguf:v.blk.7.attn_q.input_min,              torch.bfloat16 --> F32, shape = {1}
INFO:hf-to-gguf:v.blk.7.attn_q.weight,                 torch.bfloat16 --> BF16, shape = {768, 768}
INFO:hf-to-gguf:v.blk.7.attn_q.output_max,             torch.bfloat16 --> F32, shape = {1}
INFO:hf-to-gguf:v.blk.7.attn_q.output_min,             torch.bfloat16 --> F32, shape = {1}
INFO:hf-to-gguf:v.blk.7.attn_v.input_max,              torch.bfloat16 --> F32, shape = {1}
INFO:hf-to-gguf:v.blk.7.attn_v.input_min,              torch.bfloat16 --> F32, shape = {1}
INFO:hf-to-gguf:v.blk.7.attn_v.weight,                 torch.bfloat16 --> BF16, shape = {768, 768}
INFO:hf-to-gguf:v.blk.7.attn_v.output_max,             torch.bfloat16 --> F32, shape = {1}
INFO:hf-to-gguf:v.blk.7.attn_v.output_min,             torch.bfloat16 --> F32, shape = {1}
INFO:hf-to-gguf:v.blk.8.ln1.weight,                    torch.bfloat16 --> F32, shape = {768}
INFO:hf-to-gguf:v.blk.8.ffn_down.input_max,            torch.bfloat16 --> F32, shape = {1}
INFO:hf-to-gguf:v.blk.8.ffn_down.input_min,            torch.bfloat16 --> F32, shape = {1}
INFO:hf-to-gguf:v.blk.8.ffn_down.weight,               torch.bfloat16 --> BF16, shape = {3072, 768}
INFO:hf-to-gguf:v.blk.8.ffn_down.output_max,           torch.bfloat16 --> F32, shape = {1}
INFO:hf-to-gguf:v.blk.8.ffn_down.output_min,           torch.bfloat16 --> F32, shape = {1}
INFO:hf-to-gguf:v.blk.8.ffn_gate.input_max,            torch.bfloat16 --> F32, shape = {1}
INFO:hf-to-gguf:v.blk.8.ffn_gate.input_min,            torch.bfloat16 --> F32, shape = {1}
INFO:hf-to-gguf:v.blk.8.ffn_gate.weight,               torch.bfloat16 --> BF16, shape = {768, 3072}
INFO:hf-to-gguf:v.blk.8.ffn_gate.output_max,           torch.bfloat16 --> F32, shape = {1}
INFO:hf-to-gguf:v.blk.8.ffn_gate.output_min,           torch.bfloat16 --> F32, shape = {1}
INFO:hf-to-gguf:v.blk.8.ffn_up.input_max,              torch.bfloat16 --> F32, shape = {1}
INFO:hf-to-gguf:v.blk.8.ffn_up.input_min,              torch.bfloat16 --> F32, shape = {1}
INFO:hf-to-gguf:v.blk.8.ffn_up.weight,                 torch.bfloat16 --> BF16, shape = {768, 3072}
INFO:hf-to-gguf:v.blk.8.ffn_up.output_max,             torch.bfloat16 --> F32, shape = {1}
INFO:hf-to-gguf:v.blk.8.ffn_up.output_min,             torch.bfloat16 --> F32, shape = {1}
INFO:hf-to-gguf:v.blk.8.attn_post_norm.weight,         torch.bfloat16 --> F32, shape = {768}
INFO:hf-to-gguf:v.blk.8.ffn_post_norm.weight,          torch.bfloat16 --> F32, shape = {768}
INFO:hf-to-gguf:v.blk.8.ln2.weight,                    torch.bfloat16 --> F32, shape = {768}
INFO:hf-to-gguf:v.blk.8.attn_k_norm.weight,            torch.bfloat16 --> F32, shape = {64}
INFO:hf-to-gguf:v.blk.8.attn_k.input_max,              torch.bfloat16 --> F32, shape = {1}
INFO:hf-to-gguf:v.blk.8.attn_k.input_min,              torch.bfloat16 --> F32, shape = {1}
INFO:hf-to-gguf:v.blk.8.attn_k.weight,                 torch.bfloat16 --> BF16, shape = {768, 768}
INFO:hf-to-gguf:v.blk.8.attn_k.output_max,             torch.bfloat16 --> F32, shape = {1}
INFO:hf-to-gguf:v.blk.8.attn_k.output_min,             torch.bfloat16 --> F32, shape = {1}
INFO:hf-to-gguf:v.blk.8.attn_out.input_max,            torch.bfloat16 --> F32, shape = {1}
INFO:hf-to-gguf:v.blk.8.attn_out.input_min,            torch.bfloat16 --> F32, shape = {1}
INFO:hf-to-gguf:v.blk.8.attn_out.weight,               torch.bfloat16 --> BF16, shape = {768, 768}
INFO:hf-to-gguf:v.blk.8.attn_out.output_max,           torch.bfloat16 --> F32, shape = {1}
INFO:hf-to-gguf:v.blk.8.attn_out.output_min,           torch.bfloat16 --> F32, shape = {1}
INFO:hf-to-gguf:v.blk.8.attn_q_norm.weight,            torch.bfloat16 --> F32, shape = {64}
INFO:hf-to-gguf:v.blk.8.attn_q.input_max,              torch.bfloat16 --> F32, shape = {1}
INFO:hf-to-gguf:v.blk.8.attn_q.input_min,              torch.bfloat16 --> F32, shape = {1}
INFO:hf-to-gguf:v.blk.8.attn_q.weight,                 torch.bfloat16 --> BF16, shape = {768, 768}
INFO:hf-to-gguf:v.blk.8.attn_q.output_max,             torch.bfloat16 --> F32, shape = {1}
INFO:hf-to-gguf:v.blk.8.attn_q.output_min,             torch.bfloat16 --> F32, shape = {1}
INFO:hf-to-gguf:v.blk.8.attn_v.input_max,              torch.bfloat16 --> F32, shape = {1}
INFO:hf-to-gguf:v.blk.8.attn_v.input_min,              torch.bfloat16 --> F32, shape = {1}
INFO:hf-to-gguf:v.blk.8.attn_v.weight,                 torch.bfloat16 --> BF16, shape = {768, 768}
INFO:hf-to-gguf:v.blk.8.attn_v.output_max,             torch.bfloat16 --> F32, shape = {1}
INFO:hf-to-gguf:v.blk.8.attn_v.output_min,             torch.bfloat16 --> F32, shape = {1}
INFO:hf-to-gguf:v.blk.9.ln1.weight,                    torch.bfloat16 --> F32, shape = {768}
INFO:hf-to-gguf:v.blk.9.ffn_down.input_max,            torch.bfloat16 --> F32, shape = {1}
INFO:hf-to-gguf:v.blk.9.ffn_down.input_min,            torch.bfloat16 --> F32, shape = {1}
INFO:hf-to-gguf:v.blk.9.ffn_down.weight,               torch.bfloat16 --> BF16, shape = {3072, 768}
INFO:hf-to-gguf:v.blk.9.ffn_down.output_max,           torch.bfloat16 --> F32, shape = {1}
INFO:hf-to-gguf:v.blk.9.ffn_down.output_min,           torch.bfloat16 --> F32, shape = {1}
INFO:hf-to-gguf:v.blk.9.ffn_gate.input_max,            torch.bfloat16 --> F32, shape = {1}
INFO:hf-to-gguf:v.blk.9.ffn_gate.input_min,            torch.bfloat16 --> F32, shape = {1}
INFO:hf-to-gguf:v.blk.9.ffn_gate.weight,               torch.bfloat16 --> BF16, shape = {768, 3072}
INFO:hf-to-gguf:v.blk.9.ffn_gate.output_max,           torch.bfloat16 --> F32, shape = {1}
INFO:hf-to-gguf:v.blk.9.ffn_gate.output_min,           torch.bfloat16 --> F32, shape = {1}
INFO:hf-to-gguf:v.blk.9.ffn_up.input_max,              torch.bfloat16 --> F32, shape = {1}
INFO:hf-to-gguf:v.blk.9.ffn_up.input_min,              torch.bfloat16 --> F32, shape = {1}
INFO:hf-to-gguf:v.blk.9.ffn_up.weight,                 torch.bfloat16 --> BF16, shape = {768, 3072}
INFO:hf-to-gguf:v.blk.9.ffn_up.output_max,             torch.bfloat16 --> F32, shape = {1}
INFO:hf-to-gguf:v.blk.9.ffn_up.output_min,             torch.bfloat16 --> F32, shape = {1}
INFO:hf-to-gguf:v.blk.9.attn_post_norm.weight,         torch.bfloat16 --> F32, shape = {768}
INFO:hf-to-gguf:v.blk.9.ffn_post_norm.weight,          torch.bfloat16 --> F32, shape = {768}
INFO:hf-to-gguf:v.blk.9.ln2.weight,                    torch.bfloat16 --> F32, shape = {768}
INFO:hf-to-gguf:v.blk.9.attn_k_norm.weight,            torch.bfloat16 --> F32, shape = {64}
INFO:hf-to-gguf:v.blk.9.attn_k.input_max,              torch.bfloat16 --> F32, shape = {1}
INFO:hf-to-gguf:v.blk.9.attn_k.input_min,              torch.bfloat16 --> F32, shape = {1}
INFO:hf-to-gguf:v.blk.9.attn_k.weight,                 torch.bfloat16 --> BF16, shape = {768, 768}
INFO:hf-to-gguf:v.blk.9.attn_k.output_max,             torch.bfloat16 --> F32, shape = {1}
INFO:hf-to-gguf:v.blk.9.attn_k.output_min,             torch.bfloat16 --> F32, shape = {1}
INFO:hf-to-gguf:v.blk.9.attn_out.input_max,            torch.bfloat16 --> F32, shape = {1}
INFO:hf-to-gguf:v.blk.9.attn_out.input_min,            torch.bfloat16 --> F32, shape = {1}
INFO:hf-to-gguf:v.blk.9.attn_out.weight,               torch.bfloat16 --> BF16, shape = {768, 768}
INFO:hf-to-gguf:v.blk.9.attn_out.output_max,           torch.bfloat16 --> F32, shape = {1}
INFO:hf-to-gguf:v.blk.9.attn_out.output_min,           torch.bfloat16 --> F32, shape = {1}
INFO:hf-to-gguf:v.blk.9.attn_q_norm.weight,            torch.bfloat16 --> F32, shape = {64}
INFO:hf-to-gguf:v.blk.9.attn_q.input_max,              torch.bfloat16 --> F32, shape = {1}
INFO:hf-to-gguf:v.blk.9.attn_q.input_min,              torch.bfloat16 --> F32, shape = {1}
INFO:hf-to-gguf:v.blk.9.attn_q.weight,                 torch.bfloat16 --> BF16, shape = {768, 768}
INFO:hf-to-gguf:v.blk.9.attn_q.output_max,             torch.bfloat16 --> F32, shape = {1}
INFO:hf-to-gguf:v.blk.9.attn_q.output_min,             torch.bfloat16 --> F32, shape = {1}
INFO:hf-to-gguf:v.blk.9.attn_v.input_max,              torch.bfloat16 --> F32, shape = {1}
INFO:hf-to-gguf:v.blk.9.attn_v.input_min,              torch.bfloat16 --> F32, shape = {1}
INFO:hf-to-gguf:v.blk.9.attn_v.weight,                 torch.bfloat16 --> BF16, shape = {768, 768}
INFO:hf-to-gguf:v.blk.9.attn_v.output_max,             torch.bfloat16 --> F32, shape = {1}
INFO:hf-to-gguf:v.blk.9.attn_v.output_min,             torch.bfloat16 --> F32, shape = {1}
INFO:hf-to-gguf:v.patch_embd.weight,                   torch.bfloat16 --> F32, shape = {16, 16, 3, 768}
INFO:hf-to-gguf:v.position_embd.weight,                torch.bfloat16 --> F32, shape = {768, 10240, 2}
INFO:hf-to-gguf:Set meta model
INFO:hf-to-gguf:Set model parameters
INFO:hf-to-gguf:Set model quantization version
INFO:gguf.gguf_writer:Writing the following files:
INFO:gguf.gguf_writer:upload-gemma_4_E4B_it/mmproj-gemma-4-E4B-it-BF16.gguf: n_tensors = 1411, total_size = 991.4M

Writing:   0%|          | 0.00/991M [00:00<?, ?byte/s][A
Writing:  30%|███       | 302M/991M [00:01<00:02, 302Mbyte/s][A
Writing:  61%|██████    | 605M/991M [00:02<00:01, 300Mbyte/s][A
Writing:  91%|█████████▏| 905M/991M [00:03<00:00, 247Mbyte/s][AWriting: 100%|██████████| 991M/991M [00:03<00:00, 274Mbyte/s]
INFO:hf-to-gguf:Model successfully exported to upload-gemma_4_E4B_it/mmproj-gemma-4-E4B-it-BF16.gguf
+ python3 ./llama.cpp/convert_hf_to_gguf.py ./model-temp-gemma_4_E4B_it-ASSISTANT --outtype bf16 --outfile ./upload-gemma_4_E4B_it/mtp-gemma-4-E4B-it-BF16.gguf --model-name gemma-4-E4B-it
INFO:hf-to-gguf:Loading model: model-temp-gemma_4_E4B_it-ASSISTANT
INFO:hf-to-gguf:Model architecture: Gemma4AssistantForCausalLM
INFO:hf-to-gguf:gguf: indexing model part 'model.safetensors'
INFO:gguf.gguf_writer:gguf: This GGUF file is for Little Endian only
INFO:hf-to-gguf:Exporting model...
INFO:hf-to-gguf:rope_freqs.weight,                torch.float32 --> F32, shape = {256}
INFO:hf-to-gguf:token_embd.weight,                torch.bfloat16 --> BF16, shape = {256, 262144}
INFO:hf-to-gguf:blk.0.attn_norm.weight,           torch.bfloat16 --> F32, shape = {256}
INFO:hf-to-gguf:blk.0.layer_output_scale.weight,  torch.bfloat16 --> F32, shape = {1}
INFO:hf-to-gguf:blk.0.ffn_down.weight,            torch.bfloat16 --> BF16, shape = {2048, 256}
INFO:hf-to-gguf:blk.0.ffn_gate.weight,            torch.bfloat16 --> BF16, shape = {256, 2048}
INFO:hf-to-gguf:blk.0.ffn_up.weight,              torch.bfloat16 --> BF16, shape = {256, 2048}
INFO:hf-to-gguf:blk.0.post_attention_norm.weight, torch.bfloat16 --> F32, shape = {256}
INFO:hf-to-gguf:blk.0.post_ffw_norm.weight,       torch.bfloat16 --> F32, shape = {256}
INFO:hf-to-gguf:blk.0.ffn_norm.weight,            torch.bfloat16 --> F32, shape = {256}
INFO:hf-to-gguf:blk.0.attn_output.weight,         torch.bfloat16 --> BF16, shape = {1024, 256}
INFO:hf-to-gguf:blk.0.attn_q_norm.weight,         torch.bfloat16 --> F32, shape = {256}
INFO:hf-to-gguf:blk.0.attn_q.weight,              torch.bfloat16 --> BF16, shape = {256, 1024}
INFO:hf-to-gguf:blk.1.attn_norm.weight,           torch.bfloat16 --> F32, shape = {256}
INFO:hf-to-gguf:blk.1.layer_output_scale.weight,  torch.bfloat16 --> F32, shape = {1}
INFO:hf-to-gguf:blk.1.ffn_down.weight,            torch.bfloat16 --> BF16, shape = {2048, 256}
INFO:hf-to-gguf:blk.1.ffn_gate.weight,            torch.bfloat16 --> BF16, shape = {256, 2048}
INFO:hf-to-gguf:blk.1.ffn_up.weight,              torch.bfloat16 --> BF16, shape = {256, 2048}
INFO:hf-to-gguf:blk.1.post_attention_norm.weight, torch.bfloat16 --> F32, shape = {256}
INFO:hf-to-gguf:blk.1.post_ffw_norm.weight,       torch.bfloat16 --> F32, shape = {256}
INFO:hf-to-gguf:blk.1.ffn_norm.weight,            torch.bfloat16 --> F32, shape = {256}
INFO:hf-to-gguf:blk.1.attn_output.weight,         torch.bfloat16 --> BF16, shape = {1024, 256}
INFO:hf-to-gguf:blk.1.attn_q_norm.weight,         torch.bfloat16 --> F32, shape = {256}
INFO:hf-to-gguf:blk.1.attn_q.weight,              torch.bfloat16 --> BF16, shape = {256, 1024}
INFO:hf-to-gguf:blk.2.attn_norm.weight,           torch.bfloat16 --> F32, shape = {256}
INFO:hf-to-gguf:blk.2.layer_output_scale.weight,  torch.bfloat16 --> F32, shape = {1}
INFO:hf-to-gguf:blk.2.ffn_down.weight,            torch.bfloat16 --> BF16, shape = {2048, 256}
INFO:hf-to-gguf:blk.2.ffn_gate.weight,            torch.bfloat16 --> BF16, shape = {256, 2048}
INFO:hf-to-gguf:blk.2.ffn_up.weight,              torch.bfloat16 --> BF16, shape = {256, 2048}
INFO:hf-to-gguf:blk.2.post_attention_norm.weight, torch.bfloat16 --> F32, shape = {256}
INFO:hf-to-gguf:blk.2.post_ffw_norm.weight,       torch.bfloat16 --> F32, shape = {256}
INFO:hf-to-gguf:blk.2.ffn_norm.weight,            torch.bfloat16 --> F32, shape = {256}
INFO:hf-to-gguf:blk.2.attn_output.weight,         torch.bfloat16 --> BF16, shape = {1024, 256}
INFO:hf-to-gguf:blk.2.attn_q_norm.weight,         torch.bfloat16 --> F32, shape = {256}
INFO:hf-to-gguf:blk.2.attn_q.weight,              torch.bfloat16 --> BF16, shape = {256, 1024}
INFO:hf-to-gguf:blk.3.attn_norm.weight,           torch.bfloat16 --> F32, shape = {256}
INFO:hf-to-gguf:blk.3.layer_output_scale.weight,  torch.bfloat16 --> F32, shape = {1}
INFO:hf-to-gguf:blk.3.ffn_down.weight,            torch.bfloat16 --> BF16, shape = {2048, 256}
INFO:hf-to-gguf:blk.3.ffn_gate.weight,            torch.bfloat16 --> BF16, shape = {256, 2048}
INFO:hf-to-gguf:blk.3.ffn_up.weight,              torch.bfloat16 --> BF16, shape = {256, 2048}
INFO:hf-to-gguf:blk.3.post_attention_norm.weight, torch.bfloat16 --> F32, shape = {256}
INFO:hf-to-gguf:blk.3.post_ffw_norm.weight,       torch.bfloat16 --> F32, shape = {256}
INFO:hf-to-gguf:blk.3.ffn_norm.weight,            torch.bfloat16 --> F32, shape = {256}
INFO:hf-to-gguf:blk.3.attn_output.weight,         torch.bfloat16 --> BF16, shape = {2048, 256}
INFO:hf-to-gguf:blk.3.attn_q_norm.weight,         torch.bfloat16 --> F32, shape = {512}
INFO:hf-to-gguf:blk.3.attn_q.weight,              torch.bfloat16 --> BF16, shape = {256, 2048}
INFO:hf-to-gguf:output_norm.weight,               torch.bfloat16 --> F32, shape = {256}
INFO:hf-to-gguf:nextn.post_projection.weight,     torch.bfloat16 --> BF16, shape = {256, 2560}
INFO:hf-to-gguf:nextn.pre_projection.weight,      torch.bfloat16 --> BF16, shape = {5120, 256}
INFO:hf-to-gguf:Set meta model
INFO:hf-to-gguf:Set model parameters
INFO:hf-to-gguf:gguf: context length = 131072
INFO:hf-to-gguf:gguf: embedding length = 256
INFO:hf-to-gguf:gguf: feed forward length = 2048
INFO:hf-to-gguf:gguf: head count = 4
INFO:hf-to-gguf:gguf: key-value head count = 2
WARNING:hf-to-gguf:Unknown RoPE type: proportional
INFO:hf-to-gguf:gguf: rope scaling type = NONE
INFO:hf-to-gguf:gguf: rope theta = 1000000.0
INFO:hf-to-gguf:gguf: rope theta swa = 10000.0
INFO:hf-to-gguf:gguf: rms norm epsilon = 1e-06
INFO:hf-to-gguf:gguf: file type = 32
WARNING:gguf.gguf_writer:Duplicated key name 'gemma4-assistant.context_length', overwriting it with new value 131072 of type UINT32
WARNING:gguf.gguf_writer:Duplicated key name 'gemma4-assistant.attention.head_count', overwriting it with new value 4 of type UINT32
WARNING:gguf.gguf_writer:Duplicated key name 'gemma4-assistant.attention.layer_norm_rms_epsilon', overwriting it with new value 1e-06 of type FLOAT32
WARNING:gguf.gguf_writer:Duplicated key name 'gemma4-assistant.attention.key_length', overwriting it with new value 256 of type UINT32
WARNING:gguf.gguf_writer:Duplicated key name 'gemma4-assistant.attention.value_length', overwriting it with new value 256 of type UINT32
WARNING:gguf.gguf_writer:Duplicated key name 'gemma4-assistant.rope.freq_base', overwriting it with new value 1000000.0 of type FLOAT32
WARNING:gguf.gguf_writer:Duplicated key name 'gemma4-assistant.attention.head_count_kv', overwriting it with new value 2 of type UINT32
WARNING:gguf.gguf_writer:Duplicated key name 'gemma4-assistant.attention.key_length', overwriting it with new value 512 of type UINT32
WARNING:gguf.gguf_writer:Duplicated key name 'gemma4-assistant.attention.value_length', overwriting it with new value 512 of type UINT32
INFO:hf-to-gguf:Set model quantization version
INFO:hf-to-gguf:Set model tokenizer
INFO:hf-to-gguf:Token '<|tool_call>' is set to USER_DEFINED
INFO:hf-to-gguf:Token '<tool_call|>' is set to USER_DEFINED
INFO:hf-to-gguf:Token '<|tool_response>' is set to USER_DEFINED
INFO:hf-to-gguf:Token '<tool_response|>' is set to USER_DEFINED
INFO:hf-to-gguf:Token '<|"|>' is set to USER_DEFINED
INFO:hf-to-gguf:Token '<|channel>' is set to USER_DEFINED
INFO:hf-to-gguf:Token '<channel|>' is set to USER_DEFINED
INFO:gguf.vocab:Adding 514906 merge(s).
INFO:gguf.vocab:Setting special token type bos to 2
INFO:gguf.vocab:Setting special token type eos to 1
INFO:gguf.vocab:Setting special token type unk to 3
INFO:gguf.vocab:Setting special token type pad to 0
INFO:gguf.vocab:Setting special token type mask to 4
INFO:gguf.gguf_writer:Writing the following files:
INFO:gguf.gguf_writer:upload-gemma_4_E4B_it/mtp-gemma-4-E4B-it-BF16.gguf: n_tensors = 49, total_size = 156.0M

Writing:   0%|          | 0.00/156M [00:00<?, ?byte/s][AWriting: 100%|██████████| 156M/156M [00:00<00:00, 205Mbyte/s]
INFO:hf-to-gguf:Model successfully exported to upload-gemma_4_E4B_it/mtp-gemma-4-E4B-it-BF16.gguf
+ ./llama.cpp/build/bin/llama-quantize ./upload-gemma_4_E4B_it/gemma-4-E4B-it-BF16.gguf ./upload-gemma_4_E4B_it/gemma-4-E4B-it-Q8_0.gguf Q8_0
llama_print_build_info: build = 1 (7cdd557)
llama_print_build_info: built with GNU 14.2.0 for Linux x86_64
llama_quantize: quantizing './upload-gemma_4_E4B_it/gemma-4-E4B-it-BF16.gguf' to './upload-gemma_4_E4B_it/gemma-4-E4B-it-Q8_0.gguf' as Q8_0
llama_model_loader: loaded meta data with 49 key-value pairs and 720 tensors from ./upload-gemma_4_E4B_it/gemma-4-E4B-it-BF16.gguf (version GGUF V3 (latest))
llama_model_loader: Dumping metadata keys/values. Note: KV overrides do not apply in this output.
llama_model_loader: - kv   0:                       general.architecture str              = gemma4
llama_model_loader: - kv   1:                               general.type str              = model
llama_model_loader: - kv   2:                     general.sampling.top_k i32              = 64
llama_model_loader: - kv   3:                     general.sampling.top_p f32              = 0.950000
llama_model_loader: - kv   4:                      general.sampling.temp f32              = 1.000000
llama_model_loader: - kv   5:                               general.name str              = gemma-4-E4B-it
llama_model_loader: - kv   6:                         general.size_label str              = 7.5B
llama_model_loader: - kv   7:                            general.license str              = apache-2.0
llama_model_loader: - kv   8:                       general.license.link str              = https://ai.google.dev/gemma/docs/gemm...
llama_model_loader: - kv   9:                   general.base_model.count u32              = 1
llama_model_loader: - kv  10:                  general.base_model.0.name str              = Gemma 4 E4B
llama_model_loader: - kv  11:          general.base_model.0.organization str              = Google
llama_model_loader: - kv  12:              general.base_model.0.repo_url str              = https://huggingface.co/google/gemma-4...
llama_model_loader: - kv  13:                               general.tags arr[str,1]       = ["any-to-any"]
llama_model_loader: - kv  14:                         gemma4.block_count u32              = 42
llama_model_loader: - kv  15:                      gemma4.context_length u32              = 131072
llama_model_loader: - kv  16:                    gemma4.embedding_length u32              = 2560
llama_model_loader: - kv  17:                 gemma4.feed_forward_length u32              = 10240
llama_model_loader: - kv  18:                gemma4.attention.head_count u32              = 8
llama_model_loader: - kv  19:             gemma4.attention.head_count_kv u32              = 2
llama_model_loader: - kv  20:                      gemma4.rope.freq_base f32              = 1000000.000000
llama_model_loader: - kv  21:                  gemma4.rope.freq_base_swa f32              = 10000.000000
llama_model_loader: - kv  22:    gemma4.attention.layer_norm_rms_epsilon f32              = 0.000001
llama_model_loader: - kv  23:                gemma4.attention.key_length u32              = 512
llama_model_loader: - kv  24:              gemma4.attention.value_length u32              = 512
llama_model_loader: - kv  25:                          general.file_type u32              = 32
llama_model_loader: - kv  26:             gemma4.final_logit_softcapping f32              = 30.000000
llama_model_loader: - kv  27:            gemma4.attention.sliding_window u32              = 512
llama_model_loader: - kv  28:          gemma4.attention.shared_kv_layers u32              = 18
llama_model_loader: - kv  29:    gemma4.embedding_length_per_layer_input u32              = 256
llama_model_loader: - kv  30:    gemma4.attention.sliding_window_pattern arr[bool,42]     = [true, true, true, true, true, false,...
llama_model_loader: - kv  31:            gemma4.attention.key_length_swa u32              = 256
llama_model_loader: - kv  32:          gemma4.attention.value_length_swa u32              = 256
llama_model_loader: - kv  33:                gemma4.rope.dimension_count u32              = 512
llama_model_loader: - kv  34:            gemma4.rope.dimension_count_swa u32              = 256
llama_model_loader: - kv  35:               general.quantization_version u32              = 2
llama_model_loader: - kv  36:                       tokenizer.ggml.model str              = gemma4
llama_model_loader: - kv  37:                      tokenizer.ggml.tokens arr[str,262144]  = ["<pad>", "<eos>", "<bos>", "<unk>", ...
llama_model_loader: - kv  38:                      tokenizer.ggml.scores arr[f32,262144]  = [-1000.000000, -1000.000000, -1000.00...
llama_model_loader: - kv  39:                  tokenizer.ggml.token_type arr[i32,262144]  = [3, 3, 3, 3, 3, 1, 1, 1, 1, 1, 1, 1, ...
llama_model_loader: - kv  40:                      tokenizer.ggml.merges arr[str,514906]  = ["\n\n\n\n\n\n\n\n\n\n\n\n\n\n\n\n\n\n\n\n\n\n\n\n\n\n\n\n\n\n \n", ...
llama_model_loader: - kv  41:                tokenizer.ggml.bos_token_id u32              = 2
llama_model_loader: - kv  42:                tokenizer.ggml.eos_token_id u32              = 1
llama_model_loader: - kv  43:            tokenizer.ggml.unknown_token_id u32              = 3
llama_model_loader: - kv  44:            tokenizer.ggml.padding_token_id u32              = 0
llama_model_loader: - kv  45:               tokenizer.ggml.mask_token_id u32              = 4
llama_model_loader: - kv  46:                    tokenizer.chat_template str              = {#\n  Template: Google Gemma 4 Canonic...
llama_model_loader: - kv  47:            tokenizer.ggml.add_space_prefix bool             = false
llama_model_loader: - kv  48:               tokenizer.ggml.add_bos_token bool             = true
llama_model_loader: - type  f32:  339 tensors
llama_model_loader: - type bf16:  381 tensors
[   1/ 720] output_norm.weight                   - [  2560,      1,      1,      1], type =    f32, size =    0.010 MiB
[   2/ 720] per_layer_model_proj.weight          - [  2560,  10752,      1,      1], type =   bf16, size =   52.500 MiB
[   3/ 720] per_layer_proj_norm.weight           - [   256,      1,      1,      1], type =    f32, size =    0.001 MiB
[   4/ 720] per_layer_token_embd.weight          - [ 10752, 262144,      1,      1], type =   bf16, converting to q8_0 .. size =  5376.00 MiB ->  2856.00 MiB
[   5/ 720] rope_freqs.weight                    - [   256,      1,      1,      1], type =    f32, size =    0.001 MiB
[   6/ 720] token_embd.weight                    - [  2560, 262144,      1,      1], type =   bf16, converting to q8_0 .. size =  1280.00 MiB ->   680.00 MiB
[   7/ 720] blk.0.attn_k.weight                  - [  2560,    512,      1,      1], type =   bf16, converting to q8_0 .. size =     2.50 MiB ->     1.33 MiB
[   8/ 720] blk.0.attn_k_norm.weight             - [   256,      1,      1,      1], type =    f32, size =    0.001 MiB
[   9/ 720] blk.0.attn_norm.weight               - [  2560,      1,      1,      1], type =    f32, size =    0.010 MiB
[  10/ 720] blk.0.attn_output.weight             - [  2048,   2560,      1,      1], type =   bf16, converting to q8_0 .. size =    10.00 MiB ->     5.31 MiB
[  11/ 720] blk.0.attn_q.weight                  - [  2560,   2048,      1,      1], type =   bf16, converting to q8_0 .. size =    10.00 MiB ->     5.31 MiB
[  12/ 720] blk.0.attn_q_norm.weight             - [   256,      1,      1,      1], type =    f32, size =    0.001 MiB
[  13/ 720] blk.0.attn_v.weight                  - [  2560,    512,      1,      1], type =   bf16, converting to q8_0 .. size =     2.50 MiB ->     1.33 MiB
[  14/ 720] blk.0.ffn_down.weight                - [ 10240,   2560,      1,      1], type =   bf16, converting to q8_0 .. size =    50.00 MiB ->    26.56 MiB
[  15/ 720] blk.0.ffn_gate.weight                - [  2560,  10240,      1,      1], type =   bf16, converting to q8_0 .. size =    50.00 MiB ->    26.56 MiB
[  16/ 720] blk.0.ffn_norm.weight                - [  2560,      1,      1,      1], type =    f32, size =    0.010 MiB
[  17/ 720] blk.0.ffn_up.weight                  - [  2560,  10240,      1,      1], type =   bf16, converting to q8_0 .. size =    50.00 MiB ->    26.56 MiB
[  18/ 720] blk.0.inp_gate.weight                - [  2560,    256,      1,      1], type =   bf16, converting to q8_0 .. size =     1.25 MiB ->     0.66 MiB
[  19/ 720] blk.0.layer_output_scale.weight      - [     1,      1,      1,      1], type =    f32, size =    0.000 MiB
[  20/ 720] blk.0.post_attention_norm.weight     - [  2560,      1,      1,      1], type =    f32, size =    0.010 MiB
[  21/ 720] blk.0.post_ffw_norm.weight           - [  2560,      1,      1,      1], type =    f32, size =    0.010 MiB
[  22/ 720] blk.0.post_norm.weight               - [  2560,      1,      1,      1], type =    f32, size =    0.010 MiB
[  23/ 720] blk.0.proj.weight                    - [   256,   2560,      1,      1], type =   bf16, converting to q8_0 .. size =     1.25 MiB ->     0.66 MiB
[  24/ 720] blk.1.attn_k.weight                  - [  2560,    512,      1,      1], type =   bf16, converting to q8_0 .. size =     2.50 MiB ->     1.33 MiB
[  25/ 720] blk.1.attn_k_norm.weight             - [   256,      1,      1,      1], type =    f32, size =    0.001 MiB
[  26/ 720] blk.1.attn_norm.weight               - [  2560,      1,      1,      1], type =    f32, size =    0.010 MiB
[  27/ 720] blk.1.attn_output.weight             - [  2048,   2560,      1,      1], type =   bf16, converting to q8_0 .. size =    10.00 MiB ->     5.31 MiB
[  28/ 720] blk.1.attn_q.weight                  - [  2560,   2048,      1,      1], type =   bf16, converting to q8_0 .. size =    10.00 MiB ->     5.31 MiB
[  29/ 720] blk.1.attn_q_norm.weight             - [   256,      1,      1,      1], type =    f32, size =    0.001 MiB
[  30/ 720] blk.1.attn_v.weight                  - [  2560,    512,      1,      1], type =   bf16, converting to q8_0 .. size =     2.50 MiB ->     1.33 MiB
[  31/ 720] blk.1.ffn_down.weight                - [ 10240,   2560,      1,      1], type =   bf16, converting to q8_0 .. size =    50.00 MiB ->    26.56 MiB
[  32/ 720] blk.1.ffn_gate.weight                - [  2560,  10240,      1,      1], type =   bf16, converting to q8_0 .. size =    50.00 MiB ->    26.56 MiB
[  33/ 720] blk.1.ffn_norm.weight                - [  2560,      1,      1,      1], type =    f32, size =    0.010 MiB
[  34/ 720] blk.1.ffn_up.weight                  - [  2560,  10240,      1,      1], type =   bf16, converting to q8_0 .. size =    50.00 MiB ->    26.56 MiB
[  35/ 720] blk.1.inp_gate.weight                - [  2560,    256,      1,      1], type =   bf16, converting to q8_0 .. size =     1.25 MiB ->     0.66 MiB
[  36/ 720] blk.1.layer_output_scale.weight      - [     1,      1,      1,      1], type =    f32, size =    0.000 MiB
[  37/ 720] blk.1.post_attention_norm.weight     - [  2560,      1,      1,      1], type =    f32, size =    0.010 MiB
[  38/ 720] blk.1.post_ffw_norm.weight           - [  2560,      1,      1,      1], type =    f32, size =    0.010 MiB
[  39/ 720] blk.1.post_norm.weight               - [  2560,      1,      1,      1], type =    f32, size =    0.010 MiB
[  40/ 720] blk.1.proj.weight                    - [   256,   2560,      1,      1], type =   bf16, converting to q8_0 .. size =     1.25 MiB ->     0.66 MiB
[  41/ 720] blk.2.attn_k.weight                  - [  2560,    512,      1,      1], type =   bf16, converting to q8_0 .. size =     2.50 MiB ->     1.33 MiB
[  42/ 720] blk.2.attn_k_norm.weight             - [   256,      1,      1,      1], type =    f32, size =    0.001 MiB
[  43/ 720] blk.2.attn_norm.weight               - [  2560,      1,      1,      1], type =    f32, size =    0.010 MiB
[  44/ 720] blk.2.attn_output.weight             - [  2048,   2560,      1,      1], type =   bf16, converting to q8_0 .. size =    10.00 MiB ->     5.31 MiB
[  45/ 720] blk.2.attn_q.weight                  - [  2560,   2048,      1,      1], type =   bf16, converting to q8_0 .. size =    10.00 MiB ->     5.31 MiB
[  46/ 720] blk.2.attn_q_norm.weight             - [   256,      1,      1,      1], type =    f32, size =    0.001 MiB
[  47/ 720] blk.2.attn_v.weight                  - [  2560,    512,      1,      1], type =   bf16, converting to q8_0 .. size =     2.50 MiB ->     1.33 MiB
[  48/ 720] blk.2.ffn_down.weight                - [ 10240,   2560,      1,      1], type =   bf16, converting to q8_0 .. size =    50.00 MiB ->    26.56 MiB
[  49/ 720] blk.2.ffn_gate.weight                - [  2560,  10240,      1,      1], type =   bf16, converting to q8_0 .. size =    50.00 MiB ->    26.56 MiB
[  50/ 720] blk.2.ffn_norm.weight                - [  2560,      1,      1,      1], type =    f32, size =    0.010 MiB
[  51/ 720] blk.2.ffn_up.weight                  - [  2560,  10240,      1,      1], type =   bf16, converting to q8_0 .. size =    50.00 MiB ->    26.56 MiB
[  52/ 720] blk.2.inp_gate.weight                - [  2560,    256,      1,      1], type =   bf16, converting to q8_0 .. size =     1.25 MiB ->     0.66 MiB
[  53/ 720] blk.2.layer_output_scale.weight      - [     1,      1,      1,      1], type =    f32, size =    0.000 MiB
[  54/ 720] blk.2.post_attention_norm.weight     - [  2560,      1,      1,      1], type =    f32, size =    0.010 MiB
[  55/ 720] blk.2.post_ffw_norm.weight           - [  2560,      1,      1,      1], type =    f32, size =    0.010 MiB
[  56/ 720] blk.2.post_norm.weight               - [  2560,      1,      1,      1], type =    f32, size =    0.010 MiB
[  57/ 720] blk.2.proj.weight                    - [   256,   2560,      1,      1], type =   bf16, converting to q8_0 .. size =     1.25 MiB ->     0.66 MiB
[  58/ 720] blk.3.attn_k.weight                  - [  2560,    512,      1,      1], type =   bf16, converting to q8_0 .. size =     2.50 MiB ->     1.33 MiB
[  59/ 720] blk.3.attn_k_norm.weight             - [   256,      1,      1,      1], type =    f32, size =    0.001 MiB
[  60/ 720] blk.3.attn_norm.weight               - [  2560,      1,      1,      1], type =    f32, size =    0.010 MiB
[  61/ 720] blk.3.attn_output.weight             - [  2048,   2560,      1,      1], type =   bf16, converting to q8_0 .. size =    10.00 MiB ->     5.31 MiB
[  62/ 720] blk.3.attn_q.weight                  - [  2560,   2048,      1,      1], type =   bf16, converting to q8_0 .. size =    10.00 MiB ->     5.31 MiB
[  63/ 720] blk.3.attn_q_norm.weight             - [   256,      1,      1,      1], type =    f32, size =    0.001 MiB
[  64/ 720] blk.3.attn_v.weight                  - [  2560,    512,      1,      1], type =   bf16, converting to q8_0 .. size =     2.50 MiB ->     1.33 MiB
[  65/ 720] blk.3.ffn_down.weight                - [ 10240,   2560,      1,      1], type =   bf16, converting to q8_0 .. size =    50.00 MiB ->    26.56 MiB
[  66/ 720] blk.3.ffn_gate.weight                - [  2560,  10240,      1,      1], type =   bf16, converting to q8_0 .. size =    50.00 MiB ->    26.56 MiB
[  67/ 720] blk.3.ffn_norm.weight                - [  2560,      1,      1,      1], type =    f32, size =    0.010 MiB
[  68/ 720] blk.3.ffn_up.weight                  - [  2560,  10240,      1,      1], type =   bf16, converting to q8_0 .. size =    50.00 MiB ->    26.56 MiB
[  69/ 720] blk.3.inp_gate.weight                - [  2560,    256,      1,      1], type =   bf16, converting to q8_0 .. size =     1.25 MiB ->     0.66 MiB
[  70/ 720] blk.3.layer_output_scale.weight      - [     1,      1,      1,      1], type =    f32, size =    0.000 MiB
[  71/ 720] blk.3.post_attention_norm.weight     - [  2560,      1,      1,      1], type =    f32, size =    0.010 MiB
[  72/ 720] blk.3.post_ffw_norm.weight           - [  2560,      1,      1,      1], type =    f32, size =    0.010 MiB
[  73/ 720] blk.3.post_norm.weight               - [  2560,      1,      1,      1], type =    f32, size =    0.010 MiB
[  74/ 720] blk.3.proj.weight                    - [   256,   2560,      1,      1], type =   bf16, converting to q8_0 .. size =     1.25 MiB ->     0.66 MiB
[  75/ 720] blk.4.attn_k.weight                  - [  2560,    512,      1,      1], type =   bf16, converting to q8_0 .. size =     2.50 MiB ->     1.33 MiB
[  76/ 720] blk.4.attn_k_norm.weight             - [   256,      1,      1,      1], type =    f32, size =    0.001 MiB
[  77/ 720] blk.4.attn_norm.weight               - [  2560,      1,      1,      1], type =    f32, size =    0.010 MiB
[  78/ 720] blk.4.attn_output.weight             - [  2048,   2560,      1,      1], type =   bf16, converting to q8_0 .. size =    10.00 MiB ->     5.31 MiB
[  79/ 720] blk.4.attn_q.weight                  - [  2560,   2048,      1,      1], type =   bf16, converting to q8_0 .. size =    10.00 MiB ->     5.31 MiB
[  80/ 720] blk.4.attn_q_norm.weight             - [   256,      1,      1,      1], type =    f32, size =    0.001 MiB
[  81/ 720] blk.4.attn_v.weight                  - [  2560,    512,      1,      1], type =   bf16, converting to q8_0 .. size =     2.50 MiB ->     1.33 MiB
[  82/ 720] blk.4.ffn_down.weight                - [ 10240,   2560,      1,      1], type =   bf16, converting to q8_0 .. size =    50.00 MiB ->    26.56 MiB
[  83/ 720] blk.4.ffn_gate.weight                - [  2560,  10240,      1,      1], type =   bf16, converting to q8_0 .. size =    50.00 MiB ->    26.56 MiB
[  84/ 720] blk.4.ffn_norm.weight                - [  2560,      1,      1,      1], type =    f32, size =    0.010 MiB
[  85/ 720] blk.4.ffn_up.weight                  - [  2560,  10240,      1,      1], type =   bf16, converting to q8_0 .. size =    50.00 MiB ->    26.56 MiB
[  86/ 720] blk.4.inp_gate.weight                - [  2560,    256,      1,      1], type =   bf16, converting to q8_0 .. size =     1.25 MiB ->     0.66 MiB
[  87/ 720] blk.4.layer_output_scale.weight      - [     1,      1,      1,      1], type =    f32, size =    0.000 MiB
[  88/ 720] blk.4.post_attention_norm.weight     - [  2560,      1,      1,      1], type =    f32, size =    0.010 MiB
[  89/ 720] blk.4.post_ffw_norm.weight           - [  2560,      1,      1,      1], type =    f32, size =    0.010 MiB
[  90/ 720] blk.4.post_norm.weight               - [  2560,      1,      1,      1], type =    f32, size =    0.010 MiB
[  91/ 720] blk.4.proj.weight                    - [   256,   2560,      1,      1], type =   bf16, converting to q8_0 .. size =     1.25 MiB ->     0.66 MiB
[  92/ 720] blk.5.attn_k.weight                  - [  2560,   1024,      1,      1], type =   bf16, converting to q8_0 .. size =     5.00 MiB ->     2.66 MiB
[  93/ 720] blk.5.attn_k_norm.weight             - [   512,      1,      1,      1], type =    f32, size =    0.002 MiB
[  94/ 720] blk.5.attn_norm.weight               - [  2560,      1,      1,      1], type =    f32, size =    0.010 MiB
[  95/ 720] blk.5.attn_output.weight             - [  4096,   2560,      1,      1], type =   bf16, converting to q8_0 .. size =    20.00 MiB ->    10.62 MiB
[  96/ 720] blk.5.attn_q.weight                  - [  2560,   4096,      1,      1], type =   bf16, converting to q8_0 .. size =    20.00 MiB ->    10.62 MiB
[  97/ 720] blk.5.attn_q_norm.weight             - [   512,      1,      1,      1], type =    f32, size =    0.002 MiB
[  98/ 720] blk.5.attn_v.weight                  - [  2560,   1024,      1,      1], type =   bf16, converting to q8_0 .. size =     5.00 MiB ->     2.66 MiB
[  99/ 720] blk.5.ffn_down.weight                - [ 10240,   2560,      1,      1], type =   bf16, converting to q8_0 .. size =    50.00 MiB ->    26.56 MiB
[ 100/ 720] blk.5.ffn_gate.weight                - [  2560,  10240,      1,      1], type =   bf16, converting to q8_0 .. size =    50.00 MiB ->    26.56 MiB
[ 101/ 720] blk.5.ffn_norm.weight                - [  2560,      1,      1,      1], type =    f32, size =    0.010 MiB
[ 102/ 720] blk.5.ffn_up.weight                  - [  2560,  10240,      1,      1], type =   bf16, converting to q8_0 .. size =    50.00 MiB ->    26.56 MiB
[ 103/ 720] blk.5.inp_gate.weight                - [  2560,    256,      1,      1], type =   bf16, converting to q8_0 .. size =     1.25 MiB ->     0.66 MiB
[ 104/ 720] blk.5.layer_output_scale.weight      - [     1,      1,      1,      1], type =    f32, size =    0.000 MiB
[ 105/ 720] blk.5.post_attention_norm.weight     - [  2560,      1,      1,      1], type =    f32, size =    0.010 MiB
[ 106/ 720] blk.5.post_ffw_norm.weight           - [  2560,      1,      1,      1], type =    f32, size =    0.010 MiB
[ 107/ 720] blk.5.post_norm.weight               - [  2560,      1,      1,      1], type =    f32, size =    0.010 MiB
[ 108/ 720] blk.5.proj.weight                    - [   256,   2560,      1,      1], type =   bf16, converting to q8_0 .. size =     1.25 MiB ->     0.66 MiB
[ 109/ 720] blk.6.attn_k.weight                  - [  2560,    512,      1,      1], type =   bf16, converting to q8_0 .. size =     2.50 MiB ->     1.33 MiB
[ 110/ 720] blk.6.attn_k_norm.weight             - [   256,      1,      1,      1], type =    f32, size =    0.001 MiB
[ 111/ 720] blk.6.attn_norm.weight               - [  2560,      1,      1,      1], type =    f32, size =    0.010 MiB
[ 112/ 720] blk.6.attn_output.weight             - [  2048,   2560,      1,      1], type =   bf16, converting to q8_0 .. size =    10.00 MiB ->     5.31 MiB
[ 113/ 720] blk.6.attn_q.weight                  - [  2560,   2048,      1,      1], type =   bf16, converting to q8_0 .. size =    10.00 MiB ->     5.31 MiB
[ 114/ 720] blk.6.attn_q_norm.weight             - [   256,      1,      1,      1], type =    f32, size =    0.001 MiB
[ 115/ 720] blk.6.attn_v.weight                  - [  2560,    512,      1,      1], type =   bf16, converting to q8_0 .. size =     2.50 MiB ->     1.33 MiB
[ 116/ 720] blk.6.ffn_down.weight                - [ 10240,   2560,      1,      1], type =   bf16, converting to q8_0 .. size =    50.00 MiB ->    26.56 MiB
[ 117/ 720] blk.6.ffn_gate.weight                - [  2560,  10240,      1,      1], type =   bf16, converting to q8_0 .. size =    50.00 MiB ->    26.56 MiB
[ 118/ 720] blk.6.ffn_norm.weight                - [  2560,      1,      1,      1], type =    f32, size =    0.010 MiB
[ 119/ 720] blk.6.ffn_up.weight                  - [  2560,  10240,      1,      1], type =   bf16, converting to q8_0 .. size =    50.00 MiB ->    26.56 MiB
[ 120/ 720] blk.6.inp_gate.weight                - [  2560,    256,      1,      1], type =   bf16, converting to q8_0 .. size =     1.25 MiB ->     0.66 MiB
[ 121/ 720] blk.6.layer_output_scale.weight      - [     1,      1,      1,      1], type =    f32, size =    0.000 MiB
[ 122/ 720] blk.6.post_attention_norm.weight     - [  2560,      1,      1,      1], type =    f32, size =    0.010 MiB
[ 123/ 720] blk.6.post_ffw_norm.weight           - [  2560,      1,      1,      1], type =    f32, size =    0.010 MiB
[ 124/ 720] blk.6.post_norm.weight               - [  2560,      1,      1,      1], type =    f32, size =    0.010 MiB
[ 125/ 720] blk.6.proj.weight                    - [   256,   2560,      1,      1], type =   bf16, converting to q8_0 .. size =     1.25 MiB ->     0.66 MiB
[ 126/ 720] blk.7.attn_k.weight                  - [  2560,    512,      1,      1], type =   bf16, converting to q8_0 .. size =     2.50 MiB ->     1.33 MiB
[ 127/ 720] blk.7.attn_k_norm.weight             - [   256,      1,      1,      1], type =    f32, size =    0.001 MiB
[ 128/ 720] blk.7.attn_norm.weight               - [  2560,      1,      1,      1], type =    f32, size =    0.010 MiB
[ 129/ 720] blk.7.attn_output.weight             - [  2048,   2560,      1,      1], type =   bf16, converting to q8_0 .. size =    10.00 MiB ->     5.31 MiB
[ 130/ 720] blk.7.attn_q.weight                  - [  2560,   2048,      1,      1], type =   bf16, converting to q8_0 .. size =    10.00 MiB ->     5.31 MiB
[ 131/ 720] blk.7.attn_q_norm.weight             - [   256,      1,      1,      1], type =    f32, size =    0.001 MiB
[ 132/ 720] blk.7.attn_v.weight                  - [  2560,    512,      1,      1], type =   bf16, converting to q8_0 .. size =     2.50 MiB ->     1.33 MiB
[ 133/ 720] blk.7.ffn_down.weight                - [ 10240,   2560,      1,      1], type =   bf16, converting to q8_0 .. size =    50.00 MiB ->    26.56 MiB
[ 134/ 720] blk.7.ffn_gate.weight                - [  2560,  10240,      1,      1], type =   bf16, converting to q8_0 .. size =    50.00 MiB ->    26.56 MiB
[ 135/ 720] blk.7.ffn_norm.weight                - [  2560,      1,      1,      1], type =    f32, size =    0.010 MiB
[ 136/ 720] blk.7.ffn_up.weight                  - [  2560,  10240,      1,      1], type =   bf16, converting to q8_0 .. size =    50.00 MiB ->    26.56 MiB
[ 137/ 720] blk.7.inp_gate.weight                - [  2560,    256,      1,      1], type =   bf16, converting to q8_0 .. size =     1.25 MiB ->     0.66 MiB
[ 138/ 720] blk.7.layer_output_scale.weight      - [     1,      1,      1,      1], type =    f32, size =    0.000 MiB
[ 139/ 720] blk.7.post_attention_norm.weight     - [  2560,      1,      1,      1], type =    f32, size =    0.010 MiB
[ 140/ 720] blk.7.post_ffw_norm.weight           - [  2560,      1,      1,      1], type =    f32, size =    0.010 MiB
[ 141/ 720] blk.7.post_norm.weight               - [  2560,      1,      1,      1], type =    f32, size =    0.010 MiB
[ 142/ 720] blk.7.proj.weight                    - [   256,   2560,      1,      1], type =   bf16, converting to q8_0 .. size =     1.25 MiB ->     0.66 MiB
[ 143/ 720] blk.8.attn_k.weight                  - [  2560,    512,      1,      1], type =   bf16, converting to q8_0 .. size =     2.50 MiB ->     1.33 MiB
[ 144/ 720] blk.8.attn_k_norm.weight             - [   256,      1,      1,      1], type =    f32, size =    0.001 MiB
[ 145/ 720] blk.8.attn_norm.weight               - [  2560,      1,      1,      1], type =    f32, size =    0.010 MiB
[ 146/ 720] blk.8.attn_output.weight             - [  2048,   2560,      1,      1], type =   bf16, converting to q8_0 .. size =    10.00 MiB ->     5.31 MiB
[ 147/ 720] blk.8.attn_q.weight                  - [  2560,   2048,      1,      1], type =   bf16, converting to q8_0 .. size =    10.00 MiB ->     5.31 MiB
[ 148/ 720] blk.8.attn_q_norm.weight             - [   256,      1,      1,      1], type =    f32, size =    0.001 MiB
[ 149/ 720] blk.8.attn_v.weight                  - [  2560,    512,      1,      1], type =   bf16, converting to q8_0 .. size =     2.50 MiB ->     1.33 MiB
[ 150/ 720] blk.8.ffn_down.weight                - [ 10240,   2560,      1,      1], type =   bf16, converting to q8_0 .. size =    50.00 MiB ->    26.56 MiB
[ 151/ 720] blk.8.ffn_gate.weight                - [  2560,  10240,      1,      1], type =   bf16, converting to q8_0 .. size =    50.00 MiB ->    26.56 MiB
[ 152/ 720] blk.8.ffn_norm.weight                - [  2560,      1,      1,      1], type =    f32, size =    0.010 MiB
[ 153/ 720] blk.8.ffn_up.weight                  - [  2560,  10240,      1,      1], type =   bf16, converting to q8_0 .. size =    50.00 MiB ->    26.56 MiB
[ 154/ 720] blk.8.inp_gate.weight                - [  2560,    256,      1,      1], type =   bf16, converting to q8_0 .. size =     1.25 MiB ->     0.66 MiB
[ 155/ 720] blk.8.layer_output_scale.weight      - [     1,      1,      1,      1], type =    f32, size =    0.000 MiB
[ 156/ 720] blk.8.post_attention_norm.weight     - [  2560,      1,      1,      1], type =    f32, size =    0.010 MiB
[ 157/ 720] blk.8.post_ffw_norm.weight           - [  2560,      1,      1,      1], type =    f32, size =    0.010 MiB
[ 158/ 720] blk.8.post_norm.weight               - [  2560,      1,      1,      1], type =    f32, size =    0.010 MiB
[ 159/ 720] blk.8.proj.weight                    - [   256,   2560,      1,      1], type =   bf16, converting to q8_0 .. size =     1.25 MiB ->     0.66 MiB
[ 160/ 720] blk.9.attn_k.weight                  - [  2560,    512,      1,      1], type =   bf16, converting to q8_0 .. size =     2.50 MiB ->     1.33 MiB
[ 161/ 720] blk.9.attn_k_norm.weight             - [   256,      1,      1,      1], type =    f32, size =    0.001 MiB
[ 162/ 720] blk.9.attn_norm.weight               - [  2560,      1,      1,      1], type =    f32, size =    0.010 MiB
[ 163/ 720] blk.9.attn_output.weight             - [  2048,   2560,      1,      1], type =   bf16, converting to q8_0 .. size =    10.00 MiB ->     5.31 MiB
[ 164/ 720] blk.9.attn_q.weight                  - [  2560,   2048,      1,      1], type =   bf16, converting to q8_0 .. size =    10.00 MiB ->     5.31 MiB
[ 165/ 720] blk.9.attn_q_norm.weight             - [   256,      1,      1,      1], type =    f32, size =    0.001 MiB
[ 166/ 720] blk.9.attn_v.weight                  - [  2560,    512,      1,      1], type =   bf16, converting to q8_0 .. size =     2.50 MiB ->     1.33 MiB
[ 167/ 720] blk.9.ffn_down.weight                - [ 10240,   2560,      1,      1], type =   bf16, converting to q8_0 .. size =    50.00 MiB ->    26.56 MiB
[ 168/ 720] blk.9.ffn_gate.weight                - [  2560,  10240,      1,      1], type =   bf16, converting to q8_0 .. size =    50.00 MiB ->    26.56 MiB
[ 169/ 720] blk.9.ffn_norm.weight                - [  2560,      1,      1,      1], type =    f32, size =    0.010 MiB
[ 170/ 720] blk.9.ffn_up.weight                  - [  2560,  10240,      1,      1], type =   bf16, converting to q8_0 .. size =    50.00 MiB ->    26.56 MiB
[ 171/ 720] blk.9.inp_gate.weight                - [  2560,    256,      1,      1], type =   bf16, converting to q8_0 .. size =     1.25 MiB ->     0.66 MiB
[ 172/ 720] blk.9.layer_output_scale.weight      - [     1,      1,      1,      1], type =    f32, size =    0.000 MiB
[ 173/ 720] blk.9.post_attention_norm.weight     - [  2560,      1,      1,      1], type =    f32, size =    0.010 MiB
[ 174/ 720] blk.9.post_ffw_norm.weight           - [  2560,      1,      1,      1], type =    f32, size =    0.010 MiB
[ 175/ 720] blk.9.post_norm.weight               - [  2560,      1,      1,      1], type =    f32, size =    0.010 MiB
[ 176/ 720] blk.9.proj.weight                    - [   256,   2560,      1,      1], type =   bf16, converting to q8_0 .. size =     1.25 MiB ->     0.66 MiB
[ 177/ 720] blk.10.attn_k.weight                 - [  2560,    512,      1,      1], type =   bf16, converting to q8_0 .. size =     2.50 MiB ->     1.33 MiB
[ 178/ 720] blk.10.attn_k_norm.weight            - [   256,      1,      1,      1], type =    f32, size =    0.001 MiB
[ 179/ 720] blk.10.attn_norm.weight              - [  2560,      1,      1,      1], type =    f32, size =    0.010 MiB
[ 180/ 720] blk.10.attn_output.weight            - [  2048,   2560,      1,      1], type =   bf16, converting to q8_0 .. size =    10.00 MiB ->     5.31 MiB
[ 181/ 720] blk.10.attn_q.weight                 - [  2560,   2048,      1,      1], type =   bf16, converting to q8_0 .. size =    10.00 MiB ->     5.31 MiB
[ 182/ 720] blk.10.attn_q_norm.weight            - [   256,      1,      1,      1], type =    f32, size =    0.001 MiB
[ 183/ 720] blk.10.attn_v.weight                 - [  2560,    512,      1,      1], type =   bf16, converting to q8_0 .. size =     2.50 MiB ->     1.33 MiB
[ 184/ 720] blk.10.ffn_down.weight               - [ 10240,   2560,      1,      1], type =   bf16, converting to q8_0 .. size =    50.00 MiB ->    26.56 MiB
[ 185/ 720] blk.10.ffn_gate.weight               - [  2560,  10240,      1,      1], type =   bf16, converting to q8_0 .. size =    50.00 MiB ->    26.56 MiB
[ 186/ 720] blk.10.ffn_norm.weight               - [  2560,      1,      1,      1], type =    f32, size =    0.010 MiB
[ 187/ 720] blk.10.ffn_up.weight                 - [  2560,  10240,      1,      1], type =   bf16, converting to q8_0 .. size =    50.00 MiB ->    26.56 MiB
[ 188/ 720] blk.10.inp_gate.weight               - [  2560,    256,      1,      1], type =   bf16, converting to q8_0 .. size =     1.25 MiB ->     0.66 MiB
[ 189/ 720] blk.10.layer_output_scale.weight     - [     1,      1,      1,      1], type =    f32, size =    0.000 MiB
[ 190/ 720] blk.10.post_attention_norm.weight    - [  2560,      1,      1,      1], type =    f32, size =    0.010 MiB
[ 191/ 720] blk.10.post_ffw_norm.weight          - [  2560,      1,      1,      1], type =    f32, size =    0.010 MiB
[ 192/ 720] blk.10.post_norm.weight              - [  2560,      1,      1,      1], type =    f32, size =    0.010 MiB
[ 193/ 720] blk.10.proj.weight                   - [   256,   2560,      1,      1], type =   bf16, converting to q8_0 .. size =     1.25 MiB ->     0.66 MiB
[ 194/ 720] blk.11.attn_k.weight                 - [  2560,   1024,      1,      1], type =   bf16, converting to q8_0 .. size =     5.00 MiB ->     2.66 MiB
[ 195/ 720] blk.11.attn_k_norm.weight            - [   512,      1,      1,      1], type =    f32, size =    0.002 MiB
[ 196/ 720] blk.11.attn_norm.weight              - [  2560,      1,      1,      1], type =    f32, size =    0.010 MiB
[ 197/ 720] blk.11.attn_output.weight            - [  4096,   2560,      1,      1], type =   bf16, converting to q8_0 .. size =    20.00 MiB ->    10.62 MiB
[ 198/ 720] blk.11.attn_q.weight                 - [  2560,   4096,      1,      1], type =   bf16, converting to q8_0 .. size =    20.00 MiB ->    10.62 MiB
[ 199/ 720] blk.11.attn_q_norm.weight            - [   512,      1,      1,      1], type =    f32, size =    0.002 MiB
[ 200/ 720] blk.11.attn_v.weight                 - [  2560,   1024,      1,      1], type =   bf16, converting to q8_0 .. size =     5.00 MiB ->     2.66 MiB
[ 201/ 720] blk.11.ffn_down.weight               - [ 10240,   2560,      1,      1], type =   bf16, converting to q8_0 .. size =    50.00 MiB ->    26.56 MiB
[ 202/ 720] blk.11.ffn_gate.weight               - [  2560,  10240,      1,      1], type =   bf16, converting to q8_0 .. size =    50.00 MiB ->    26.56 MiB
[ 203/ 720] blk.11.ffn_norm.weight               - [  2560,      1,      1,      1], type =    f32, size =    0.010 MiB
[ 204/ 720] blk.11.ffn_up.weight                 - [  2560,  10240,      1,      1], type =   bf16, converting to q8_0 .. size =    50.00 MiB ->    26.56 MiB
[ 205/ 720] blk.11.inp_gate.weight               - [  2560,    256,      1,      1], type =   bf16, converting to q8_0 .. size =     1.25 MiB ->     0.66 MiB
[ 206/ 720] blk.11.layer_output_scale.weight     - [     1,      1,      1,      1], type =    f32, size =    0.000 MiB
[ 207/ 720] blk.11.post_attention_norm.weight    - [  2560,      1,      1,      1], type =    f32, size =    0.010 MiB
[ 208/ 720] blk.11.post_ffw_norm.weight          - [  2560,      1,      1,      1], type =    f32, size =    0.010 MiB
[ 209/ 720] blk.11.post_norm.weight              - [  2560,      1,      1,      1], type =    f32, size =    0.010 MiB
[ 210/ 720] blk.11.proj.weight                   - [   256,   2560,      1,      1], type =   bf16, converting to q8_0 .. size =     1.25 MiB ->     0.66 MiB
[ 211/ 720] blk.12.attn_k.weight                 - [  2560,    512,      1,      1], type =   bf16, converting to q8_0 .. size =     2.50 MiB ->     1.33 MiB
[ 212/ 720] blk.12.attn_k_norm.weight            - [   256,      1,      1,      1], type =    f32, size =    0.001 MiB
[ 213/ 720] blk.12.attn_norm.weight              - [  2560,      1,      1,      1], type =    f32, size =    0.010 MiB
[ 214/ 720] blk.12.attn_output.weight            - [  2048,   2560,      1,      1], type =   bf16, converting to q8_0 .. size =    10.00 MiB ->     5.31 MiB
[ 215/ 720] blk.12.attn_q.weight                 - [  2560,   2048,      1,      1], type =   bf16, converting to q8_0 .. size =    10.00 MiB ->     5.31 MiB
[ 216/ 720] blk.12.attn_q_norm.weight            - [   256,      1,      1,      1], type =    f32, size =    0.001 MiB
[ 217/ 720] blk.12.attn_v.weight                 - [  2560,    512,      1,      1], type =   bf16, converting to q8_0 .. size =     2.50 MiB ->     1.33 MiB
[ 218/ 720] blk.12.ffn_down.weight               - [ 10240,   2560,      1,      1], type =   bf16, converting to q8_0 .. size =    50.00 MiB ->    26.56 MiB
[ 219/ 720] blk.12.ffn_gate.weight               - [  2560,  10240,      1,      1], type =   bf16, converting to q8_0 .. size =    50.00 MiB ->    26.56 MiB
[ 220/ 720] blk.12.ffn_norm.weight               - [  2560,      1,      1,      1], type =    f32, size =    0.010 MiB
[ 221/ 720] blk.12.ffn_up.weight                 - [  2560,  10240,      1,      1], type =   bf16, converting to q8_0 .. size =    50.00 MiB ->    26.56 MiB
[ 222/ 720] blk.12.inp_gate.weight               - [  2560,    256,      1,      1], type =   bf16, converting to q8_0 .. size =     1.25 MiB ->     0.66 MiB
[ 223/ 720] blk.12.layer_output_scale.weight     - [     1,      1,      1,      1], type =    f32, size =    0.000 MiB
[ 224/ 720] blk.12.post_attention_norm.weight    - [  2560,      1,      1,      1], type =    f32, size =    0.010 MiB
[ 225/ 720] blk.12.post_ffw_norm.weight          - [  2560,      1,      1,      1], type =    f32, size =    0.010 MiB
[ 226/ 720] blk.12.post_norm.weight              - [  2560,      1,      1,      1], type =    f32, size =    0.010 MiB
[ 227/ 720] blk.12.proj.weight                   - [   256,   2560,      1,      1], type =   bf16, converting to q8_0 .. size =     1.25 MiB ->     0.66 MiB
[ 228/ 720] blk.13.attn_k.weight                 - [  2560,    512,      1,      1], type =   bf16, converting to q8_0 .. size =     2.50 MiB ->     1.33 MiB
[ 229/ 720] blk.13.attn_k_norm.weight            - [   256,      1,      1,      1], type =    f32, size =    0.001 MiB
[ 230/ 720] blk.13.attn_norm.weight              - [  2560,      1,      1,      1], type =    f32, size =    0.010 MiB
[ 231/ 720] blk.13.attn_output.weight            - [  2048,   2560,      1,      1], type =   bf16, converting to q8_0 .. size =    10.00 MiB ->     5.31 MiB
[ 232/ 720] blk.13.attn_q.weight                 - [  2560,   2048,      1,      1], type =   bf16, converting to q8_0 .. size =    10.00 MiB ->     5.31 MiB
[ 233/ 720] blk.13.attn_q_norm.weight            - [   256,      1,      1,      1], type =    f32, size =    0.001 MiB
[ 234/ 720] blk.13.attn_v.weight                 - [  2560,    512,      1,      1], type =   bf16, converting to q8_0 .. size =     2.50 MiB ->     1.33 MiB
[ 235/ 720] blk.13.ffn_down.weight               - [ 10240,   2560,      1,      1], type =   bf16, converting to q8_0 .. size =    50.00 MiB ->    26.56 MiB
[ 236/ 720] blk.13.ffn_gate.weight               - [  2560,  10240,      1,      1], type =   bf16, converting to q8_0 .. size =    50.00 MiB ->    26.56 MiB
[ 237/ 720] blk.13.ffn_norm.weight               - [  2560,      1,      1,      1], type =    f32, size =    0.010 MiB
[ 238/ 720] blk.13.ffn_up.weight                 - [  2560,  10240,      1,      1], type =   bf16, converting to q8_0 .. size =    50.00 MiB ->    26.56 MiB
[ 239/ 720] blk.13.inp_gate.weight               - [  2560,    256,      1,      1], type =   bf16, converting to q8_0 .. size =     1.25 MiB ->     0.66 MiB
[ 240/ 720] blk.13.layer_output_scale.weight     - [     1,      1,      1,      1], type =    f32, size =    0.000 MiB
[ 241/ 720] blk.13.post_attention_norm.weight    - [  2560,      1,      1,      1], type =    f32, size =    0.010 MiB
[ 242/ 720] blk.13.post_ffw_norm.weight          - [  2560,      1,      1,      1], type =    f32, size =    0.010 MiB
[ 243/ 720] blk.13.post_norm.weight              - [  2560,      1,      1,      1], type =    f32, size =    0.010 MiB
[ 244/ 720] blk.13.proj.weight                   - [   256,   2560,      1,      1], type =   bf16, converting to q8_0 .. size =     1.25 MiB ->     0.66 MiB
[ 245/ 720] blk.14.attn_k.weight                 - [  2560,    512,      1,      1], type =   bf16, converting to q8_0 .. size =     2.50 MiB ->     1.33 MiB
[ 246/ 720] blk.14.attn_k_norm.weight            - [   256,      1,      1,      1], type =    f32, size =    0.001 MiB
[ 247/ 720] blk.14.attn_norm.weight              - [  2560,      1,      1,      1], type =    f32, size =    0.010 MiB
[ 248/ 720] blk.14.attn_output.weight            - [  2048,   2560,      1,      1], type =   bf16, converting to q8_0 .. size =    10.00 MiB ->     5.31 MiB
[ 249/ 720] blk.14.attn_q.weight                 - [  2560,   2048,      1,      1], type =   bf16, converting to q8_0 .. size =    10.00 MiB ->     5.31 MiB
[ 250/ 720] blk.14.attn_q_norm.weight            - [   256,      1,      1,      1], type =    f32, size =    0.001 MiB
[ 251/ 720] blk.14.attn_v.weight                 - [  2560,    512,      1,      1], type =   bf16, converting to q8_0 .. size =     2.50 MiB ->     1.33 MiB
[ 252/ 720] blk.14.ffn_down.weight               - [ 10240,   2560,      1,      1], type =   bf16, converting to q8_0 .. size =    50.00 MiB ->    26.56 MiB
[ 253/ 720] blk.14.ffn_gate.weight               - [  2560,  10240,      1,      1], type =   bf16, converting to q8_0 .. size =    50.00 MiB ->    26.56 MiB
[ 254/ 720] blk.14.ffn_norm.weight               - [  2560,      1,      1,      1], type =    f32, size =    0.010 MiB
[ 255/ 720] blk.14.ffn_up.weight                 - [  2560,  10240,      1,      1], type =   bf16, converting to q8_0 .. size =    50.00 MiB ->    26.56 MiB
[ 256/ 720] blk.14.inp_gate.weight               - [  2560,    256,      1,      1], type =   bf16, converting to q8_0 .. size =     1.25 MiB ->     0.66 MiB
[ 257/ 720] blk.14.layer_output_scale.weight     - [     1,      1,      1,      1], type =    f32, size =    0.000 MiB
[ 258/ 720] blk.14.post_attention_norm.weight    - [  2560,      1,      1,      1], type =    f32, size =    0.010 MiB
[ 259/ 720] blk.14.post_ffw_norm.weight          - [  2560,      1,      1,      1], type =    f32, size =    0.010 MiB
[ 260/ 720] blk.14.post_norm.weight              - [  2560,      1,      1,      1], type =    f32, size =    0.010 MiB
[ 261/ 720] blk.14.proj.weight                   - [   256,   2560,      1,      1], type =   bf16, converting to q8_0 .. size =     1.25 MiB ->     0.66 MiB
[ 262/ 720] blk.15.attn_k.weight                 - [  2560,    512,      1,      1], type =   bf16, converting to q8_0 .. size =     2.50 MiB ->     1.33 MiB
[ 263/ 720] blk.15.attn_k_norm.weight            - [   256,      1,      1,      1], type =    f32, size =    0.001 MiB
[ 264/ 720] blk.15.attn_norm.weight              - [  2560,      1,      1,      1], type =    f32, size =    0.010 MiB
[ 265/ 720] blk.15.attn_output.weight            - [  2048,   2560,      1,      1], type =   bf16, converting to q8_0 .. size =    10.00 MiB ->     5.31 MiB
[ 266/ 720] blk.15.attn_q.weight                 - [  2560,   2048,      1,      1], type =   bf16, converting to q8_0 .. size =    10.00 MiB ->     5.31 MiB
[ 267/ 720] blk.15.attn_q_norm.weight            - [   256,      1,      1,      1], type =    f32, size =    0.001 MiB
[ 268/ 720] blk.15.attn_v.weight                 - [  2560,    512,      1,      1], type =   bf16, converting to q8_0 .. size =     2.50 MiB ->     1.33 MiB
[ 269/ 720] blk.15.ffn_down.weight               - [ 10240,   2560,      1,      1], type =   bf16, converting to q8_0 .. size =    50.00 MiB ->    26.56 MiB
[ 270/ 720] blk.15.ffn_gate.weight               - [  2560,  10240,      1,      1], type =   bf16, converting to q8_0 .. size =    50.00 MiB ->    26.56 MiB
[ 271/ 720] blk.15.ffn_norm.weight               - [  2560,      1,      1,      1], type =    f32, size =    0.010 MiB
[ 272/ 720] blk.15.ffn_up.weight                 - [  2560,  10240,      1,      1], type =   bf16, converting to q8_0 .. size =    50.00 MiB ->    26.56 MiB
[ 273/ 720] blk.15.inp_gate.weight               - [  2560,    256,      1,      1], type =   bf16, converting to q8_0 .. size =     1.25 MiB ->     0.66 MiB
[ 274/ 720] blk.15.layer_output_scale.weight     - [     1,      1,      1,      1], type =    f32, size =    0.000 MiB
[ 275/ 720] blk.15.post_attention_norm.weight    - [  2560,      1,      1,      1], type =    f32, size =    0.010 MiB
[ 276/ 720] blk.15.post_ffw_norm.weight          - [  2560,      1,      1,      1], type =    f32, size =    0.010 MiB
[ 277/ 720] blk.15.post_norm.weight              - [  2560,      1,      1,      1], type =    f32, size =    0.010 MiB
[ 278/ 720] blk.15.proj.weight                   - [   256,   2560,      1,      1], type =   bf16, converting to q8_0 .. size =     1.25 MiB ->     0.66 MiB
[ 279/ 720] blk.16.attn_k.weight                 - [  2560,    512,      1,      1], type =   bf16, converting to q8_0 .. size =     2.50 MiB ->     1.33 MiB
[ 280/ 720] blk.16.attn_k_norm.weight            - [   256,      1,      1,      1], type =    f32, size =    0.001 MiB
[ 281/ 720] blk.16.attn_norm.weight              - [  2560,      1,      1,      1], type =    f32, size =    0.010 MiB
[ 282/ 720] blk.16.attn_output.weight            - [  2048,   2560,      1,      1], type =   bf16, converting to q8_0 .. size =    10.00 MiB ->     5.31 MiB
[ 283/ 720] blk.16.attn_q.weight                 - [  2560,   2048,      1,      1], type =   bf16, converting to q8_0 .. size =    10.00 MiB ->     5.31 MiB
[ 284/ 720] blk.16.attn_q_norm.weight            - [   256,      1,      1,      1], type =    f32, size =    0.001 MiB
[ 285/ 720] blk.16.attn_v.weight                 - [  2560,    512,      1,      1], type =   bf16, converting to q8_0 .. size =     2.50 MiB ->     1.33 MiB
[ 286/ 720] blk.16.ffn_down.weight               - [ 10240,   2560,      1,      1], type =   bf16, converting to q8_0 .. size =    50.00 MiB ->    26.56 MiB
[ 287/ 720] blk.16.ffn_gate.weight               - [  2560,  10240,      1,      1], type =   bf16, converting to q8_0 .. size =    50.00 MiB ->    26.56 MiB
[ 288/ 720] blk.16.ffn_norm.weight               - [  2560,      1,      1,      1], type =    f32, size =    0.010 MiB
[ 289/ 720] blk.16.ffn_up.weight                 - [  2560,  10240,      1,      1], type =   bf16, converting to q8_0 .. size =    50.00 MiB ->    26.56 MiB
[ 290/ 720] blk.16.inp_gate.weight               - [  2560,    256,      1,      1], type =   bf16, converting to q8_0 .. size =     1.25 MiB ->     0.66 MiB
[ 291/ 720] blk.16.layer_output_scale.weight     - [     1,      1,      1,      1], type =    f32, size =    0.000 MiB
[ 292/ 720] blk.16.post_attention_norm.weight    - [  2560,      1,      1,      1], type =    f32, size =    0.010 MiB
[ 293/ 720] blk.16.post_ffw_norm.weight          - [  2560,      1,      1,      1], type =    f32, size =    0.010 MiB
[ 294/ 720] blk.16.post_norm.weight              - [  2560,      1,      1,      1], type =    f32, size =    0.010 MiB
[ 295/ 720] blk.16.proj.weight                   - [   256,   2560,      1,      1], type =   bf16, converting to q8_0 .. size =     1.25 MiB ->     0.66 MiB
[ 296/ 720] blk.17.attn_k.weight                 - [  2560,   1024,      1,      1], type =   bf16, converting to q8_0 .. size =     5.00 MiB ->     2.66 MiB
[ 297/ 720] blk.17.attn_k_norm.weight            - [   512,      1,      1,      1], type =    f32, size =    0.002 MiB
[ 298/ 720] blk.17.attn_norm.weight              - [  2560,      1,      1,      1], type =    f32, size =    0.010 MiB
[ 299/ 720] blk.17.attn_output.weight            - [  4096,   2560,      1,      1], type =   bf16, converting to q8_0 .. size =    20.00 MiB ->    10.62 MiB
[ 300/ 720] blk.17.attn_q.weight                 - [  2560,   4096,      1,      1], type =   bf16, converting to q8_0 .. size =    20.00 MiB ->    10.62 MiB
[ 301/ 720] blk.17.attn_q_norm.weight            - [   512,      1,      1,      1], type =    f32, size =    0.002 MiB
[ 302/ 720] blk.17.attn_v.weight                 - [  2560,   1024,      1,      1], type =   bf16, converting to q8_0 .. size =     5.00 MiB ->     2.66 MiB
[ 303/ 720] blk.17.ffn_down.weight               - [ 10240,   2560,      1,      1], type =   bf16, converting to q8_0 .. size =    50.00 MiB ->    26.56 MiB
[ 304/ 720] blk.17.ffn_gate.weight               - [  2560,  10240,      1,      1], type =   bf16, converting to q8_0 .. size =    50.00 MiB ->    26.56 MiB
[ 305/ 720] blk.17.ffn_norm.weight               - [  2560,      1,      1,      1], type =    f32, size =    0.010 MiB
[ 306/ 720] blk.17.ffn_up.weight                 - [  2560,  10240,      1,      1], type =   bf16, converting to q8_0 .. size =    50.00 MiB ->    26.56 MiB
[ 307/ 720] blk.17.inp_gate.weight               - [  2560,    256,      1,      1], type =   bf16, converting to q8_0 .. size =     1.25 MiB ->     0.66 MiB
[ 308/ 720] blk.17.layer_output_scale.weight     - [     1,      1,      1,      1], type =    f32, size =    0.000 MiB
[ 309/ 720] blk.17.post_attention_norm.weight    - [  2560,      1,      1,      1], type =    f32, size =    0.010 MiB
[ 310/ 720] blk.17.post_ffw_norm.weight          - [  2560,      1,      1,      1], type =    f32, size =    0.010 MiB
[ 311/ 720] blk.17.post_norm.weight              - [  2560,      1,      1,      1], type =    f32, size =    0.010 MiB
[ 312/ 720] blk.17.proj.weight                   - [   256,   2560,      1,      1], type =   bf16, converting to q8_0 .. size =     1.25 MiB ->     0.66 MiB
[ 313/ 720] blk.18.attn_k.weight                 - [  2560,    512,      1,      1], type =   bf16, converting to q8_0 .. size =     2.50 MiB ->     1.33 MiB
[ 314/ 720] blk.18.attn_k_norm.weight            - [   256,      1,      1,      1], type =    f32, size =    0.001 MiB
[ 315/ 720] blk.18.attn_norm.weight              - [  2560,      1,      1,      1], type =    f32, size =    0.010 MiB
[ 316/ 720] blk.18.attn_output.weight            - [  2048,   2560,      1,      1], type =   bf16, converting to q8_0 .. size =    10.00 MiB ->     5.31 MiB
[ 317/ 720] blk.18.attn_q.weight                 - [  2560,   2048,      1,      1], type =   bf16, converting to q8_0 .. size =    10.00 MiB ->     5.31 MiB
[ 318/ 720] blk.18.attn_q_norm.weight            - [   256,      1,      1,      1], type =    f32, size =    0.001 MiB
[ 319/ 720] blk.18.attn_v.weight                 - [  2560,    512,      1,      1], type =   bf16, converting to q8_0 .. size =     2.50 MiB ->     1.33 MiB
[ 320/ 720] blk.18.ffn_down.weight               - [ 10240,   2560,      1,      1], type =   bf16, converting to q8_0 .. size =    50.00 MiB ->    26.56 MiB
[ 321/ 720] blk.18.ffn_gate.weight               - [  2560,  10240,      1,      1], type =   bf16, converting to q8_0 .. size =    50.00 MiB ->    26.56 MiB
[ 322/ 720] blk.18.ffn_norm.weight               - [  2560,      1,      1,      1], type =    f32, size =    0.010 MiB
[ 323/ 720] blk.18.ffn_up.weight                 - [  2560,  10240,      1,      1], type =   bf16, converting to q8_0 .. size =    50.00 MiB ->    26.56 MiB
[ 324/ 720] blk.18.inp_gate.weight               - [  2560,    256,      1,      1], type =   bf16, converting to q8_0 .. size =     1.25 MiB ->     0.66 MiB
[ 325/ 720] blk.18.layer_output_scale.weight     - [     1,      1,      1,      1], type =    f32, size =    0.000 MiB
[ 326/ 720] blk.18.post_attention_norm.weight    - [  2560,      1,      1,      1], type =    f32, size =    0.010 MiB
[ 327/ 720] blk.18.post_ffw_norm.weight          - [  2560,      1,      1,      1], type =    f32, size =    0.010 MiB
[ 328/ 720] blk.18.post_norm.weight              - [  2560,      1,      1,      1], type =    f32, size =    0.010 MiB
[ 329/ 720] blk.18.proj.weight                   - [   256,   2560,      1,      1], type =   bf16, converting to q8_0 .. size =     1.25 MiB ->     0.66 MiB
[ 330/ 720] blk.19.attn_k.weight                 - [  2560,    512,      1,      1], type =   bf16, converting to q8_0 .. size =     2.50 MiB ->     1.33 MiB
[ 331/ 720] blk.19.attn_k_norm.weight            - [   256,      1,      1,      1], type =    f32, size =    0.001 MiB
[ 332/ 720] blk.19.attn_norm.weight              - [  2560,      1,      1,      1], type =    f32, size =    0.010 MiB
[ 333/ 720] blk.19.attn_output.weight            - [  2048,   2560,      1,      1], type =   bf16, converting to q8_0 .. size =    10.00 MiB ->     5.31 MiB
[ 334/ 720] blk.19.attn_q.weight                 - [  2560,   2048,      1,      1], type =   bf16, converting to q8_0 .. size =    10.00 MiB ->     5.31 MiB
[ 335/ 720] blk.19.attn_q_norm.weight            - [   256,      1,      1,      1], type =    f32, size =    0.001 MiB
[ 336/ 720] blk.19.attn_v.weight                 - [  2560,    512,      1,      1], type =   bf16, converting to q8_0 .. size =     2.50 MiB ->     1.33 MiB
[ 337/ 720] blk.19.ffn_down.weight               - [ 10240,   2560,      1,      1], type =   bf16, converting to q8_0 .. size =    50.00 MiB ->    26.56 MiB
[ 338/ 720] blk.19.ffn_gate.weight               - [  2560,  10240,      1,      1], type =   bf16, converting to q8_0 .. size =    50.00 MiB ->    26.56 MiB
[ 339/ 720] blk.19.ffn_norm.weight               - [  2560,      1,      1,      1], type =    f32, size =    0.010 MiB
[ 340/ 720] blk.19.ffn_up.weight                 - [  2560,  10240,      1,      1], type =   bf16, converting to q8_0 .. size =    50.00 MiB ->    26.56 MiB
[ 341/ 720] blk.19.inp_gate.weight               - [  2560,    256,      1,      1], type =   bf16, converting to q8_0 .. size =     1.25 MiB ->     0.66 MiB
[ 342/ 720] blk.19.layer_output_scale.weight     - [     1,      1,      1,      1], type =    f32, size =    0.000 MiB
[ 343/ 720] blk.19.post_attention_norm.weight    - [  2560,      1,      1,      1], type =    f32, size =    0.010 MiB
[ 344/ 720] blk.19.post_ffw_norm.weight          - [  2560,      1,      1,      1], type =    f32, size =    0.010 MiB
[ 345/ 720] blk.19.post_norm.weight              - [  2560,      1,      1,      1], type =    f32, size =    0.010 MiB
[ 346/ 720] blk.19.proj.weight                   - [   256,   2560,      1,      1], type =   bf16, converting to q8_0 .. size =     1.25 MiB ->     0.66 MiB
[ 347/ 720] blk.20.attn_k.weight                 - [  2560,    512,      1,      1], type =   bf16, converting to q8_0 .. size =     2.50 MiB ->     1.33 MiB
[ 348/ 720] blk.20.attn_k_norm.weight            - [   256,      1,      1,      1], type =    f32, size =    0.001 MiB
[ 349/ 720] blk.20.attn_norm.weight              - [  2560,      1,      1,      1], type =    f32, size =    0.010 MiB
[ 350/ 720] blk.20.attn_output.weight            - [  2048,   2560,      1,      1], type =   bf16, converting to q8_0 .. size =    10.00 MiB ->     5.31 MiB
[ 351/ 720] blk.20.attn_q.weight                 - [  2560,   2048,      1,      1], type =   bf16, converting to q8_0 .. size =    10.00 MiB ->     5.31 MiB
[ 352/ 720] blk.20.attn_q_norm.weight            - [   256,      1,      1,      1], type =    f32, size =    0.001 MiB
[ 353/ 720] blk.20.attn_v.weight                 - [  2560,    512,      1,      1], type =   bf16, converting to q8_0 .. size =     2.50 MiB ->     1.33 MiB
[ 354/ 720] blk.20.ffn_down.weight               - [ 10240,   2560,      1,      1], type =   bf16, converting to q8_0 .. size =    50.00 MiB ->    26.56 MiB
[ 355/ 720] blk.20.ffn_gate.weight               - [  2560,  10240,      1,      1], type =   bf16, converting to q8_0 .. size =    50.00 MiB ->    26.56 MiB
[ 356/ 720] blk.20.ffn_norm.weight               - [  2560,      1,      1,      1], type =    f32, size =    0.010 MiB
[ 357/ 720] blk.20.ffn_up.weight                 - [  2560,  10240,      1,      1], type =   bf16, converting to q8_0 .. size =    50.00 MiB ->    26.56 MiB
[ 358/ 720] blk.20.inp_gate.weight               - [  2560,    256,      1,      1], type =   bf16, converting to q8_0 .. size =     1.25 MiB ->     0.66 MiB
[ 359/ 720] blk.20.layer_output_scale.weight     - [     1,      1,      1,      1], type =    f32, size =    0.000 MiB
[ 360/ 720] blk.20.post_attention_norm.weight    - [  2560,      1,      1,      1], type =    f32, size =    0.010 MiB
[ 361/ 720] blk.20.post_ffw_norm.weight          - [  2560,      1,      1,      1], type =    f32, size =    0.010 MiB
[ 362/ 720] blk.20.post_norm.weight              - [  2560,      1,      1,      1], type =    f32, size =    0.010 MiB
[ 363/ 720] blk.20.proj.weight                   - [   256,   2560,      1,      1], type =   bf16, converting to q8_0 .. size =     1.25 MiB ->     0.66 MiB
[ 364/ 720] blk.21.attn_k.weight                 - [  2560,    512,      1,      1], type =   bf16, converting to q8_0 .. size =     2.50 MiB ->     1.33 MiB
[ 365/ 720] blk.21.attn_k_norm.weight            - [   256,      1,      1,      1], type =    f32, size =    0.001 MiB
[ 366/ 720] blk.21.attn_norm.weight              - [  2560,      1,      1,      1], type =    f32, size =    0.010 MiB
[ 367/ 720] blk.21.attn_output.weight            - [  2048,   2560,      1,      1], type =   bf16, converting to q8_0 .. size =    10.00 MiB ->     5.31 MiB
[ 368/ 720] blk.21.attn_q.weight                 - [  2560,   2048,      1,      1], type =   bf16, converting to q8_0 .. size =    10.00 MiB ->     5.31 MiB
[ 369/ 720] blk.21.attn_q_norm.weight            - [   256,      1,      1,      1], type =    f32, size =    0.001 MiB
[ 370/ 720] blk.21.attn_v.weight                 - [  2560,    512,      1,      1], type =   bf16, converting to q8_0 .. size =     2.50 MiB ->     1.33 MiB
[ 371/ 720] blk.21.ffn_down.weight               - [ 10240,   2560,      1,      1], type =   bf16, converting to q8_0 .. size =    50.00 MiB ->    26.56 MiB
[ 372/ 720] blk.21.ffn_gate.weight               - [  2560,  10240,      1,      1], type =   bf16, converting to q8_0 .. size =    50.00 MiB ->    26.56 MiB
[ 373/ 720] blk.21.ffn_norm.weight               - [  2560,      1,      1,      1], type =    f32, size =    0.010 MiB
[ 374/ 720] blk.21.ffn_up.weight                 - [  2560,  10240,      1,      1], type =   bf16, converting to q8_0 .. size =    50.00 MiB ->    26.56 MiB
[ 375/ 720] blk.21.inp_gate.weight               - [  2560,    256,      1,      1], type =   bf16, converting to q8_0 .. size =     1.25 MiB ->     0.66 MiB
[ 376/ 720] blk.21.layer_output_scale.weight     - [     1,      1,      1,      1], type =    f32, size =    0.000 MiB
[ 377/ 720] blk.21.post_attention_norm.weight    - [  2560,      1,      1,      1], type =    f32, size =    0.010 MiB
[ 378/ 720] blk.21.post_ffw_norm.weight          - [  2560,      1,      1,      1], type =    f32, size =    0.010 MiB
[ 379/ 720] blk.21.post_norm.weight              - [  2560,      1,      1,      1], type =    f32, size =    0.010 MiB
[ 380/ 720] blk.21.proj.weight                   - [   256,   2560,      1,      1], type =   bf16, converting to q8_0 .. size =     1.25 MiB ->     0.66 MiB
[ 381/ 720] blk.22.attn_k.weight                 - [  2560,    512,      1,      1], type =   bf16, converting to q8_0 .. size =     2.50 MiB ->     1.33 MiB
[ 382/ 720] blk.22.attn_k_norm.weight            - [   256,      1,      1,      1], type =    f32, size =    0.001 MiB
[ 383/ 720] blk.22.attn_norm.weight              - [  2560,      1,      1,      1], type =    f32, size =    0.010 MiB
[ 384/ 720] blk.22.attn_output.weight            - [  2048,   2560,      1,      1], type =   bf16, converting to q8_0 .. size =    10.00 MiB ->     5.31 MiB
[ 385/ 720] blk.22.attn_q.weight                 - [  2560,   2048,      1,      1], type =   bf16, converting to q8_0 .. size =    10.00 MiB ->     5.31 MiB
[ 386/ 720] blk.22.attn_q_norm.weight            - [   256,      1,      1,      1], type =    f32, size =    0.001 MiB
[ 387/ 720] blk.22.attn_v.weight                 - [  2560,    512,      1,      1], type =   bf16, converting to q8_0 .. size =     2.50 MiB ->     1.33 MiB
[ 388/ 720] blk.22.ffn_down.weight               - [ 10240,   2560,      1,      1], type =   bf16, converting to q8_0 .. size =    50.00 MiB ->    26.56 MiB
[ 389/ 720] blk.22.ffn_gate.weight               - [  2560,  10240,      1,      1], type =   bf16, converting to q8_0 .. size =    50.00 MiB ->    26.56 MiB
[ 390/ 720] blk.22.ffn_norm.weight               - [  2560,      1,      1,      1], type =    f32, size =    0.010 MiB
[ 391/ 720] blk.22.ffn_up.weight                 - [  2560,  10240,      1,      1], type =   bf16, converting to q8_0 .. size =    50.00 MiB ->    26.56 MiB
[ 392/ 720] blk.22.inp_gate.weight               - [  2560,    256,      1,      1], type =   bf16, converting to q8_0 .. size =     1.25 MiB ->     0.66 MiB
[ 393/ 720] blk.22.layer_output_scale.weight     - [     1,      1,      1,      1], type =    f32, size =    0.000 MiB
[ 394/ 720] blk.22.post_attention_norm.weight    - [  2560,      1,      1,      1], type =    f32, size =    0.010 MiB
[ 395/ 720] blk.22.post_ffw_norm.weight          - [  2560,      1,      1,      1], type =    f32, size =    0.010 MiB
[ 396/ 720] blk.22.post_norm.weight              - [  2560,      1,      1,      1], type =    f32, size =    0.010 MiB
[ 397/ 720] blk.22.proj.weight                   - [   256,   2560,      1,      1], type =   bf16, converting to q8_0 .. size =     1.25 MiB ->     0.66 MiB
[ 398/ 720] blk.23.attn_k.weight                 - [  2560,   1024,      1,      1], type =   bf16, converting to q8_0 .. size =     5.00 MiB ->     2.66 MiB
[ 399/ 720] blk.23.attn_k_norm.weight            - [   512,      1,      1,      1], type =    f32, size =    0.002 MiB
[ 400/ 720] blk.23.attn_norm.weight              - [  2560,      1,      1,      1], type =    f32, size =    0.010 MiB
[ 401/ 720] blk.23.attn_output.weight            - [  4096,   2560,      1,      1], type =   bf16, converting to q8_0 .. size =    20.00 MiB ->    10.62 MiB
[ 402/ 720] blk.23.attn_q.weight                 - [  2560,   4096,      1,      1], type =   bf16, converting to q8_0 .. size =    20.00 MiB ->    10.62 MiB
[ 403/ 720] blk.23.attn_q_norm.weight            - [   512,      1,      1,      1], type =    f32, size =    0.002 MiB
[ 404/ 720] blk.23.attn_v.weight                 - [  2560,   1024,      1,      1], type =   bf16, converting to q8_0 .. size =     5.00 MiB ->     2.66 MiB
[ 405/ 720] blk.23.ffn_down.weight               - [ 10240,   2560,      1,      1], type =   bf16, converting to q8_0 .. size =    50.00 MiB ->    26.56 MiB
[ 406/ 720] blk.23.ffn_gate.weight               - [  2560,  10240,      1,      1], type =   bf16, converting to q8_0 .. size =    50.00 MiB ->    26.56 MiB
[ 407/ 720] blk.23.ffn_norm.weight               - [  2560,      1,      1,      1], type =    f32, size =    0.010 MiB
[ 408/ 720] blk.23.ffn_up.weight                 - [  2560,  10240,      1,      1], type =   bf16, converting to q8_0 .. size =    50.00 MiB ->    26.56 MiB
[ 409/ 720] blk.23.inp_gate.weight               - [  2560,    256,      1,      1], type =   bf16, converting to q8_0 .. size =     1.25 MiB ->     0.66 MiB
[ 410/ 720] blk.23.layer_output_scale.weight     - [     1,      1,      1,      1], type =    f32, size =    0.000 MiB
[ 411/ 720] blk.23.post_attention_norm.weight    - [  2560,      1,      1,      1], type =    f32, size =    0.010 MiB
[ 412/ 720] blk.23.post_ffw_norm.weight          - [  2560,      1,      1,      1], type =    f32, size =    0.010 MiB
[ 413/ 720] blk.23.post_norm.weight              - [  2560,      1,      1,      1], type =    f32, size =    0.010 MiB
[ 414/ 720] blk.23.proj.weight                   - [   256,   2560,      1,      1], type =   bf16, converting to q8_0 .. size =     1.25 MiB ->     0.66 MiB
[ 415/ 720] blk.24.attn_k.weight                 - [  2560,    512,      1,      1], type =   bf16, converting to q8_0 .. size =     2.50 MiB ->     1.33 MiB
[ 416/ 720] blk.24.attn_k_norm.weight            - [   256,      1,      1,      1], type =    f32, size =    0.001 MiB
[ 417/ 720] blk.24.attn_norm.weight              - [  2560,      1,      1,      1], type =    f32, size =    0.010 MiB
[ 418/ 720] blk.24.attn_output.weight            - [  2048,   2560,      1,      1], type =   bf16, converting to q8_0 .. size =    10.00 MiB ->     5.31 MiB
[ 419/ 720] blk.24.attn_q.weight                 - [  2560,   2048,      1,      1], type =   bf16, converting to q8_0 .. size =    10.00 MiB ->     5.31 MiB
[ 420/ 720] blk.24.attn_q_norm.weight            - [   256,      1,      1,      1], type =    f32, size =    0.001 MiB
[ 421/ 720] blk.24.attn_v.weight                 - [  2560,    512,      1,      1], type =   bf16, converting to q8_0 .. size =     2.50 MiB ->     1.33 MiB
[ 422/ 720] blk.24.ffn_down.weight               - [ 10240,   2560,      1,      1], type =   bf16, converting to q8_0 .. size =    50.00 MiB ->    26.56 MiB
[ 423/ 720] blk.24.ffn_gate.weight               - [  2560,  10240,      1,      1], type =   bf16, converting to q8_0 .. size =    50.00 MiB ->    26.56 MiB
[ 424/ 720] blk.24.ffn_norm.weight               - [  2560,      1,      1,      1], type =    f32, size =    0.010 MiB
[ 425/ 720] blk.24.ffn_up.weight                 - [  2560,  10240,      1,      1], type =   bf16, converting to q8_0 .. size =    50.00 MiB ->    26.56 MiB
[ 426/ 720] blk.24.inp_gate.weight               - [  2560,    256,      1,      1], type =   bf16, converting to q8_0 .. size =     1.25 MiB ->     0.66 MiB
[ 427/ 720] blk.24.layer_output_scale.weight     - [     1,      1,      1,      1], type =    f32, size =    0.000 MiB
[ 428/ 720] blk.24.post_attention_norm.weight    - [  2560,      1,      1,      1], type =    f32, size =    0.010 MiB
[ 429/ 720] blk.24.post_ffw_norm.weight          - [  2560,      1,      1,      1], type =    f32, size =    0.010 MiB
[ 430/ 720] blk.24.post_norm.weight              - [  2560,      1,      1,      1], type =    f32, size =    0.010 MiB
[ 431/ 720] blk.24.proj.weight                   - [   256,   2560,      1,      1], type =   bf16, converting to q8_0 .. size =     1.25 MiB ->     0.66 MiB
[ 432/ 720] blk.25.attn_k.weight                 - [  2560,    512,      1,      1], type =   bf16, converting to q8_0 .. size =     2.50 MiB ->     1.33 MiB
[ 433/ 720] blk.25.attn_k_norm.weight            - [   256,      1,      1,      1], type =    f32, size =    0.001 MiB
[ 434/ 720] blk.25.attn_norm.weight              - [  2560,      1,      1,      1], type =    f32, size =    0.010 MiB
[ 435/ 720] blk.25.attn_output.weight            - [  2048,   2560,      1,      1], type =   bf16, converting to q8_0 .. size =    10.00 MiB ->     5.31 MiB
[ 436/ 720] blk.25.attn_q.weight                 - [  2560,   2048,      1,      1], type =   bf16, converting to q8_0 .. size =    10.00 MiB ->     5.31 MiB
[ 437/ 720] blk.25.attn_q_norm.weight            - [   256,      1,      1,      1], type =    f32, size =    0.001 MiB
[ 438/ 720] blk.25.attn_v.weight                 - [  2560,    512,      1,      1], type =   bf16, converting to q8_0 .. size =     2.50 MiB ->     1.33 MiB
[ 439/ 720] blk.25.ffn_down.weight               - [ 10240,   2560,      1,      1], type =   bf16, converting to q8_0 .. size =    50.00 MiB ->    26.56 MiB
[ 440/ 720] blk.25.ffn_gate.weight               - [  2560,  10240,      1,      1], type =   bf16, converting to q8_0 .. size =    50.00 MiB ->    26.56 MiB
[ 441/ 720] blk.25.ffn_norm.weight               - [  2560,      1,      1,      1], type =    f32, size =    0.010 MiB
[ 442/ 720] blk.25.ffn_up.weight                 - [  2560,  10240,      1,      1], type =   bf16, converting to q8_0 .. size =    50.00 MiB ->    26.56 MiB
[ 443/ 720] blk.25.inp_gate.weight               - [  2560,    256,      1,      1], type =   bf16, converting to q8_0 .. size =     1.25 MiB ->     0.66 MiB
[ 444/ 720] blk.25.layer_output_scale.weight     - [     1,      1,      1,      1], type =    f32, size =    0.000 MiB
[ 445/ 720] blk.25.post_attention_norm.weight    - [  2560,      1,      1,      1], type =    f32, size =    0.010 MiB
[ 446/ 720] blk.25.post_ffw_norm.weight          - [  2560,      1,      1,      1], type =    f32, size =    0.010 MiB
[ 447/ 720] blk.25.post_norm.weight              - [  2560,      1,      1,      1], type =    f32, size =    0.010 MiB
[ 448/ 720] blk.25.proj.weight                   - [   256,   2560,      1,      1], type =   bf16, converting to q8_0 .. size =     1.25 MiB ->     0.66 MiB
[ 449/ 720] blk.26.attn_k.weight                 - [  2560,    512,      1,      1], type =   bf16, converting to q8_0 .. size =     2.50 MiB ->     1.33 MiB
[ 450/ 720] blk.26.attn_k_norm.weight            - [   256,      1,      1,      1], type =    f32, size =    0.001 MiB
[ 451/ 720] blk.26.attn_norm.weight              - [  2560,      1,      1,      1], type =    f32, size =    0.010 MiB
[ 452/ 720] blk.26.attn_output.weight            - [  2048,   2560,      1,      1], type =   bf16, converting to q8_0 .. size =    10.00 MiB ->     5.31 MiB
[ 453/ 720] blk.26.attn_q.weight                 - [  2560,   2048,      1,      1], type =   bf16, converting to q8_0 .. size =    10.00 MiB ->     5.31 MiB
[ 454/ 720] blk.26.attn_q_norm.weight            - [   256,      1,      1,      1], type =    f32, size =    0.001 MiB
[ 455/ 720] blk.26.attn_v.weight                 - [  2560,    512,      1,      1], type =   bf16, converting to q8_0 .. size =     2.50 MiB ->     1.33 MiB
[ 456/ 720] blk.26.ffn_down.weight               - [ 10240,   2560,      1,      1], type =   bf16, converting to q8_0 .. size =    50.00 MiB ->    26.56 MiB
[ 457/ 720] blk.26.ffn_gate.weight               - [  2560,  10240,      1,      1], type =   bf16, converting to q8_0 .. size =    50.00 MiB ->    26.56 MiB
[ 458/ 720] blk.26.ffn_norm.weight               - [  2560,      1,      1,      1], type =    f32, size =    0.010 MiB
[ 459/ 720] blk.26.ffn_up.weight                 - [  2560,  10240,      1,      1], type =   bf16, converting to q8_0 .. size =    50.00 MiB ->    26.56 MiB
[ 460/ 720] blk.26.inp_gate.weight               - [  2560,    256,      1,      1], type =   bf16, converting to q8_0 .. size =     1.25 MiB ->     0.66 MiB
[ 461/ 720] blk.26.layer_output_scale.weight     - [     1,      1,      1,      1], type =    f32, size =    0.000 MiB
[ 462/ 720] blk.26.post_attention_norm.weight    - [  2560,      1,      1,      1], type =    f32, size =    0.010 MiB
[ 463/ 720] blk.26.post_ffw_norm.weight          - [  2560,      1,      1,      1], type =    f32, size =    0.010 MiB
[ 464/ 720] blk.26.post_norm.weight              - [  2560,      1,      1,      1], type =    f32, size =    0.010 MiB
[ 465/ 720] blk.26.proj.weight                   - [   256,   2560,      1,      1], type =   bf16, converting to q8_0 .. size =     1.25 MiB ->     0.66 MiB
[ 466/ 720] blk.27.attn_k.weight                 - [  2560,    512,      1,      1], type =   bf16, converting to q8_0 .. size =     2.50 MiB ->     1.33 MiB
[ 467/ 720] blk.27.attn_k_norm.weight            - [   256,      1,      1,      1], type =    f32, size =    0.001 MiB
[ 468/ 720] blk.27.attn_norm.weight              - [  2560,      1,      1,      1], type =    f32, size =    0.010 MiB
[ 469/ 720] blk.27.attn_output.weight            - [  2048,   2560,      1,      1], type =   bf16, converting to q8_0 .. size =    10.00 MiB ->     5.31 MiB
[ 470/ 720] blk.27.attn_q.weight                 - [  2560,   2048,      1,      1], type =   bf16, converting to q8_0 .. size =    10.00 MiB ->     5.31 MiB
[ 471/ 720] blk.27.attn_q_norm.weight            - [   256,      1,      1,      1], type =    f32, size =    0.001 MiB
[ 472/ 720] blk.27.attn_v.weight                 - [  2560,    512,      1,      1], type =   bf16, converting to q8_0 .. size =     2.50 MiB ->     1.33 MiB
[ 473/ 720] blk.27.ffn_down.weight               - [ 10240,   2560,      1,      1], type =   bf16, converting to q8_0 .. size =    50.00 MiB ->    26.56 MiB
[ 474/ 720] blk.27.ffn_gate.weight               - [  2560,  10240,      1,      1], type =   bf16, converting to q8_0 .. size =    50.00 MiB ->    26.56 MiB
[ 475/ 720] blk.27.ffn_norm.weight               - [  2560,      1,      1,      1], type =    f32, size =    0.010 MiB
[ 476/ 720] blk.27.ffn_up.weight                 - [  2560,  10240,      1,      1], type =   bf16, converting to q8_0 .. size =    50.00 MiB ->    26.56 MiB
[ 477/ 720] blk.27.inp_gate.weight               - [  2560,    256,      1,      1], type =   bf16, converting to q8_0 .. size =     1.25 MiB ->     0.66 MiB
[ 478/ 720] blk.27.layer_output_scale.weight     - [     1,      1,      1,      1], type =    f32, size =    0.000 MiB
[ 479/ 720] blk.27.post_attention_norm.weight    - [  2560,      1,      1,      1], type =    f32, size =    0.010 MiB
[ 480/ 720] blk.27.post_ffw_norm.weight          - [  2560,      1,      1,      1], type =    f32, size =    0.010 MiB
[ 481/ 720] blk.27.post_norm.weight              - [  2560,      1,      1,      1], type =    f32, size =    0.010 MiB
[ 482/ 720] blk.27.proj.weight                   - [   256,   2560,      1,      1], type =   bf16, converting to q8_0 .. size =     1.25 MiB ->     0.66 MiB
[ 483/ 720] blk.28.attn_k.weight                 - [  2560,    512,      1,      1], type =   bf16, converting to q8_0 .. size =     2.50 MiB ->     1.33 MiB
[ 484/ 720] blk.28.attn_k_norm.weight            - [   256,      1,      1,      1], type =    f32, size =    0.001 MiB
[ 485/ 720] blk.28.attn_norm.weight              - [  2560,      1,      1,      1], type =    f32, size =    0.010 MiB
[ 486/ 720] blk.28.attn_output.weight            - [  2048,   2560,      1,      1], type =   bf16, converting to q8_0 .. size =    10.00 MiB ->     5.31 MiB
[ 487/ 720] blk.28.attn_q.weight                 - [  2560,   2048,      1,      1], type =   bf16, converting to q8_0 .. size =    10.00 MiB ->     5.31 MiB
[ 488/ 720] blk.28.attn_q_norm.weight            - [   256,      1,      1,      1], type =    f32, size =    0.001 MiB
[ 489/ 720] blk.28.attn_v.weight                 - [  2560,    512,      1,      1], type =   bf16, converting to q8_0 .. size =     2.50 MiB ->     1.33 MiB
[ 490/ 720] blk.28.ffn_down.weight               - [ 10240,   2560,      1,      1], type =   bf16, converting to q8_0 .. size =    50.00 MiB ->    26.56 MiB
[ 491/ 720] blk.28.ffn_gate.weight               - [  2560,  10240,      1,      1], type =   bf16, converting to q8_0 .. size =    50.00 MiB ->    26.56 MiB
[ 492/ 720] blk.28.ffn_norm.weight               - [  2560,      1,      1,      1], type =    f32, size =    0.010 MiB
[ 493/ 720] blk.28.ffn_up.weight                 - [  2560,  10240,      1,      1], type =   bf16, converting to q8_0 .. size =    50.00 MiB ->    26.56 MiB
[ 494/ 720] blk.28.inp_gate.weight               - [  2560,    256,      1,      1], type =   bf16, converting to q8_0 .. size =     1.25 MiB ->     0.66 MiB
[ 495/ 720] blk.28.layer_output_scale.weight     - [     1,      1,      1,      1], type =    f32, size =    0.000 MiB
[ 496/ 720] blk.28.post_attention_norm.weight    - [  2560,      1,      1,      1], type =    f32, size =    0.010 MiB
[ 497/ 720] blk.28.post_ffw_norm.weight          - [  2560,      1,      1,      1], type =    f32, size =    0.010 MiB
[ 498/ 720] blk.28.post_norm.weight              - [  2560,      1,      1,      1], type =    f32, size =    0.010 MiB
[ 499/ 720] blk.28.proj.weight                   - [   256,   2560,      1,      1], type =   bf16, converting to q8_0 .. size =     1.25 MiB ->     0.66 MiB
[ 500/ 720] blk.29.attn_k.weight                 - [  2560,   1024,      1,      1], type =   bf16, converting to q8_0 .. size =     5.00 MiB ->     2.66 MiB
[ 501/ 720] blk.29.attn_k_norm.weight            - [   512,      1,      1,      1], type =    f32, size =    0.002 MiB
[ 502/ 720] blk.29.attn_norm.weight              - [  2560,      1,      1,      1], type =    f32, size =    0.010 MiB
[ 503/ 720] blk.29.attn_output.weight            - [  4096,   2560,      1,      1], type =   bf16, converting to q8_0 .. size =    20.00 MiB ->    10.62 MiB
[ 504/ 720] blk.29.attn_q.weight                 - [  2560,   4096,      1,      1], type =   bf16, converting to q8_0 .. size =    20.00 MiB ->    10.62 MiB
[ 505/ 720] blk.29.attn_q_norm.weight            - [   512,      1,      1,      1], type =    f32, size =    0.002 MiB
[ 506/ 720] blk.29.attn_v.weight                 - [  2560,   1024,      1,      1], type =   bf16, converting to q8_0 .. size =     5.00 MiB ->     2.66 MiB
[ 507/ 720] blk.29.ffn_down.weight               - [ 10240,   2560,      1,      1], type =   bf16, converting to q8_0 .. size =    50.00 MiB ->    26.56 MiB
[ 508/ 720] blk.29.ffn_gate.weight               - [  2560,  10240,      1,      1], type =   bf16, converting to q8_0 .. size =    50.00 MiB ->    26.56 MiB
[ 509/ 720] blk.29.ffn_norm.weight               - [  2560,      1,      1,      1], type =    f32, size =    0.010 MiB
[ 510/ 720] blk.29.ffn_up.weight                 - [  2560,  10240,      1,      1], type =   bf16, converting to q8_0 .. size =    50.00 MiB ->    26.56 MiB
[ 511/ 720] blk.29.inp_gate.weight               - [  2560,    256,      1,      1], type =   bf16, converting to q8_0 .. size =     1.25 MiB ->     0.66 MiB
[ 512/ 720] blk.29.layer_output_scale.weight     - [     1,      1,      1,      1], type =    f32, size =    0.000 MiB
[ 513/ 720] blk.29.post_attention_norm.weight    - [  2560,      1,      1,      1], type =    f32, size =    0.010 MiB
[ 514/ 720] blk.29.post_ffw_norm.weight          - [  2560,      1,      1,      1], type =    f32, size =    0.010 MiB
[ 515/ 720] blk.29.post_norm.weight              - [  2560,      1,      1,      1], type =    f32, size =    0.010 MiB
[ 516/ 720] blk.29.proj.weight                   - [   256,   2560,      1,      1], type =   bf16, converting to q8_0 .. size =     1.25 MiB ->     0.66 MiB
[ 517/ 720] blk.30.attn_k.weight                 - [  2560,    512,      1,      1], type =   bf16, converting to q8_0 .. size =     2.50 MiB ->     1.33 MiB
[ 518/ 720] blk.30.attn_k_norm.weight            - [   256,      1,      1,      1], type =    f32, size =    0.001 MiB
[ 519/ 720] blk.30.attn_norm.weight              - [  2560,      1,      1,      1], type =    f32, size =    0.010 MiB
[ 520/ 720] blk.30.attn_output.weight            - [  2048,   2560,      1,      1], type =   bf16, converting to q8_0 .. size =    10.00 MiB ->     5.31 MiB
[ 521/ 720] blk.30.attn_q.weight                 - [  2560,   2048,      1,      1], type =   bf16, converting to q8_0 .. size =    10.00 MiB ->     5.31 MiB
[ 522/ 720] blk.30.attn_q_norm.weight            - [   256,      1,      1,      1], type =    f32, size =    0.001 MiB
[ 523/ 720] blk.30.attn_v.weight                 - [  2560,    512,      1,      1], type =   bf16, converting to q8_0 .. size =     2.50 MiB ->     1.33 MiB
[ 524/ 720] blk.30.ffn_down.weight               - [ 10240,   2560,      1,      1], type =   bf16, converting to q8_0 .. size =    50.00 MiB ->    26.56 MiB
[ 525/ 720] blk.30.ffn_gate.weight               - [  2560,  10240,      1,      1], type =   bf16, converting to q8_0 .. size =    50.00 MiB ->    26.56 MiB
[ 526/ 720] blk.30.ffn_norm.weight               - [  2560,      1,      1,      1], type =    f32, size =    0.010 MiB
[ 527/ 720] blk.30.ffn_up.weight                 - [  2560,  10240,      1,      1], type =   bf16, converting to q8_0 .. size =    50.00 MiB ->    26.56 MiB
[ 528/ 720] blk.30.inp_gate.weight               - [  2560,    256,      1,      1], type =   bf16, converting to q8_0 .. size =     1.25 MiB ->     0.66 MiB
[ 529/ 720] blk.30.layer_output_scale.weight     - [     1,      1,      1,      1], type =    f32, size =    0.000 MiB
[ 530/ 720] blk.30.post_attention_norm.weight    - [  2560,      1,      1,      1], type =    f32, size =    0.010 MiB
[ 531/ 720] blk.30.post_ffw_norm.weight          - [  2560,      1,      1,      1], type =    f32, size =    0.010 MiB
[ 532/ 720] blk.30.post_norm.weight              - [  2560,      1,      1,      1], type =    f32, size =    0.010 MiB
[ 533/ 720] blk.30.proj.weight                   - [   256,   2560,      1,      1], type =   bf16, converting to q8_0 .. size =     1.25 MiB ->     0.66 MiB
[ 534/ 720] blk.31.attn_k.weight                 - [  2560,    512,      1,      1], type =   bf16, converting to q8_0 .. size =     2.50 MiB ->     1.33 MiB
[ 535/ 720] blk.31.attn_k_norm.weight            - [   256,      1,      1,      1], type =    f32, size =    0.001 MiB
[ 536/ 720] blk.31.attn_norm.weight              - [  2560,      1,      1,      1], type =    f32, size =    0.010 MiB
[ 537/ 720] blk.31.attn_output.weight            - [  2048,   2560,      1,      1], type =   bf16, converting to q8_0 .. size =    10.00 MiB ->     5.31 MiB
[ 538/ 720] blk.31.attn_q.weight                 - [  2560,   2048,      1,      1], type =   bf16, converting to q8_0 .. size =    10.00 MiB ->     5.31 MiB
[ 539/ 720] blk.31.attn_q_norm.weight            - [   256,      1,      1,      1], type =    f32, size =    0.001 MiB
[ 540/ 720] blk.31.attn_v.weight                 - [  2560,    512,      1,      1], type =   bf16, converting to q8_0 .. size =     2.50 MiB ->     1.33 MiB
[ 541/ 720] blk.31.ffn_down.weight               - [ 10240,   2560,      1,      1], type =   bf16, converting to q8_0 .. size =    50.00 MiB ->    26.56 MiB
[ 542/ 720] blk.31.ffn_gate.weight               - [  2560,  10240,      1,      1], type =   bf16, converting to q8_0 .. size =    50.00 MiB ->    26.56 MiB
[ 543/ 720] blk.31.ffn_norm.weight               - [  2560,      1,      1,      1], type =    f32, size =    0.010 MiB
[ 544/ 720] blk.31.ffn_up.weight                 - [  2560,  10240,      1,      1], type =   bf16, converting to q8_0 .. size =    50.00 MiB ->    26.56 MiB
[ 545/ 720] blk.31.inp_gate.weight               - [  2560,    256,      1,      1], type =   bf16, converting to q8_0 .. size =     1.25 MiB ->     0.66 MiB
[ 546/ 720] blk.31.layer_output_scale.weight     - [     1,      1,      1,      1], type =    f32, size =    0.000 MiB
[ 547/ 720] blk.31.post_attention_norm.weight    - [  2560,      1,      1,      1], type =    f32, size =    0.010 MiB
[ 548/ 720] blk.31.post_ffw_norm.weight          - [  2560,      1,      1,      1], type =    f32, size =    0.010 MiB
[ 549/ 720] blk.31.post_norm.weight              - [  2560,      1,      1,      1], type =    f32, size =    0.010 MiB
[ 550/ 720] blk.31.proj.weight                   - [   256,   2560,      1,      1], type =   bf16, converting to q8_0 .. size =     1.25 MiB ->     0.66 MiB
[ 551/ 720] blk.32.attn_k.weight                 - [  2560,    512,      1,      1], type =   bf16, converting to q8_0 .. size =     2.50 MiB ->     1.33 MiB
[ 552/ 720] blk.32.attn_k_norm.weight            - [   256,      1,      1,      1], type =    f32, size =    0.001 MiB
[ 553/ 720] blk.32.attn_norm.weight              - [  2560,      1,      1,      1], type =    f32, size =    0.010 MiB
[ 554/ 720] blk.32.attn_output.weight            - [  2048,   2560,      1,      1], type =   bf16, converting to q8_0 .. size =    10.00 MiB ->     5.31 MiB
[ 555/ 720] blk.32.attn_q.weight                 - [  2560,   2048,      1,      1], type =   bf16, converting to q8_0 .. size =    10.00 MiB ->     5.31 MiB
[ 556/ 720] blk.32.attn_q_norm.weight            - [   256,      1,      1,      1], type =    f32, size =    0.001 MiB
[ 557/ 720] blk.32.attn_v.weight                 - [  2560,    512,      1,      1], type =   bf16, converting to q8_0 .. size =     2.50 MiB ->     1.33 MiB
[ 558/ 720] blk.32.ffn_down.weight               - [ 10240,   2560,      1,      1], type =   bf16, converting to q8_0 .. size =    50.00 MiB ->    26.56 MiB
[ 559/ 720] blk.32.ffn_gate.weight               - [  2560,  10240,      1,      1], type =   bf16, converting to q8_0 .. size =    50.00 MiB ->    26.56 MiB
[ 560/ 720] blk.32.ffn_norm.weight               - [  2560,      1,      1,      1], type =    f32, size =    0.010 MiB
[ 561/ 720] blk.32.ffn_up.weight                 - [  2560,  10240,      1,      1], type =   bf16, converting to q8_0 .. size =    50.00 MiB ->    26.56 MiB
[ 562/ 720] blk.32.inp_gate.weight               - [  2560,    256,      1,      1], type =   bf16, converting to q8_0 .. size =     1.25 MiB ->     0.66 MiB
[ 563/ 720] blk.32.layer_output_scale.weight     - [     1,      1,      1,      1], type =    f32, size =    0.000 MiB
[ 564/ 720] blk.32.post_attention_norm.weight    - [  2560,      1,      1,      1], type =    f32, size =    0.010 MiB
[ 565/ 720] blk.32.post_ffw_norm.weight          - [  2560,      1,      1,      1], type =    f32, size =    0.010 MiB
[ 566/ 720] blk.32.post_norm.weight              - [  2560,      1,      1,      1], type =    f32, size =    0.010 MiB
[ 567/ 720] blk.32.proj.weight                   - [   256,   2560,      1,      1], type =   bf16, converting to q8_0 .. size =     1.25 MiB ->     0.66 MiB
[ 568/ 720] blk.33.attn_k.weight                 - [  2560,    512,      1,      1], type =   bf16, converting to q8_0 .. size =     2.50 MiB ->     1.33 MiB
[ 569/ 720] blk.33.attn_k_norm.weight            - [   256,      1,      1,      1], type =    f32, size =    0.001 MiB
[ 570/ 720] blk.33.attn_norm.weight              - [  2560,      1,      1,      1], type =    f32, size =    0.010 MiB
[ 571/ 720] blk.33.attn_output.weight            - [  2048,   2560,      1,      1], type =   bf16, converting to q8_0 .. size =    10.00 MiB ->     5.31 MiB
[ 572/ 720] blk.33.attn_q.weight                 - [  2560,   2048,      1,      1], type =   bf16, converting to q8_0 .. size =    10.00 MiB ->     5.31 MiB
[ 573/ 720] blk.33.attn_q_norm.weight            - [   256,      1,      1,      1], type =    f32, size =    0.001 MiB
[ 574/ 720] blk.33.attn_v.weight                 - [  2560,    512,      1,      1], type =   bf16, converting to q8_0 .. size =     2.50 MiB ->     1.33 MiB
[ 575/ 720] blk.33.ffn_down.weight               - [ 10240,   2560,      1,      1], type =   bf16, converting to q8_0 .. size =    50.00 MiB ->    26.56 MiB
[ 576/ 720] blk.33.ffn_gate.weight               - [  2560,  10240,      1,      1], type =   bf16, converting to q8_0 .. size =    50.00 MiB ->    26.56 MiB
[ 577/ 720] blk.33.ffn_norm.weight               - [  2560,      1,      1,      1], type =    f32, size =    0.010 MiB
[ 578/ 720] blk.33.ffn_up.weight                 - [  2560,  10240,      1,      1], type =   bf16, converting to q8_0 .. size =    50.00 MiB ->    26.56 MiB
[ 579/ 720] blk.33.inp_gate.weight               - [  2560,    256,      1,      1], type =   bf16, converting to q8_0 .. size =     1.25 MiB ->     0.66 MiB
[ 580/ 720] blk.33.layer_output_scale.weight     - [     1,      1,      1,      1], type =    f32, size =    0.000 MiB
[ 581/ 720] blk.33.post_attention_norm.weight    - [  2560,      1,      1,      1], type =    f32, size =    0.010 MiB
[ 582/ 720] blk.33.post_ffw_norm.weight          - [  2560,      1,      1,      1], type =    f32, size =    0.010 MiB
[ 583/ 720] blk.33.post_norm.weight              - [  2560,      1,      1,      1], type =    f32, size =    0.010 MiB
[ 584/ 720] blk.33.proj.weight                   - [   256,   2560,      1,      1], type =   bf16, converting to q8_0 .. size =     1.25 MiB ->     0.66 MiB
[ 585/ 720] blk.34.attn_k.weight                 - [  2560,    512,      1,      1], type =   bf16, converting to q8_0 .. size =     2.50 MiB ->     1.33 MiB
[ 586/ 720] blk.34.attn_k_norm.weight            - [   256,      1,      1,      1], type =    f32, size =    0.001 MiB
[ 587/ 720] blk.34.attn_norm.weight              - [  2560,      1,      1,      1], type =    f32, size =    0.010 MiB
[ 588/ 720] blk.34.attn_output.weight            - [  2048,   2560,      1,      1], type =   bf16, converting to q8_0 .. size =    10.00 MiB ->     5.31 MiB
[ 589/ 720] blk.34.attn_q.weight                 - [  2560,   2048,      1,      1], type =   bf16, converting to q8_0 .. size =    10.00 MiB ->     5.31 MiB
[ 590/ 720] blk.34.attn_q_norm.weight            - [   256,      1,      1,      1], type =    f32, size =    0.001 MiB
[ 591/ 720] blk.34.attn_v.weight                 - [  2560,    512,      1,      1], type =   bf16, converting to q8_0 .. size =     2.50 MiB ->     1.33 MiB
[ 592/ 720] blk.34.ffn_down.weight               - [ 10240,   2560,      1,      1], type =   bf16, converting to q8_0 .. size =    50.00 MiB ->    26.56 MiB
[ 593/ 720] blk.34.ffn_gate.weight               - [  2560,  10240,      1,      1], type =   bf16, converting to q8_0 .. size =    50.00 MiB ->    26.56 MiB
[ 594/ 720] blk.34.ffn_norm.weight               - [  2560,      1,      1,      1], type =    f32, size =    0.010 MiB
[ 595/ 720] blk.34.ffn_up.weight                 - [  2560,  10240,      1,      1], type =   bf16, converting to q8_0 .. size =    50.00 MiB ->    26.56 MiB
[ 596/ 720] blk.34.inp_gate.weight               - [  2560,    256,      1,      1], type =   bf16, converting to q8_0 .. size =     1.25 MiB ->     0.66 MiB
[ 597/ 720] blk.34.layer_output_scale.weight     - [     1,      1,      1,      1], type =    f32, size =    0.000 MiB
[ 598/ 720] blk.34.post_attention_norm.weight    - [  2560,      1,      1,      1], type =    f32, size =    0.010 MiB
[ 599/ 720] blk.34.post_ffw_norm.weight          - [  2560,      1,      1,      1], type =    f32, size =    0.010 MiB
[ 600/ 720] blk.34.post_norm.weight              - [  2560,      1,      1,      1], type =    f32, size =    0.010 MiB
[ 601/ 720] blk.34.proj.weight                   - [   256,   2560,      1,      1], type =   bf16, converting to q8_0 .. size =     1.25 MiB ->     0.66 MiB
[ 602/ 720] blk.35.attn_k.weight                 - [  2560,   1024,      1,      1], type =   bf16, converting to q8_0 .. size =     5.00 MiB ->     2.66 MiB
[ 603/ 720] blk.35.attn_k_norm.weight            - [   512,      1,      1,      1], type =    f32, size =    0.002 MiB
[ 604/ 720] blk.35.attn_norm.weight              - [  2560,      1,      1,      1], type =    f32, size =    0.010 MiB
[ 605/ 720] blk.35.attn_output.weight            - [  4096,   2560,      1,      1], type =   bf16, converting to q8_0 .. size =    20.00 MiB ->    10.62 MiB
[ 606/ 720] blk.35.attn_q.weight                 - [  2560,   4096,      1,      1], type =   bf16, converting to q8_0 .. size =    20.00 MiB ->    10.62 MiB
[ 607/ 720] blk.35.attn_q_norm.weight            - [   512,      1,      1,      1], type =    f32, size =    0.002 MiB
[ 608/ 720] blk.35.attn_v.weight                 - [  2560,   1024,      1,      1], type =   bf16, converting to q8_0 .. size =     5.00 MiB ->     2.66 MiB
[ 609/ 720] blk.35.ffn_down.weight               - [ 10240,   2560,      1,      1], type =   bf16, converting to q8_0 .. size =    50.00 MiB ->    26.56 MiB
[ 610/ 720] blk.35.ffn_gate.weight               - [  2560,  10240,      1,      1], type =   bf16, converting to q8_0 .. size =    50.00 MiB ->    26.56 MiB
[ 611/ 720] blk.35.ffn_norm.weight               - [  2560,      1,      1,      1], type =    f32, size =    0.010 MiB
[ 612/ 720] blk.35.ffn_up.weight                 - [  2560,  10240,      1,      1], type =   bf16, converting to q8_0 .. size =    50.00 MiB ->    26.56 MiB
[ 613/ 720] blk.35.inp_gate.weight               - [  2560,    256,      1,      1], type =   bf16, converting to q8_0 .. size =     1.25 MiB ->     0.66 MiB
[ 614/ 720] blk.35.layer_output_scale.weight     - [     1,      1,      1,      1], type =    f32, size =    0.000 MiB
[ 615/ 720] blk.35.post_attention_norm.weight    - [  2560,      1,      1,      1], type =    f32, size =    0.010 MiB
[ 616/ 720] blk.35.post_ffw_norm.weight          - [  2560,      1,      1,      1], type =    f32, size =    0.010 MiB
[ 617/ 720] blk.35.post_norm.weight              - [  2560,      1,      1,      1], type =    f32, size =    0.010 MiB
[ 618/ 720] blk.35.proj.weight                   - [   256,   2560,      1,      1], type =   bf16, converting to q8_0 .. size =     1.25 MiB ->     0.66 MiB
[ 619/ 720] blk.36.attn_k.weight                 - [  2560,    512,      1,      1], type =   bf16, converting to q8_0 .. size =     2.50 MiB ->     1.33 MiB
[ 620/ 720] blk.36.attn_k_norm.weight            - [   256,      1,      1,      1], type =    f32, size =    0.001 MiB
[ 621/ 720] blk.36.attn_norm.weight              - [  2560,      1,      1,      1], type =    f32, size =    0.010 MiB
[ 622/ 720] blk.36.attn_output.weight            - [  2048,   2560,      1,      1], type =   bf16, converting to q8_0 .. size =    10.00 MiB ->     5.31 MiB
[ 623/ 720] blk.36.attn_q.weight                 - [  2560,   2048,      1,      1], type =   bf16, converting to q8_0 .. size =    10.00 MiB ->     5.31 MiB
[ 624/ 720] blk.36.attn_q_norm.weight            - [   256,      1,      1,      1], type =    f32, size =    0.001 MiB
[ 625/ 720] blk.36.attn_v.weight                 - [  2560,    512,      1,      1], type =   bf16, converting to q8_0 .. size =     2.50 MiB ->     1.33 MiB
[ 626/ 720] blk.36.ffn_down.weight               - [ 10240,   2560,      1,      1], type =   bf16, converting to q8_0 .. size =    50.00 MiB ->    26.56 MiB
[ 627/ 720] blk.36.ffn_gate.weight               - [  2560,  10240,      1,      1], type =   bf16, converting to q8_0 .. size =    50.00 MiB ->    26.56 MiB
[ 628/ 720] blk.36.ffn_norm.weight               - [  2560,      1,      1,      1], type =    f32, size =    0.010 MiB
[ 629/ 720] blk.36.ffn_up.weight                 - [  2560,  10240,      1,      1], type =   bf16, converting to q8_0 .. size =    50.00 MiB ->    26.56 MiB
[ 630/ 720] blk.36.inp_gate.weight               - [  2560,    256,      1,      1], type =   bf16, converting to q8_0 .. size =     1.25 MiB ->     0.66 MiB
[ 631/ 720] blk.36.layer_output_scale.weight     - [     1,      1,      1,      1], type =    f32, size =    0.000 MiB
[ 632/ 720] blk.36.post_attention_norm.weight    - [  2560,      1,      1,      1], type =    f32, size =    0.010 MiB
[ 633/ 720] blk.36.post_ffw_norm.weight          - [  2560,      1,      1,      1], type =    f32, size =    0.010 MiB
[ 634/ 720] blk.36.post_norm.weight              - [  2560,      1,      1,      1], type =    f32, size =    0.010 MiB
[ 635/ 720] blk.36.proj.weight                   - [   256,   2560,      1,      1], type =   bf16, converting to q8_0 .. size =     1.25 MiB ->     0.66 MiB
[ 636/ 720] blk.37.attn_k.weight                 - [  2560,    512,      1,      1], type =   bf16, converting to q8_0 .. size =     2.50 MiB ->     1.33 MiB
[ 637/ 720] blk.37.attn_k_norm.weight            - [   256,      1,      1,      1], type =    f32, size =    0.001 MiB
[ 638/ 720] blk.37.attn_norm.weight              - [  2560,      1,      1,      1], type =    f32, size =    0.010 MiB
[ 639/ 720] blk.37.attn_output.weight            - [  2048,   2560,      1,      1], type =   bf16, converting to q8_0 .. size =    10.00 MiB ->     5.31 MiB
[ 640/ 720] blk.37.attn_q.weight                 - [  2560,   2048,      1,      1], type =   bf16, converting to q8_0 .. size =    10.00 MiB ->     5.31 MiB
[ 641/ 720] blk.37.attn_q_norm.weight            - [   256,      1,      1,      1], type =    f32, size =    0.001 MiB
[ 642/ 720] blk.37.attn_v.weight                 - [  2560,    512,      1,      1], type =   bf16, converting to q8_0 .. size =     2.50 MiB ->     1.33 MiB
[ 643/ 720] blk.37.ffn_down.weight               - [ 10240,   2560,      1,      1], type =   bf16, converting to q8_0 .. size =    50.00 MiB ->    26.56 MiB
[ 644/ 720] blk.37.ffn_gate.weight               - [  2560,  10240,      1,      1], type =   bf16, converting to q8_0 .. size =    50.00 MiB ->    26.56 MiB
[ 645/ 720] blk.37.ffn_norm.weight               - [  2560,      1,      1,      1], type =    f32, size =    0.010 MiB
[ 646/ 720] blk.37.ffn_up.weight                 - [  2560,  10240,      1,      1], type =   bf16, converting to q8_0 .. size =    50.00 MiB ->    26.56 MiB
[ 647/ 720] blk.37.inp_gate.weight               - [  2560,    256,      1,      1], type =   bf16, converting to q8_0 .. size =     1.25 MiB ->     0.66 MiB
[ 648/ 720] blk.37.layer_output_scale.weight     - [     1,      1,      1,      1], type =    f32, size =    0.000 MiB
[ 649/ 720] blk.37.post_attention_norm.weight    - [  2560,      1,      1,      1], type =    f32, size =    0.010 MiB
[ 650/ 720] blk.37.post_ffw_norm.weight          - [  2560,      1,      1,      1], type =    f32, size =    0.010 MiB
[ 651/ 720] blk.37.post_norm.weight              - [  2560,      1,      1,      1], type =    f32, size =    0.010 MiB
[ 652/ 720] blk.37.proj.weight                   - [   256,   2560,      1,      1], type =   bf16, converting to q8_0 .. size =     1.25 MiB ->     0.66 MiB
[ 653/ 720] blk.38.attn_k.weight                 - [  2560,    512,      1,      1], type =   bf16, converting to q8_0 .. size =     2.50 MiB ->     1.33 MiB
[ 654/ 720] blk.38.attn_k_norm.weight            - [   256,      1,      1,      1], type =    f32, size =    0.001 MiB
[ 655/ 720] blk.38.attn_norm.weight              - [  2560,      1,      1,      1], type =    f32, size =    0.010 MiB
[ 656/ 720] blk.38.attn_output.weight            - [  2048,   2560,      1,      1], type =   bf16, converting to q8_0 .. size =    10.00 MiB ->     5.31 MiB
[ 657/ 720] blk.38.attn_q.weight                 - [  2560,   2048,      1,      1], type =   bf16, converting to q8_0 .. size =    10.00 MiB ->     5.31 MiB
[ 658/ 720] blk.38.attn_q_norm.weight            - [   256,      1,      1,      1], type =    f32, size =    0.001 MiB
[ 659/ 720] blk.38.attn_v.weight                 - [  2560,    512,      1,      1], type =   bf16, converting to q8_0 .. size =     2.50 MiB ->     1.33 MiB
[ 660/ 720] blk.38.ffn_down.weight               - [ 10240,   2560,      1,      1], type =   bf16, converting to q8_0 .. size =    50.00 MiB ->    26.56 MiB
[ 661/ 720] blk.38.ffn_gate.weight               - [  2560,  10240,      1,      1], type =   bf16, converting to q8_0 .. size =    50.00 MiB ->    26.56 MiB
[ 662/ 720] blk.38.ffn_norm.weight               - [  2560,      1,      1,      1], type =    f32, size =    0.010 MiB
[ 663/ 720] blk.38.ffn_up.weight                 - [  2560,  10240,      1,      1], type =   bf16, converting to q8_0 .. size =    50.00 MiB ->    26.56 MiB
[ 664/ 720] blk.38.inp_gate.weight               - [  2560,    256,      1,      1], type =   bf16, converting to q8_0 .. size =     1.25 MiB ->     0.66 MiB
[ 665/ 720] blk.38.layer_output_scale.weight     - [     1,      1,      1,      1], type =    f32, size =    0.000 MiB
[ 666/ 720] blk.38.post_attention_norm.weight    - [  2560,      1,      1,      1], type =    f32, size =    0.010 MiB
[ 667/ 720] blk.38.post_ffw_norm.weight          - [  2560,      1,      1,      1], type =    f32, size =    0.010 MiB
[ 668/ 720] blk.38.post_norm.weight              - [  2560,      1,      1,      1], type =    f32, size =    0.010 MiB
[ 669/ 720] blk.38.proj.weight                   - [   256,   2560,      1,      1], type =   bf16, converting to q8_0 .. size =     1.25 MiB ->     0.66 MiB
[ 670/ 720] blk.39.attn_k.weight                 - [  2560,    512,      1,      1], type =   bf16, converting to q8_0 .. size =     2.50 MiB ->     1.33 MiB
[ 671/ 720] blk.39.attn_k_norm.weight            - [   256,      1,      1,      1], type =    f32, size =    0.001 MiB
[ 672/ 720] blk.39.attn_norm.weight              - [  2560,      1,      1,      1], type =    f32, size =    0.010 MiB
[ 673/ 720] blk.39.attn_output.weight            - [  2048,   2560,      1,      1], type =   bf16, converting to q8_0 .. size =    10.00 MiB ->     5.31 MiB
[ 674/ 720] blk.39.attn_q.weight                 - [  2560,   2048,      1,      1], type =   bf16, converting to q8_0 .. size =    10.00 MiB ->     5.31 MiB
[ 675/ 720] blk.39.attn_q_norm.weight            - [   256,      1,      1,      1], type =    f32, size =    0.001 MiB
[ 676/ 720] blk.39.attn_v.weight                 - [  2560,    512,      1,      1], type =   bf16, converting to q8_0 .. size =     2.50 MiB ->     1.33 MiB
[ 677/ 720] blk.39.ffn_down.weight               - [ 10240,   2560,      1,      1], type =   bf16, converting to q8_0 .. size =    50.00 MiB ->    26.56 MiB
[ 678/ 720] blk.39.ffn_gate.weight               - [  2560,  10240,      1,      1], type =   bf16, converting to q8_0 .. size =    50.00 MiB ->    26.56 MiB
[ 679/ 720] blk.39.ffn_norm.weight               - [  2560,      1,      1,      1], type =    f32, size =    0.010 MiB
[ 680/ 720] blk.39.ffn_up.weight                 - [  2560,  10240,      1,      1], type =   bf16, converting to q8_0 .. size =    50.00 MiB ->    26.56 MiB
[ 681/ 720] blk.39.inp_gate.weight               - [  2560,    256,      1,      1], type =   bf16, converting to q8_0 .. size =     1.25 MiB ->     0.66 MiB
[ 682/ 720] blk.39.layer_output_scale.weight     - [     1,      1,      1,      1], type =    f32, size =    0.000 MiB
[ 683/ 720] blk.39.post_attention_norm.weight    - [  2560,      1,      1,      1], type =    f32, size =    0.010 MiB
[ 684/ 720] blk.39.post_ffw_norm.weight          - [  2560,      1,      1,      1], type =    f32, size =    0.010 MiB
[ 685/ 720] blk.39.post_norm.weight              - [  2560,      1,      1,      1], type =    f32, size =    0.010 MiB
[ 686/ 720] blk.39.proj.weight                   - [   256,   2560,      1,      1], type =   bf16, converting to q8_0 .. size =     1.25 MiB ->     0.66 MiB
[ 687/ 720] blk.40.attn_k.weight                 - [  2560,    512,      1,      1], type =   bf16, converting to q8_0 .. size =     2.50 MiB ->     1.33 MiB
[ 688/ 720] blk.40.attn_k_norm.weight            - [   256,      1,      1,      1], type =    f32, size =    0.001 MiB
[ 689/ 720] blk.40.attn_norm.weight              - [  2560,      1,      1,      1], type =    f32, size =    0.010 MiB
[ 690/ 720] blk.40.attn_output.weight            - [  2048,   2560,      1,      1], type =   bf16, converting to q8_0 .. size =    10.00 MiB ->     5.31 MiB
[ 691/ 720] blk.40.attn_q.weight                 - [  2560,   2048,      1,      1], type =   bf16, converting to q8_0 .. size =    10.00 MiB ->     5.31 MiB
[ 692/ 720] blk.40.attn_q_norm.weight            - [   256,      1,      1,      1], type =    f32, size =    0.001 MiB
[ 693/ 720] blk.40.attn_v.weight                 - [  2560,    512,      1,      1], type =   bf16, converting to q8_0 .. size =     2.50 MiB ->     1.33 MiB
[ 694/ 720] blk.40.ffn_down.weight               - [ 10240,   2560,      1,      1], type =   bf16, converting to q8_0 .. size =    50.00 MiB ->    26.56 MiB
[ 695/ 720] blk.40.ffn_gate.weight               - [  2560,  10240,      1,      1], type =   bf16, converting to q8_0 .. size =    50.00 MiB ->    26.56 MiB
[ 696/ 720] blk.40.ffn_norm.weight               - [  2560,      1,      1,      1], type =    f32, size =    0.010 MiB
[ 697/ 720] blk.40.ffn_up.weight                 - [  2560,  10240,      1,      1], type =   bf16, converting to q8_0 .. size =    50.00 MiB ->    26.56 MiB
[ 698/ 720] blk.40.inp_gate.weight               - [  2560,    256,      1,      1], type =   bf16, converting to q8_0 .. size =     1.25 MiB ->     0.66 MiB
[ 699/ 720] blk.40.layer_output_scale.weight     - [     1,      1,      1,      1], type =    f32, size =    0.000 MiB
[ 700/ 720] blk.40.post_attention_norm.weight    - [  2560,      1,      1,      1], type =    f32, size =    0.010 MiB
[ 701/ 720] blk.40.post_ffw_norm.weight          - [  2560,      1,      1,      1], type =    f32, size =    0.010 MiB
[ 702/ 720] blk.40.post_norm.weight              - [  2560,      1,      1,      1], type =    f32, size =    0.010 MiB
[ 703/ 720] blk.40.proj.weight                   - [   256,   2560,      1,      1], type =   bf16, converting to q8_0 .. size =     1.25 MiB ->     0.66 MiB
[ 704/ 720] blk.41.attn_k.weight                 - [  2560,   1024,      1,      1], type =   bf16, converting to q8_0 .. size =     5.00 MiB ->     2.66 MiB
[ 705/ 720] blk.41.attn_k_norm.weight            - [   512,      1,      1,      1], type =    f32, size =    0.002 MiB
[ 706/ 720] blk.41.attn_norm.weight              - [  2560,      1,      1,      1], type =    f32, size =    0.010 MiB
[ 707/ 720] blk.41.attn_output.weight            - [  4096,   2560,      1,      1], type =   bf16, converting to q8_0 .. size =    20.00 MiB ->    10.62 MiB
[ 708/ 720] blk.41.attn_q.weight                 - [  2560,   4096,      1,      1], type =   bf16, converting to q8_0 .. size =    20.00 MiB ->    10.62 MiB
[ 709/ 720] blk.41.attn_q_norm.weight            - [   512,      1,      1,      1], type =    f32, size =    0.002 MiB
[ 710/ 720] blk.41.attn_v.weight                 - [  2560,   1024,      1,      1], type =   bf16, converting to q8_0 .. size =     5.00 MiB ->     2.66 MiB
[ 711/ 720] blk.41.ffn_down.weight               - [ 10240,   2560,      1,      1], type =   bf16, converting to q8_0 .. size =    50.00 MiB ->    26.56 MiB
[ 712/ 720] blk.41.ffn_gate.weight               - [  2560,  10240,      1,      1], type =   bf16, converting to q8_0 .. size =    50.00 MiB ->    26.56 MiB
[ 713/ 720] blk.41.ffn_norm.weight               - [  2560,      1,      1,      1], type =    f32, size =    0.010 MiB
[ 714/ 720] blk.41.ffn_up.weight                 - [  2560,  10240,      1,      1], type =   bf16, converting to q8_0 .. size =    50.00 MiB ->    26.56 MiB
[ 715/ 720] blk.41.inp_gate.weight               - [  2560,    256,      1,      1], type =   bf16, converting to q8_0 .. size =     1.25 MiB ->     0.66 MiB
[ 716/ 720] blk.41.layer_output_scale.weight     - [     1,      1,      1,      1], type =    f32, size =    0.000 MiB
[ 717/ 720] blk.41.post_attention_norm.weight    - [  2560,      1,      1,      1], type =    f32, size =    0.010 MiB
[ 718/ 720] blk.41.post_ffw_norm.weight          - [  2560,      1,      1,      1], type =    f32, size =    0.010 MiB
[ 719/ 720] blk.41.post_norm.weight              - [  2560,      1,      1,      1], type =    f32, size =    0.010 MiB
[ 720/ 720] blk.41.proj.weight                   - [   256,   2560,      1,      1], type =   bf16, converting to q8_0 .. size =     1.25 MiB ->     0.66 MiB
llama_model_quantize_impl: model size  = 14340.66 MiB (16.00 BPW)
llama_model_quantize_impl: quant size  =  7644.10 MiB (8.53 BPW)

llama_quantize: quantize time = 25657.95 ms
llama_quantize:    total time = 25657.95 ms
+ python3 ./llama.cpp/convert_hf_to_gguf.py ./model-temp-gemma_4_E4B_it-PRIMARY --outtype q8_0 --outfile ./upload-gemma_4_E4B_it/mmproj-gemma-4-E4B-it-Q8_0.gguf --mmproj --model-name gemma-4-E4B-it
INFO:hf-to-gguf:Loading model: model-temp-gemma_4_E4B_it-PRIMARY
INFO:hf-to-gguf:Model architecture: Gemma4ForConditionalGeneration
INFO:hf-to-gguf:gguf: indexing model part 'model.safetensors'
INFO:gguf.gguf_writer:gguf: This GGUF file is for Little Endian only
INFO:hf-to-gguf:Exporting model...
INFO:hf-to-gguf:a.blk.0.ffn_up.input_max,              torch.bfloat16 --> F32, shape = {1}
INFO:hf-to-gguf:a.blk.0.ffn_up.input_min,              torch.bfloat16 --> F32, shape = {1}
INFO:hf-to-gguf:a.blk.0.ffn_up.weight,                 torch.bfloat16 --> Q8_0, shape = {1024, 4096}
INFO:hf-to-gguf:a.blk.0.ffn_up.output_max,             torch.bfloat16 --> F32, shape = {1}
INFO:hf-to-gguf:a.blk.0.ffn_up.output_min,             torch.bfloat16 --> F32, shape = {1}
INFO:hf-to-gguf:a.blk.0.ffn_down.input_max,            torch.bfloat16 --> F32, shape = {1}
INFO:hf-to-gguf:a.blk.0.ffn_down.input_min,            torch.bfloat16 --> F32, shape = {1}
INFO:hf-to-gguf:a.blk.0.ffn_down.weight,               torch.bfloat16 --> Q8_0, shape = {4096, 1024}
INFO:hf-to-gguf:a.blk.0.ffn_down.output_max,           torch.bfloat16 --> F32, shape = {1}
INFO:hf-to-gguf:a.blk.0.ffn_down.output_min,           torch.bfloat16 --> F32, shape = {1}
INFO:hf-to-gguf:a.blk.0.ffn_post_norm.weight,          torch.bfloat16 --> F32, shape = {1024}
INFO:hf-to-gguf:a.blk.0.ffn_norm.weight,               torch.bfloat16 --> F32, shape = {1024}
INFO:hf-to-gguf:a.blk.0.ffn_up_1.input_max,            torch.bfloat16 --> F32, shape = {1}
INFO:hf-to-gguf:a.blk.0.ffn_up_1.input_min,            torch.bfloat16 --> F32, shape = {1}
INFO:hf-to-gguf:a.blk.0.ffn_up_1.weight,               torch.bfloat16 --> Q8_0, shape = {1024, 4096}
INFO:hf-to-gguf:a.blk.0.ffn_up_1.output_max,           torch.bfloat16 --> F32, shape = {1}
INFO:hf-to-gguf:a.blk.0.ffn_up_1.output_min,           torch.bfloat16 --> F32, shape = {1}
INFO:hf-to-gguf:a.blk.0.ffn_down_1.input_max,          torch.bfloat16 --> F32, shape = {1}
INFO:hf-to-gguf:a.blk.0.ffn_down_1.input_min,          torch.bfloat16 --> F32, shape = {1}
INFO:hf-to-gguf:a.blk.0.ffn_down_1.weight,             torch.bfloat16 --> Q8_0, shape = {4096, 1024}
INFO:hf-to-gguf:a.blk.0.ffn_down_1.output_max,         torch.bfloat16 --> F32, shape = {1}
INFO:hf-to-gguf:a.blk.0.ffn_down_1.output_min,         torch.bfloat16 --> F32, shape = {1}
INFO:hf-to-gguf:a.blk.0.ffn_post_norm_1.weight,        torch.bfloat16 --> F32, shape = {1024}
INFO:hf-to-gguf:a.blk.0.ffn_norm_1.weight,             torch.bfloat16 --> F32, shape = {1024}
INFO:hf-to-gguf:a.blk.0.norm_conv.weight,              torch.bfloat16 --> F32, shape = {1024}
INFO:hf-to-gguf:a.blk.0.conv_dw.weight,                torch.bfloat16 --> F32, shape = {5, 1024}
INFO:hf-to-gguf:a.blk.0.conv_pw2.input_max,            torch.bfloat16 --> F32, shape = {1}
INFO:hf-to-gguf:a.blk.0.conv_pw2.input_min,            torch.bfloat16 --> F32, shape = {1}
INFO:hf-to-gguf:a.blk.0.conv_pw2.weight,               torch.bfloat16 --> Q8_0, shape = {1024, 1024}
INFO:hf-to-gguf:a.blk.0.conv_pw2.output_max,           torch.bfloat16 --> F32, shape = {1}
INFO:hf-to-gguf:a.blk.0.conv_pw2.output_min,           torch.bfloat16 --> F32, shape = {1}
INFO:hf-to-gguf:a.blk.0.conv_pw1.input_max,            torch.bfloat16 --> F32, shape = {1}
INFO:hf-to-gguf:a.blk.0.conv_pw1.input_min,            torch.bfloat16 --> F32, shape = {1}
INFO:hf-to-gguf:a.blk.0.conv_pw1.weight,               torch.bfloat16 --> Q8_0, shape = {1024, 2048}
INFO:hf-to-gguf:a.blk.0.conv_pw1.output_max,           torch.bfloat16 --> F32, shape = {1}
INFO:hf-to-gguf:a.blk.0.conv_pw1.output_min,           torch.bfloat16 --> F32, shape = {1}
INFO:hf-to-gguf:a.blk.0.conv_norm.weight,              torch.bfloat16 --> F32, shape = {1024}
INFO:hf-to-gguf:a.blk.0.ln2.weight,                    torch.bfloat16 --> F32, shape = {1024}
INFO:hf-to-gguf:a.blk.0.attn_post_norm.weight,         torch.bfloat16 --> F32, shape = {1024}
INFO:hf-to-gguf:a.blk.0.attn_pre_norm.weight,          torch.bfloat16 --> F32, shape = {1024}
INFO:hf-to-gguf:a.blk.0.attn_k.input_max,              torch.bfloat16 --> F32, shape = {1}
INFO:hf-to-gguf:a.blk.0.attn_k.input_min,              torch.bfloat16 --> F32, shape = {1}
INFO:hf-to-gguf:a.blk.0.attn_k.weight,                 torch.bfloat16 --> Q8_0, shape = {1024, 1024}
INFO:hf-to-gguf:a.blk.0.attn_k.output_max,             torch.bfloat16 --> F32, shape = {1}
INFO:hf-to-gguf:a.blk.0.attn_k.output_min,             torch.bfloat16 --> F32, shape = {1}
INFO:hf-to-gguf:a.blk.0.per_dim_scale.weight,          torch.bfloat16 --> F32, shape = {128}
INFO:hf-to-gguf:a.blk.0.attn_out.input_max,            torch.bfloat16 --> F32, shape = {1}
INFO:hf-to-gguf:a.blk.0.attn_out.input_min,            torch.bfloat16 --> F32, shape = {1}
INFO:hf-to-gguf:a.blk.0.attn_out.weight,               torch.bfloat16 --> Q8_0, shape = {1024, 1024}
INFO:hf-to-gguf:a.blk.0.attn_out.output_max,           torch.bfloat16 --> F32, shape = {1}
INFO:hf-to-gguf:a.blk.0.attn_out.output_min,           torch.bfloat16 --> F32, shape = {1}
INFO:hf-to-gguf:a.blk.0.attn_q.input_max,              torch.bfloat16 --> F32, shape = {1}
INFO:hf-to-gguf:a.blk.0.attn_q.input_min,              torch.bfloat16 --> F32, shape = {1}
INFO:hf-to-gguf:a.blk.0.attn_q.weight,                 torch.bfloat16 --> Q8_0, shape = {1024, 1024}
INFO:hf-to-gguf:a.blk.0.attn_q.output_max,             torch.bfloat16 --> F32, shape = {1}
INFO:hf-to-gguf:a.blk.0.attn_q.output_min,             torch.bfloat16 --> F32, shape = {1}
INFO:hf-to-gguf:a.blk.0.attn_k_rel.weight,             torch.bfloat16 --> Q8_0, shape = {1024, 1024}
INFO:hf-to-gguf:a.blk.0.attn_v.input_max,              torch.bfloat16 --> F32, shape = {1}
INFO:hf-to-gguf:a.blk.0.attn_v.input_min,              torch.bfloat16 --> F32, shape = {1}
INFO:hf-to-gguf:a.blk.0.attn_v.weight,                 torch.bfloat16 --> Q8_0, shape = {1024, 1024}
INFO:hf-to-gguf:a.blk.0.attn_v.output_max,             torch.bfloat16 --> F32, shape = {1}
INFO:hf-to-gguf:a.blk.0.attn_v.output_min,             torch.bfloat16 --> F32, shape = {1}
INFO:hf-to-gguf:a.blk.1.ffn_up.input_max,              torch.bfloat16 --> F32, shape = {1}
INFO:hf-to-gguf:a.blk.1.ffn_up.input_min,              torch.bfloat16 --> F32, shape = {1}
INFO:hf-to-gguf:a.blk.1.ffn_up.weight,                 torch.bfloat16 --> Q8_0, shape = {1024, 4096}
INFO:hf-to-gguf:a.blk.1.ffn_up.output_max,             torch.bfloat16 --> F32, shape = {1}
INFO:hf-to-gguf:a.blk.1.ffn_up.output_min,             torch.bfloat16 --> F32, shape = {1}
INFO:hf-to-gguf:a.blk.1.ffn_down.input_max,            torch.bfloat16 --> F32, shape = {1}
INFO:hf-to-gguf:a.blk.1.ffn_down.input_min,            torch.bfloat16 --> F32, shape = {1}
INFO:hf-to-gguf:a.blk.1.ffn_down.weight,               torch.bfloat16 --> Q8_0, shape = {4096, 1024}
INFO:hf-to-gguf:a.blk.1.ffn_down.output_max,           torch.bfloat16 --> F32, shape = {1}
INFO:hf-to-gguf:a.blk.1.ffn_down.output_min,           torch.bfloat16 --> F32, shape = {1}
INFO:hf-to-gguf:a.blk.1.ffn_post_norm.weight,          torch.bfloat16 --> F32, shape = {1024}
INFO:hf-to-gguf:a.blk.1.ffn_norm.weight,               torch.bfloat16 --> F32, shape = {1024}
INFO:hf-to-gguf:a.blk.1.ffn_up_1.input_max,            torch.bfloat16 --> F32, shape = {1}
INFO:hf-to-gguf:a.blk.1.ffn_up_1.input_min,            torch.bfloat16 --> F32, shape = {1}
INFO:hf-to-gguf:a.blk.1.ffn_up_1.weight,               torch.bfloat16 --> Q8_0, shape = {1024, 4096}
INFO:hf-to-gguf:a.blk.1.ffn_up_1.output_max,           torch.bfloat16 --> F32, shape = {1}
INFO:hf-to-gguf:a.blk.1.ffn_up_1.output_min,           torch.bfloat16 --> F32, shape = {1}
INFO:hf-to-gguf:a.blk.1.ffn_down_1.input_max,          torch.bfloat16 --> F32, shape = {1}
INFO:hf-to-gguf:a.blk.1.ffn_down_1.input_min,          torch.bfloat16 --> F32, shape = {1}
INFO:hf-to-gguf:a.blk.1.ffn_down_1.weight,             torch.bfloat16 --> Q8_0, shape = {4096, 1024}
INFO:hf-to-gguf:a.blk.1.ffn_down_1.output_max,         torch.bfloat16 --> F32, shape = {1}
INFO:hf-to-gguf:a.blk.1.ffn_down_1.output_min,         torch.bfloat16 --> F32, shape = {1}
INFO:hf-to-gguf:a.blk.1.ffn_post_norm_1.weight,        torch.bfloat16 --> F32, shape = {1024}
INFO:hf-to-gguf:a.blk.1.ffn_norm_1.weight,             torch.bfloat16 --> F32, shape = {1024}
INFO:hf-to-gguf:a.blk.1.norm_conv.weight,              torch.bfloat16 --> F32, shape = {1024}
INFO:hf-to-gguf:a.blk.1.conv_dw.weight,                torch.bfloat16 --> F32, shape = {5, 1024}
INFO:hf-to-gguf:a.blk.1.conv_pw2.input_max,            torch.bfloat16 --> F32, shape = {1}
INFO:hf-to-gguf:a.blk.1.conv_pw2.input_min,            torch.bfloat16 --> F32, shape = {1}
INFO:hf-to-gguf:a.blk.1.conv_pw2.weight,               torch.bfloat16 --> Q8_0, shape = {1024, 1024}
INFO:hf-to-gguf:a.blk.1.conv_pw2.output_max,           torch.bfloat16 --> F32, shape = {1}
INFO:hf-to-gguf:a.blk.1.conv_pw2.output_min,           torch.bfloat16 --> F32, shape = {1}
INFO:hf-to-gguf:a.blk.1.conv_pw1.input_max,            torch.bfloat16 --> F32, shape = {1}
INFO:hf-to-gguf:a.blk.1.conv_pw1.input_min,            torch.bfloat16 --> F32, shape = {1}
INFO:hf-to-gguf:a.blk.1.conv_pw1.weight,               torch.bfloat16 --> Q8_0, shape = {1024, 2048}
INFO:hf-to-gguf:a.blk.1.conv_pw1.output_max,           torch.bfloat16 --> F32, shape = {1}
INFO:hf-to-gguf:a.blk.1.conv_pw1.output_min,           torch.bfloat16 --> F32, shape = {1}
INFO:hf-to-gguf:a.blk.1.conv_norm.weight,              torch.bfloat16 --> F32, shape = {1024}
INFO:hf-to-gguf:a.blk.1.ln2.weight,                    torch.bfloat16 --> F32, shape = {1024}
INFO:hf-to-gguf:a.blk.1.attn_post_norm.weight,         torch.bfloat16 --> F32, shape = {1024}
INFO:hf-to-gguf:a.blk.1.attn_pre_norm.weight,          torch.bfloat16 --> F32, shape = {1024}
INFO:hf-to-gguf:a.blk.1.attn_k.input_max,              torch.bfloat16 --> F32, shape = {1}
INFO:hf-to-gguf:a.blk.1.attn_k.input_min,              torch.bfloat16 --> F32, shape = {1}
INFO:hf-to-gguf:a.blk.1.attn_k.weight,                 torch.bfloat16 --> Q8_0, shape = {1024, 1024}
INFO:hf-to-gguf:a.blk.1.attn_k.output_max,             torch.bfloat16 --> F32, shape = {1}
INFO:hf-to-gguf:a.blk.1.attn_k.output_min,             torch.bfloat16 --> F32, shape = {1}
INFO:hf-to-gguf:a.blk.1.per_dim_scale.weight,          torch.bfloat16 --> F32, shape = {128}
INFO:hf-to-gguf:a.blk.1.attn_out.input_max,            torch.bfloat16 --> F32, shape = {1}
INFO:hf-to-gguf:a.blk.1.attn_out.input_min,            torch.bfloat16 --> F32, shape = {1}
INFO:hf-to-gguf:a.blk.1.attn_out.weight,               torch.bfloat16 --> Q8_0, shape = {1024, 1024}
INFO:hf-to-gguf:a.blk.1.attn_out.output_max,           torch.bfloat16 --> F32, shape = {1}
INFO:hf-to-gguf:a.blk.1.attn_out.output_min,           torch.bfloat16 --> F32, shape = {1}
INFO:hf-to-gguf:a.blk.1.attn_q.input_max,              torch.bfloat16 --> F32, shape = {1}
INFO:hf-to-gguf:a.blk.1.attn_q.input_min,              torch.bfloat16 --> F32, shape = {1}
INFO:hf-to-gguf:a.blk.1.attn_q.weight,                 torch.bfloat16 --> Q8_0, shape = {1024, 1024}
INFO:hf-to-gguf:a.blk.1.attn_q.output_max,             torch.bfloat16 --> F32, shape = {1}
INFO:hf-to-gguf:a.blk.1.attn_q.output_min,             torch.bfloat16 --> F32, shape = {1}
INFO:hf-to-gguf:a.blk.1.attn_k_rel.weight,             torch.bfloat16 --> Q8_0, shape = {1024, 1024}
INFO:hf-to-gguf:a.blk.1.attn_v.input_max,              torch.bfloat16 --> F32, shape = {1}
INFO:hf-to-gguf:a.blk.1.attn_v.input_min,              torch.bfloat16 --> F32, shape = {1}
INFO:hf-to-gguf:a.blk.1.attn_v.weight,                 torch.bfloat16 --> Q8_0, shape = {1024, 1024}
INFO:hf-to-gguf:a.blk.1.attn_v.output_max,             torch.bfloat16 --> F32, shape = {1}
INFO:hf-to-gguf:a.blk.1.attn_v.output_min,             torch.bfloat16 --> F32, shape = {1}
INFO:hf-to-gguf:a.blk.10.ffn_up.input_max,             torch.bfloat16 --> F32, shape = {1}
INFO:hf-to-gguf:a.blk.10.ffn_up.input_min,             torch.bfloat16 --> F32, shape = {1}
INFO:hf-to-gguf:a.blk.10.ffn_up.weight,                torch.bfloat16 --> Q8_0, shape = {1024, 4096}
INFO:hf-to-gguf:a.blk.10.ffn_up.output_max,            torch.bfloat16 --> F32, shape = {1}
INFO:hf-to-gguf:a.blk.10.ffn_up.output_min,            torch.bfloat16 --> F32, shape = {1}
INFO:hf-to-gguf:a.blk.10.ffn_down.input_max,           torch.bfloat16 --> F32, shape = {1}
INFO:hf-to-gguf:a.blk.10.ffn_down.input_min,           torch.bfloat16 --> F32, shape = {1}
INFO:hf-to-gguf:a.blk.10.ffn_down.weight,              torch.bfloat16 --> Q8_0, shape = {4096, 1024}
INFO:hf-to-gguf:a.blk.10.ffn_down.output_max,          torch.bfloat16 --> F32, shape = {1}
INFO:hf-to-gguf:a.blk.10.ffn_down.output_min,          torch.bfloat16 --> F32, shape = {1}
INFO:hf-to-gguf:a.blk.10.ffn_post_norm.weight,         torch.bfloat16 --> F32, shape = {1024}
INFO:hf-to-gguf:a.blk.10.ffn_norm.weight,              torch.bfloat16 --> F32, shape = {1024}
INFO:hf-to-gguf:a.blk.10.ffn_up_1.input_max,           torch.bfloat16 --> F32, shape = {1}
INFO:hf-to-gguf:a.blk.10.ffn_up_1.input_min,           torch.bfloat16 --> F32, shape = {1}
INFO:hf-to-gguf:a.blk.10.ffn_up_1.weight,              torch.bfloat16 --> Q8_0, shape = {1024, 4096}
INFO:hf-to-gguf:a.blk.10.ffn_up_1.output_max,          torch.bfloat16 --> F32, shape = {1}
INFO:hf-to-gguf:a.blk.10.ffn_up_1.output_min,          torch.bfloat16 --> F32, shape = {1}
INFO:hf-to-gguf:a.blk.10.ffn_down_1.input_max,         torch.bfloat16 --> F32, shape = {1}
INFO:hf-to-gguf:a.blk.10.ffn_down_1.input_min,         torch.bfloat16 --> F32, shape = {1}
INFO:hf-to-gguf:a.blk.10.ffn_down_1.weight,            torch.bfloat16 --> Q8_0, shape = {4096, 1024}
INFO:hf-to-gguf:a.blk.10.ffn_down_1.output_max,        torch.bfloat16 --> F32, shape = {1}
INFO:hf-to-gguf:a.blk.10.ffn_down_1.output_min,        torch.bfloat16 --> F32, shape = {1}
INFO:hf-to-gguf:a.blk.10.ffn_post_norm_1.weight,       torch.bfloat16 --> F32, shape = {1024}
INFO:hf-to-gguf:a.blk.10.ffn_norm_1.weight,            torch.bfloat16 --> F32, shape = {1024}
INFO:hf-to-gguf:a.blk.10.norm_conv.weight,             torch.bfloat16 --> F32, shape = {1024}
INFO:hf-to-gguf:a.blk.10.conv_dw.weight,               torch.bfloat16 --> F32, shape = {5, 1024}
INFO:hf-to-gguf:a.blk.10.conv_pw2.input_max,           torch.bfloat16 --> F32, shape = {1}
INFO:hf-to-gguf:a.blk.10.conv_pw2.input_min,           torch.bfloat16 --> F32, shape = {1}
INFO:hf-to-gguf:a.blk.10.conv_pw2.weight,              torch.bfloat16 --> Q8_0, shape = {1024, 1024}
INFO:hf-to-gguf:a.blk.10.conv_pw2.output_max,          torch.bfloat16 --> F32, shape = {1}
INFO:hf-to-gguf:a.blk.10.conv_pw2.output_min,          torch.bfloat16 --> F32, shape = {1}
INFO:hf-to-gguf:a.blk.10.conv_pw1.input_max,           torch.bfloat16 --> F32, shape = {1}
INFO:hf-to-gguf:a.blk.10.conv_pw1.input_min,           torch.bfloat16 --> F32, shape = {1}
INFO:hf-to-gguf:a.blk.10.conv_pw1.weight,              torch.bfloat16 --> Q8_0, shape = {1024, 2048}
INFO:hf-to-gguf:a.blk.10.conv_pw1.output_max,          torch.bfloat16 --> F32, shape = {1}
INFO:hf-to-gguf:a.blk.10.conv_pw1.output_min,          torch.bfloat16 --> F32, shape = {1}
INFO:hf-to-gguf:a.blk.10.conv_norm.weight,             torch.bfloat16 --> F32, shape = {1024}
INFO:hf-to-gguf:a.blk.10.ln2.weight,                   torch.bfloat16 --> F32, shape = {1024}
INFO:hf-to-gguf:a.blk.10.attn_post_norm.weight,        torch.bfloat16 --> F32, shape = {1024}
INFO:hf-to-gguf:a.blk.10.attn_pre_norm.weight,         torch.bfloat16 --> F32, shape = {1024}
INFO:hf-to-gguf:a.blk.10.attn_k.input_max,             torch.bfloat16 --> F32, shape = {1}
INFO:hf-to-gguf:a.blk.10.attn_k.input_min,             torch.bfloat16 --> F32, shape = {1}
INFO:hf-to-gguf:a.blk.10.attn_k.weight,                torch.bfloat16 --> Q8_0, shape = {1024, 1024}
INFO:hf-to-gguf:a.blk.10.attn_k.output_max,            torch.bfloat16 --> F32, shape = {1}
INFO:hf-to-gguf:a.blk.10.attn_k.output_min,            torch.bfloat16 --> F32, shape = {1}
INFO:hf-to-gguf:a.blk.10.per_dim_scale.weight,         torch.bfloat16 --> F32, shape = {128}
INFO:hf-to-gguf:a.blk.10.attn_out.input_max,           torch.bfloat16 --> F32, shape = {1}
INFO:hf-to-gguf:a.blk.10.attn_out.input_min,           torch.bfloat16 --> F32, shape = {1}
INFO:hf-to-gguf:a.blk.10.attn_out.weight,              torch.bfloat16 --> Q8_0, shape = {1024, 1024}
INFO:hf-to-gguf:a.blk.10.attn_out.output_max,          torch.bfloat16 --> F32, shape = {1}
INFO:hf-to-gguf:a.blk.10.attn_out.output_min,          torch.bfloat16 --> F32, shape = {1}
INFO:hf-to-gguf:a.blk.10.attn_q.input_max,             torch.bfloat16 --> F32, shape = {1}
INFO:hf-to-gguf:a.blk.10.attn_q.input_min,             torch.bfloat16 --> F32, shape = {1}
INFO:hf-to-gguf:a.blk.10.attn_q.weight,                torch.bfloat16 --> Q8_0, shape = {1024, 1024}
INFO:hf-to-gguf:a.blk.10.attn_q.output_max,            torch.bfloat16 --> F32, shape = {1}
INFO:hf-to-gguf:a.blk.10.attn_q.output_min,            torch.bfloat16 --> F32, shape = {1}
INFO:hf-to-gguf:a.blk.10.attn_k_rel.weight,            torch.bfloat16 --> Q8_0, shape = {1024, 1024}
INFO:hf-to-gguf:a.blk.10.attn_v.input_max,             torch.bfloat16 --> F32, shape = {1}
INFO:hf-to-gguf:a.blk.10.attn_v.input_min,             torch.bfloat16 --> F32, shape = {1}
INFO:hf-to-gguf:a.blk.10.attn_v.weight,                torch.bfloat16 --> Q8_0, shape = {1024, 1024}
INFO:hf-to-gguf:a.blk.10.attn_v.output_max,            torch.bfloat16 --> F32, shape = {1}
INFO:hf-to-gguf:a.blk.10.attn_v.output_min,            torch.bfloat16 --> F32, shape = {1}
INFO:hf-to-gguf:a.blk.11.ffn_up.input_max,             torch.bfloat16 --> F32, shape = {1}
INFO:hf-to-gguf:a.blk.11.ffn_up.input_min,             torch.bfloat16 --> F32, shape = {1}
INFO:hf-to-gguf:a.blk.11.ffn_up.weight,                torch.bfloat16 --> Q8_0, shape = {1024, 4096}
INFO:hf-to-gguf:a.blk.11.ffn_up.output_max,            torch.bfloat16 --> F32, shape = {1}
INFO:hf-to-gguf:a.blk.11.ffn_up.output_min,            torch.bfloat16 --> F32, shape = {1}
INFO:hf-to-gguf:a.blk.11.ffn_down.input_max,           torch.bfloat16 --> F32, shape = {1}
INFO:hf-to-gguf:a.blk.11.ffn_down.input_min,           torch.bfloat16 --> F32, shape = {1}
INFO:hf-to-gguf:a.blk.11.ffn_down.weight,              torch.bfloat16 --> Q8_0, shape = {4096, 1024}
INFO:hf-to-gguf:a.blk.11.ffn_down.output_max,          torch.bfloat16 --> F32, shape = {1}
INFO:hf-to-gguf:a.blk.11.ffn_down.output_min,          torch.bfloat16 --> F32, shape = {1}
INFO:hf-to-gguf:a.blk.11.ffn_post_norm.weight,         torch.bfloat16 --> F32, shape = {1024}
INFO:hf-to-gguf:a.blk.11.ffn_norm.weight,              torch.bfloat16 --> F32, shape = {1024}
INFO:hf-to-gguf:a.blk.11.ffn_up_1.input_max,           torch.bfloat16 --> F32, shape = {1}
INFO:hf-to-gguf:a.blk.11.ffn_up_1.input_min,           torch.bfloat16 --> F32, shape = {1}
INFO:hf-to-gguf:a.blk.11.ffn_up_1.weight,              torch.bfloat16 --> Q8_0, shape = {1024, 4096}
INFO:hf-to-gguf:a.blk.11.ffn_up_1.output_max,          torch.bfloat16 --> F32, shape = {1}
INFO:hf-to-gguf:a.blk.11.ffn_up_1.output_min,          torch.bfloat16 --> F32, shape = {1}
INFO:hf-to-gguf:a.blk.11.ffn_down_1.input_max,         torch.bfloat16 --> F32, shape = {1}
INFO:hf-to-gguf:a.blk.11.ffn_down_1.input_min,         torch.bfloat16 --> F32, shape = {1}
INFO:hf-to-gguf:a.blk.11.ffn_down_1.weight,            torch.bfloat16 --> Q8_0, shape = {4096, 1024}
INFO:hf-to-gguf:a.blk.11.ffn_down_1.output_max,        torch.bfloat16 --> F32, shape = {1}
INFO:hf-to-gguf:a.blk.11.ffn_down_1.output_min,        torch.bfloat16 --> F32, shape = {1}
INFO:hf-to-gguf:a.blk.11.ffn_post_norm_1.weight,       torch.bfloat16 --> F32, shape = {1024}
INFO:hf-to-gguf:a.blk.11.ffn_norm_1.weight,            torch.bfloat16 --> F32, shape = {1024}
INFO:hf-to-gguf:a.blk.11.norm_conv.weight,             torch.bfloat16 --> F32, shape = {1024}
INFO:hf-to-gguf:a.blk.11.conv_dw.weight,               torch.bfloat16 --> F32, shape = {5, 1024}
INFO:hf-to-gguf:a.blk.11.conv_pw2.input_max,           torch.bfloat16 --> F32, shape = {1}
INFO:hf-to-gguf:a.blk.11.conv_pw2.input_min,           torch.bfloat16 --> F32, shape = {1}
INFO:hf-to-gguf:a.blk.11.conv_pw2.weight,              torch.bfloat16 --> Q8_0, shape = {1024, 1024}
INFO:hf-to-gguf:a.blk.11.conv_pw2.output_max,          torch.bfloat16 --> F32, shape = {1}
INFO:hf-to-gguf:a.blk.11.conv_pw2.output_min,          torch.bfloat16 --> F32, shape = {1}
INFO:hf-to-gguf:a.blk.11.conv_pw1.input_max,           torch.bfloat16 --> F32, shape = {1}
INFO:hf-to-gguf:a.blk.11.conv_pw1.input_min,           torch.bfloat16 --> F32, shape = {1}
INFO:hf-to-gguf:a.blk.11.conv_pw1.weight,              torch.bfloat16 --> Q8_0, shape = {1024, 2048}
INFO:hf-to-gguf:a.blk.11.conv_pw1.output_max,          torch.bfloat16 --> F32, shape = {1}
INFO:hf-to-gguf:a.blk.11.conv_pw1.output_min,          torch.bfloat16 --> F32, shape = {1}
INFO:hf-to-gguf:a.blk.11.conv_norm.weight,             torch.bfloat16 --> F32, shape = {1024}
INFO:hf-to-gguf:a.blk.11.ln2.weight,                   torch.bfloat16 --> F32, shape = {1024}
INFO:hf-to-gguf:a.blk.11.attn_post_norm.weight,        torch.bfloat16 --> F32, shape = {1024}
INFO:hf-to-gguf:a.blk.11.attn_pre_norm.weight,         torch.bfloat16 --> F32, shape = {1024}
INFO:hf-to-gguf:a.blk.11.attn_k.input_max,             torch.bfloat16 --> F32, shape = {1}
INFO:hf-to-gguf:a.blk.11.attn_k.input_min,             torch.bfloat16 --> F32, shape = {1}
INFO:hf-to-gguf:a.blk.11.attn_k.weight,                torch.bfloat16 --> Q8_0, shape = {1024, 1024}
INFO:hf-to-gguf:a.blk.11.attn_k.output_max,            torch.bfloat16 --> F32, shape = {1}
INFO:hf-to-gguf:a.blk.11.attn_k.output_min,            torch.bfloat16 --> F32, shape = {1}
INFO:hf-to-gguf:a.blk.11.per_dim_scale.weight,         torch.bfloat16 --> F32, shape = {128}
INFO:hf-to-gguf:a.blk.11.attn_out.input_max,           torch.bfloat16 --> F32, shape = {1}
INFO:hf-to-gguf:a.blk.11.attn_out.input_min,           torch.bfloat16 --> F32, shape = {1}
INFO:hf-to-gguf:a.blk.11.attn_out.weight,              torch.bfloat16 --> Q8_0, shape = {1024, 1024}
INFO:hf-to-gguf:a.blk.11.attn_out.output_max,          torch.bfloat16 --> F32, shape = {1}
INFO:hf-to-gguf:a.blk.11.attn_out.output_min,          torch.bfloat16 --> F32, shape = {1}
INFO:hf-to-gguf:a.blk.11.attn_q.input_max,             torch.bfloat16 --> F32, shape = {1}
INFO:hf-to-gguf:a.blk.11.attn_q.input_min,             torch.bfloat16 --> F32, shape = {1}
INFO:hf-to-gguf:a.blk.11.attn_q.weight,                torch.bfloat16 --> Q8_0, shape = {1024, 1024}
INFO:hf-to-gguf:a.blk.11.attn_q.output_max,            torch.bfloat16 --> F32, shape = {1}
INFO:hf-to-gguf:a.blk.11.attn_q.output_min,            torch.bfloat16 --> F32, shape = {1}
INFO:hf-to-gguf:a.blk.11.attn_k_rel.weight,            torch.bfloat16 --> Q8_0, shape = {1024, 1024}
INFO:hf-to-gguf:a.blk.11.attn_v.input_max,             torch.bfloat16 --> F32, shape = {1}
INFO:hf-to-gguf:a.blk.11.attn_v.input_min,             torch.bfloat16 --> F32, shape = {1}
INFO:hf-to-gguf:a.blk.11.attn_v.weight,                torch.bfloat16 --> Q8_0, shape = {1024, 1024}
INFO:hf-to-gguf:a.blk.11.attn_v.output_max,            torch.bfloat16 --> F32, shape = {1}
INFO:hf-to-gguf:a.blk.11.attn_v.output_min,            torch.bfloat16 --> F32, shape = {1}
INFO:hf-to-gguf:a.blk.2.ffn_up.input_max,              torch.bfloat16 --> F32, shape = {1}
INFO:hf-to-gguf:a.blk.2.ffn_up.input_min,              torch.bfloat16 --> F32, shape = {1}
INFO:hf-to-gguf:a.blk.2.ffn_up.weight,                 torch.bfloat16 --> Q8_0, shape = {1024, 4096}
INFO:hf-to-gguf:a.blk.2.ffn_up.output_max,             torch.bfloat16 --> F32, shape = {1}
INFO:hf-to-gguf:a.blk.2.ffn_up.output_min,             torch.bfloat16 --> F32, shape = {1}
INFO:hf-to-gguf:a.blk.2.ffn_down.input_max,            torch.bfloat16 --> F32, shape = {1}
INFO:hf-to-gguf:a.blk.2.ffn_down.input_min,            torch.bfloat16 --> F32, shape = {1}
INFO:hf-to-gguf:a.blk.2.ffn_down.weight,               torch.bfloat16 --> Q8_0, shape = {4096, 1024}
INFO:hf-to-gguf:a.blk.2.ffn_down.output_max,           torch.bfloat16 --> F32, shape = {1}
INFO:hf-to-gguf:a.blk.2.ffn_down.output_min,           torch.bfloat16 --> F32, shape = {1}
INFO:hf-to-gguf:a.blk.2.ffn_post_norm.weight,          torch.bfloat16 --> F32, shape = {1024}
INFO:hf-to-gguf:a.blk.2.ffn_norm.weight,               torch.bfloat16 --> F32, shape = {1024}
INFO:hf-to-gguf:a.blk.2.ffn_up_1.input_max,            torch.bfloat16 --> F32, shape = {1}
INFO:hf-to-gguf:a.blk.2.ffn_up_1.input_min,            torch.bfloat16 --> F32, shape = {1}
INFO:hf-to-gguf:a.blk.2.ffn_up_1.weight,               torch.bfloat16 --> Q8_0, shape = {1024, 4096}
INFO:hf-to-gguf:a.blk.2.ffn_up_1.output_max,           torch.bfloat16 --> F32, shape = {1}
INFO:hf-to-gguf:a.blk.2.ffn_up_1.output_min,           torch.bfloat16 --> F32, shape = {1}
INFO:hf-to-gguf:a.blk.2.ffn_down_1.input_max,          torch.bfloat16 --> F32, shape = {1}
INFO:hf-to-gguf:a.blk.2.ffn_down_1.input_min,          torch.bfloat16 --> F32, shape = {1}
INFO:hf-to-gguf:a.blk.2.ffn_down_1.weight,             torch.bfloat16 --> Q8_0, shape = {4096, 1024}
INFO:hf-to-gguf:a.blk.2.ffn_down_1.output_max,         torch.bfloat16 --> F32, shape = {1}
INFO:hf-to-gguf:a.blk.2.ffn_down_1.output_min,         torch.bfloat16 --> F32, shape = {1}
INFO:hf-to-gguf:a.blk.2.ffn_post_norm_1.weight,        torch.bfloat16 --> F32, shape = {1024}
INFO:hf-to-gguf:a.blk.2.ffn_norm_1.weight,             torch.bfloat16 --> F32, shape = {1024}
INFO:hf-to-gguf:a.blk.2.norm_conv.weight,              torch.bfloat16 --> F32, shape = {1024}
INFO:hf-to-gguf:a.blk.2.conv_dw.weight,                torch.bfloat16 --> F32, shape = {5, 1024}
INFO:hf-to-gguf:a.blk.2.conv_pw2.input_max,            torch.bfloat16 --> F32, shape = {1}
INFO:hf-to-gguf:a.blk.2.conv_pw2.input_min,            torch.bfloat16 --> F32, shape = {1}
INFO:hf-to-gguf:a.blk.2.conv_pw2.weight,               torch.bfloat16 --> Q8_0, shape = {1024, 1024}
INFO:hf-to-gguf:a.blk.2.conv_pw2.output_max,           torch.bfloat16 --> F32, shape = {1}
INFO:hf-to-gguf:a.blk.2.conv_pw2.output_min,           torch.bfloat16 --> F32, shape = {1}
INFO:hf-to-gguf:a.blk.2.conv_pw1.input_max,            torch.bfloat16 --> F32, shape = {1}
INFO:hf-to-gguf:a.blk.2.conv_pw1.input_min,            torch.bfloat16 --> F32, shape = {1}
INFO:hf-to-gguf:a.blk.2.conv_pw1.weight,               torch.bfloat16 --> Q8_0, shape = {1024, 2048}
INFO:hf-to-gguf:a.blk.2.conv_pw1.output_max,           torch.bfloat16 --> F32, shape = {1}
INFO:hf-to-gguf:a.blk.2.conv_pw1.output_min,           torch.bfloat16 --> F32, shape = {1}
INFO:hf-to-gguf:a.blk.2.conv_norm.weight,              torch.bfloat16 --> F32, shape = {1024}
INFO:hf-to-gguf:a.blk.2.ln2.weight,                    torch.bfloat16 --> F32, shape = {1024}
INFO:hf-to-gguf:a.blk.2.attn_post_norm.weight,         torch.bfloat16 --> F32, shape = {1024}
INFO:hf-to-gguf:a.blk.2.attn_pre_norm.weight,          torch.bfloat16 --> F32, shape = {1024}
INFO:hf-to-gguf:a.blk.2.attn_k.input_max,              torch.bfloat16 --> F32, shape = {1}
INFO:hf-to-gguf:a.blk.2.attn_k.input_min,              torch.bfloat16 --> F32, shape = {1}
INFO:hf-to-gguf:a.blk.2.attn_k.weight,                 torch.bfloat16 --> Q8_0, shape = {1024, 1024}
INFO:hf-to-gguf:a.blk.2.attn_k.output_max,             torch.bfloat16 --> F32, shape = {1}
INFO:hf-to-gguf:a.blk.2.attn_k.output_min,             torch.bfloat16 --> F32, shape = {1}
INFO:hf-to-gguf:a.blk.2.per_dim_scale.weight,          torch.bfloat16 --> F32, shape = {128}
INFO:hf-to-gguf:a.blk.2.attn_out.input_max,            torch.bfloat16 --> F32, shape = {1}
INFO:hf-to-gguf:a.blk.2.attn_out.input_min,            torch.bfloat16 --> F32, shape = {1}
INFO:hf-to-gguf:a.blk.2.attn_out.weight,               torch.bfloat16 --> Q8_0, shape = {1024, 1024}
INFO:hf-to-gguf:a.blk.2.attn_out.output_max,           torch.bfloat16 --> F32, shape = {1}
INFO:hf-to-gguf:a.blk.2.attn_out.output_min,           torch.bfloat16 --> F32, shape = {1}
INFO:hf-to-gguf:a.blk.2.attn_q.input_max,              torch.bfloat16 --> F32, shape = {1}
INFO:hf-to-gguf:a.blk.2.attn_q.input_min,              torch.bfloat16 --> F32, shape = {1}
INFO:hf-to-gguf:a.blk.2.attn_q.weight,                 torch.bfloat16 --> Q8_0, shape = {1024, 1024}
INFO:hf-to-gguf:a.blk.2.attn_q.output_max,             torch.bfloat16 --> F32, shape = {1}
INFO:hf-to-gguf:a.blk.2.attn_q.output_min,             torch.bfloat16 --> F32, shape = {1}
INFO:hf-to-gguf:a.blk.2.attn_k_rel.weight,             torch.bfloat16 --> Q8_0, shape = {1024, 1024}
INFO:hf-to-gguf:a.blk.2.attn_v.input_max,              torch.bfloat16 --> F32, shape = {1}
INFO:hf-to-gguf:a.blk.2.attn_v.input_min,              torch.bfloat16 --> F32, shape = {1}
INFO:hf-to-gguf:a.blk.2.attn_v.weight,                 torch.bfloat16 --> Q8_0, shape = {1024, 1024}
INFO:hf-to-gguf:a.blk.2.attn_v.output_max,             torch.bfloat16 --> F32, shape = {1}
INFO:hf-to-gguf:a.blk.2.attn_v.output_min,             torch.bfloat16 --> F32, shape = {1}
INFO:hf-to-gguf:a.blk.3.ffn_up.input_max,              torch.bfloat16 --> F32, shape = {1}
INFO:hf-to-gguf:a.blk.3.ffn_up.input_min,              torch.bfloat16 --> F32, shape = {1}
INFO:hf-to-gguf:a.blk.3.ffn_up.weight,                 torch.bfloat16 --> Q8_0, shape = {1024, 4096}
INFO:hf-to-gguf:a.blk.3.ffn_up.output_max,             torch.bfloat16 --> F32, shape = {1}
INFO:hf-to-gguf:a.blk.3.ffn_up.output_min,             torch.bfloat16 --> F32, shape = {1}
INFO:hf-to-gguf:a.blk.3.ffn_down.input_max,            torch.bfloat16 --> F32, shape = {1}
INFO:hf-to-gguf:a.blk.3.ffn_down.input_min,            torch.bfloat16 --> F32, shape = {1}
INFO:hf-to-gguf:a.blk.3.ffn_down.weight,               torch.bfloat16 --> Q8_0, shape = {4096, 1024}
INFO:hf-to-gguf:a.blk.3.ffn_down.output_max,           torch.bfloat16 --> F32, shape = {1}
INFO:hf-to-gguf:a.blk.3.ffn_down.output_min,           torch.bfloat16 --> F32, shape = {1}
INFO:hf-to-gguf:a.blk.3.ffn_post_norm.weight,          torch.bfloat16 --> F32, shape = {1024}
INFO:hf-to-gguf:a.blk.3.ffn_norm.weight,               torch.bfloat16 --> F32, shape = {1024}
INFO:hf-to-gguf:a.blk.3.ffn_up_1.input_max,            torch.bfloat16 --> F32, shape = {1}
INFO:hf-to-gguf:a.blk.3.ffn_up_1.input_min,            torch.bfloat16 --> F32, shape = {1}
INFO:hf-to-gguf:a.blk.3.ffn_up_1.weight,               torch.bfloat16 --> Q8_0, shape = {1024, 4096}
INFO:hf-to-gguf:a.blk.3.ffn_up_1.output_max,           torch.bfloat16 --> F32, shape = {1}
INFO:hf-to-gguf:a.blk.3.ffn_up_1.output_min,           torch.bfloat16 --> F32, shape = {1}
INFO:hf-to-gguf:a.blk.3.ffn_down_1.input_max,          torch.bfloat16 --> F32, shape = {1}
INFO:hf-to-gguf:a.blk.3.ffn_down_1.input_min,          torch.bfloat16 --> F32, shape = {1}
INFO:hf-to-gguf:a.blk.3.ffn_down_1.weight,             torch.bfloat16 --> Q8_0, shape = {4096, 1024}
INFO:hf-to-gguf:a.blk.3.ffn_down_1.output_max,         torch.bfloat16 --> F32, shape = {1}
INFO:hf-to-gguf:a.blk.3.ffn_down_1.output_min,         torch.bfloat16 --> F32, shape = {1}
INFO:hf-to-gguf:a.blk.3.ffn_post_norm_1.weight,        torch.bfloat16 --> F32, shape = {1024}
INFO:hf-to-gguf:a.blk.3.ffn_norm_1.weight,             torch.bfloat16 --> F32, shape = {1024}
INFO:hf-to-gguf:a.blk.3.norm_conv.weight,              torch.bfloat16 --> F32, shape = {1024}
INFO:hf-to-gguf:a.blk.3.conv_dw.weight,                torch.bfloat16 --> F32, shape = {5, 1024}
INFO:hf-to-gguf:a.blk.3.conv_pw2.input_max,            torch.bfloat16 --> F32, shape = {1}
INFO:hf-to-gguf:a.blk.3.conv_pw2.input_min,            torch.bfloat16 --> F32, shape = {1}
INFO:hf-to-gguf:a.blk.3.conv_pw2.weight,               torch.bfloat16 --> Q8_0, shape = {1024, 1024}
INFO:hf-to-gguf:a.blk.3.conv_pw2.output_max,           torch.bfloat16 --> F32, shape = {1}
INFO:hf-to-gguf:a.blk.3.conv_pw2.output_min,           torch.bfloat16 --> F32, shape = {1}
INFO:hf-to-gguf:a.blk.3.conv_pw1.input_max,            torch.bfloat16 --> F32, shape = {1}
INFO:hf-to-gguf:a.blk.3.conv_pw1.input_min,            torch.bfloat16 --> F32, shape = {1}
INFO:hf-to-gguf:a.blk.3.conv_pw1.weight,               torch.bfloat16 --> Q8_0, shape = {1024, 2048}
INFO:hf-to-gguf:a.blk.3.conv_pw1.output_max,           torch.bfloat16 --> F32, shape = {1}
INFO:hf-to-gguf:a.blk.3.conv_pw1.output_min,           torch.bfloat16 --> F32, shape = {1}
INFO:hf-to-gguf:a.blk.3.conv_norm.weight,              torch.bfloat16 --> F32, shape = {1024}
INFO:hf-to-gguf:a.blk.3.ln2.weight,                    torch.bfloat16 --> F32, shape = {1024}
INFO:hf-to-gguf:a.blk.3.attn_post_norm.weight,         torch.bfloat16 --> F32, shape = {1024}
INFO:hf-to-gguf:a.blk.3.attn_pre_norm.weight,          torch.bfloat16 --> F32, shape = {1024}
INFO:hf-to-gguf:a.blk.3.attn_k.input_max,              torch.bfloat16 --> F32, shape = {1}
INFO:hf-to-gguf:a.blk.3.attn_k.input_min,              torch.bfloat16 --> F32, shape = {1}
INFO:hf-to-gguf:a.blk.3.attn_k.weight,                 torch.bfloat16 --> Q8_0, shape = {1024, 1024}
INFO:hf-to-gguf:a.blk.3.attn_k.output_max,             torch.bfloat16 --> F32, shape = {1}
INFO:hf-to-gguf:a.blk.3.attn_k.output_min,             torch.bfloat16 --> F32, shape = {1}
INFO:hf-to-gguf:a.blk.3.per_dim_scale.weight,          torch.bfloat16 --> F32, shape = {128}
INFO:hf-to-gguf:a.blk.3.attn_out.input_max,            torch.bfloat16 --> F32, shape = {1}
INFO:hf-to-gguf:a.blk.3.attn_out.input_min,            torch.bfloat16 --> F32, shape = {1}
INFO:hf-to-gguf:a.blk.3.attn_out.weight,               torch.bfloat16 --> Q8_0, shape = {1024, 1024}
INFO:hf-to-gguf:a.blk.3.attn_out.output_max,           torch.bfloat16 --> F32, shape = {1}
INFO:hf-to-gguf:a.blk.3.attn_out.output_min,           torch.bfloat16 --> F32, shape = {1}
INFO:hf-to-gguf:a.blk.3.attn_q.input_max,              torch.bfloat16 --> F32, shape = {1}
INFO:hf-to-gguf:a.blk.3.attn_q.input_min,              torch.bfloat16 --> F32, shape = {1}
INFO:hf-to-gguf:a.blk.3.attn_q.weight,                 torch.bfloat16 --> Q8_0, shape = {1024, 1024}
INFO:hf-to-gguf:a.blk.3.attn_q.output_max,             torch.bfloat16 --> F32, shape = {1}
INFO:hf-to-gguf:a.blk.3.attn_q.output_min,             torch.bfloat16 --> F32, shape = {1}
INFO:hf-to-gguf:a.blk.3.attn_k_rel.weight,             torch.bfloat16 --> Q8_0, shape = {1024, 1024}
INFO:hf-to-gguf:a.blk.3.attn_v.input_max,              torch.bfloat16 --> F32, shape = {1}
INFO:hf-to-gguf:a.blk.3.attn_v.input_min,              torch.bfloat16 --> F32, shape = {1}
INFO:hf-to-gguf:a.blk.3.attn_v.weight,                 torch.bfloat16 --> Q8_0, shape = {1024, 1024}
INFO:hf-to-gguf:a.blk.3.attn_v.output_max,             torch.bfloat16 --> F32, shape = {1}
INFO:hf-to-gguf:a.blk.3.attn_v.output_min,             torch.bfloat16 --> F32, shape = {1}
INFO:hf-to-gguf:a.blk.4.ffn_up.input_max,              torch.bfloat16 --> F32, shape = {1}
INFO:hf-to-gguf:a.blk.4.ffn_up.input_min,              torch.bfloat16 --> F32, shape = {1}
INFO:hf-to-gguf:a.blk.4.ffn_up.weight,                 torch.bfloat16 --> Q8_0, shape = {1024, 4096}
INFO:hf-to-gguf:a.blk.4.ffn_up.output_max,             torch.bfloat16 --> F32, shape = {1}
INFO:hf-to-gguf:a.blk.4.ffn_up.output_min,             torch.bfloat16 --> F32, shape = {1}
INFO:hf-to-gguf:a.blk.4.ffn_down.input_max,            torch.bfloat16 --> F32, shape = {1}
INFO:hf-to-gguf:a.blk.4.ffn_down.input_min,            torch.bfloat16 --> F32, shape = {1}
INFO:hf-to-gguf:a.blk.4.ffn_down.weight,               torch.bfloat16 --> Q8_0, shape = {4096, 1024}
INFO:hf-to-gguf:a.blk.4.ffn_down.output_max,           torch.bfloat16 --> F32, shape = {1}
INFO:hf-to-gguf:a.blk.4.ffn_down.output_min,           torch.bfloat16 --> F32, shape = {1}
INFO:hf-to-gguf:a.blk.4.ffn_post_norm.weight,          torch.bfloat16 --> F32, shape = {1024}
INFO:hf-to-gguf:a.blk.4.ffn_norm.weight,               torch.bfloat16 --> F32, shape = {1024}
INFO:hf-to-gguf:a.blk.4.ffn_up_1.input_max,            torch.bfloat16 --> F32, shape = {1}
INFO:hf-to-gguf:a.blk.4.ffn_up_1.input_min,            torch.bfloat16 --> F32, shape = {1}
INFO:hf-to-gguf:a.blk.4.ffn_up_1.weight,               torch.bfloat16 --> Q8_0, shape = {1024, 4096}
INFO:hf-to-gguf:a.blk.4.ffn_up_1.output_max,           torch.bfloat16 --> F32, shape = {1}
INFO:hf-to-gguf:a.blk.4.ffn_up_1.output_min,           torch.bfloat16 --> F32, shape = {1}
INFO:hf-to-gguf:a.blk.4.ffn_down_1.input_max,          torch.bfloat16 --> F32, shape = {1}
INFO:hf-to-gguf:a.blk.4.ffn_down_1.input_min,          torch.bfloat16 --> F32, shape = {1}
INFO:hf-to-gguf:a.blk.4.ffn_down_1.weight,             torch.bfloat16 --> Q8_0, shape = {4096, 1024}
INFO:hf-to-gguf:a.blk.4.ffn_down_1.output_max,         torch.bfloat16 --> F32, shape = {1}
INFO:hf-to-gguf:a.blk.4.ffn_down_1.output_min,         torch.bfloat16 --> F32, shape = {1}
INFO:hf-to-gguf:a.blk.4.ffn_post_norm_1.weight,        torch.bfloat16 --> F32, shape = {1024}
INFO:hf-to-gguf:a.blk.4.ffn_norm_1.weight,             torch.bfloat16 --> F32, shape = {1024}
INFO:hf-to-gguf:a.blk.4.norm_conv.weight,              torch.bfloat16 --> F32, shape = {1024}
INFO:hf-to-gguf:a.blk.4.conv_dw.weight,                torch.bfloat16 --> F32, shape = {5, 1024}
INFO:hf-to-gguf:a.blk.4.conv_pw2.input_max,            torch.bfloat16 --> F32, shape = {1}
INFO:hf-to-gguf:a.blk.4.conv_pw2.input_min,            torch.bfloat16 --> F32, shape = {1}
INFO:hf-to-gguf:a.blk.4.conv_pw2.weight,               torch.bfloat16 --> Q8_0, shape = {1024, 1024}
INFO:hf-to-gguf:a.blk.4.conv_pw2.output_max,           torch.bfloat16 --> F32, shape = {1}
INFO:hf-to-gguf:a.blk.4.conv_pw2.output_min,           torch.bfloat16 --> F32, shape = {1}
INFO:hf-to-gguf:a.blk.4.conv_pw1.input_max,            torch.bfloat16 --> F32, shape = {1}
INFO:hf-to-gguf:a.blk.4.conv_pw1.input_min,            torch.bfloat16 --> F32, shape = {1}
INFO:hf-to-gguf:a.blk.4.conv_pw1.weight,               torch.bfloat16 --> Q8_0, shape = {1024, 2048}
INFO:hf-to-gguf:a.blk.4.conv_pw1.output_max,           torch.bfloat16 --> F32, shape = {1}
INFO:hf-to-gguf:a.blk.4.conv_pw1.output_min,           torch.bfloat16 --> F32, shape = {1}
INFO:hf-to-gguf:a.blk.4.conv_norm.weight,              torch.bfloat16 --> F32, shape = {1024}
INFO:hf-to-gguf:a.blk.4.ln2.weight,                    torch.bfloat16 --> F32, shape = {1024}
INFO:hf-to-gguf:a.blk.4.attn_post_norm.weight,         torch.bfloat16 --> F32, shape = {1024}
INFO:hf-to-gguf:a.blk.4.attn_pre_norm.weight,          torch.bfloat16 --> F32, shape = {1024}
INFO:hf-to-gguf:a.blk.4.attn_k.input_max,              torch.bfloat16 --> F32, shape = {1}
INFO:hf-to-gguf:a.blk.4.attn_k.input_min,              torch.bfloat16 --> F32, shape = {1}
INFO:hf-to-gguf:a.blk.4.attn_k.weight,                 torch.bfloat16 --> Q8_0, shape = {1024, 1024}
INFO:hf-to-gguf:a.blk.4.attn_k.output_max,             torch.bfloat16 --> F32, shape = {1}
INFO:hf-to-gguf:a.blk.4.attn_k.output_min,             torch.bfloat16 --> F32, shape = {1}
INFO:hf-to-gguf:a.blk.4.per_dim_scale.weight,          torch.bfloat16 --> F32, shape = {128}
INFO:hf-to-gguf:a.blk.4.attn_out.input_max,            torch.bfloat16 --> F32, shape = {1}
INFO:hf-to-gguf:a.blk.4.attn_out.input_min,            torch.bfloat16 --> F32, shape = {1}
INFO:hf-to-gguf:a.blk.4.attn_out.weight,               torch.bfloat16 --> Q8_0, shape = {1024, 1024}
INFO:hf-to-gguf:a.blk.4.attn_out.output_max,           torch.bfloat16 --> F32, shape = {1}
INFO:hf-to-gguf:a.blk.4.attn_out.output_min,           torch.bfloat16 --> F32, shape = {1}
INFO:hf-to-gguf:a.blk.4.attn_q.input_max,              torch.bfloat16 --> F32, shape = {1}
INFO:hf-to-gguf:a.blk.4.attn_q.input_min,              torch.bfloat16 --> F32, shape = {1}
INFO:hf-to-gguf:a.blk.4.attn_q.weight,                 torch.bfloat16 --> Q8_0, shape = {1024, 1024}
INFO:hf-to-gguf:a.blk.4.attn_q.output_max,             torch.bfloat16 --> F32, shape = {1}
INFO:hf-to-gguf:a.blk.4.attn_q.output_min,             torch.bfloat16 --> F32, shape = {1}
INFO:hf-to-gguf:a.blk.4.attn_k_rel.weight,             torch.bfloat16 --> Q8_0, shape = {1024, 1024}
INFO:hf-to-gguf:a.blk.4.attn_v.input_max,              torch.bfloat16 --> F32, shape = {1}
INFO:hf-to-gguf:a.blk.4.attn_v.input_min,              torch.bfloat16 --> F32, shape = {1}
INFO:hf-to-gguf:a.blk.4.attn_v.weight,                 torch.bfloat16 --> Q8_0, shape = {1024, 1024}
INFO:hf-to-gguf:a.blk.4.attn_v.output_max,             torch.bfloat16 --> F32, shape = {1}
INFO:hf-to-gguf:a.blk.4.attn_v.output_min,             torch.bfloat16 --> F32, shape = {1}
INFO:hf-to-gguf:a.blk.5.ffn_up.input_max,              torch.bfloat16 --> F32, shape = {1}
INFO:hf-to-gguf:a.blk.5.ffn_up.input_min,              torch.bfloat16 --> F32, shape = {1}
INFO:hf-to-gguf:a.blk.5.ffn_up.weight,                 torch.bfloat16 --> Q8_0, shape = {1024, 4096}
INFO:hf-to-gguf:a.blk.5.ffn_up.output_max,             torch.bfloat16 --> F32, shape = {1}
INFO:hf-to-gguf:a.blk.5.ffn_up.output_min,             torch.bfloat16 --> F32, shape = {1}
INFO:hf-to-gguf:a.blk.5.ffn_down.input_max,            torch.bfloat16 --> F32, shape = {1}
INFO:hf-to-gguf:a.blk.5.ffn_down.input_min,            torch.bfloat16 --> F32, shape = {1}
INFO:hf-to-gguf:a.blk.5.ffn_down.weight,               torch.bfloat16 --> Q8_0, shape = {4096, 1024}
INFO:hf-to-gguf:a.blk.5.ffn_down.output_max,           torch.bfloat16 --> F32, shape = {1}
INFO:hf-to-gguf:a.blk.5.ffn_down.output_min,           torch.bfloat16 --> F32, shape = {1}
INFO:hf-to-gguf:a.blk.5.ffn_post_norm.weight,          torch.bfloat16 --> F32, shape = {1024}
INFO:hf-to-gguf:a.blk.5.ffn_norm.weight,               torch.bfloat16 --> F32, shape = {1024}
INFO:hf-to-gguf:a.blk.5.ffn_up_1.input_max,            torch.bfloat16 --> F32, shape = {1}
INFO:hf-to-gguf:a.blk.5.ffn_up_1.input_min,            torch.bfloat16 --> F32, shape = {1}
INFO:hf-to-gguf:a.blk.5.ffn_up_1.weight,               torch.bfloat16 --> Q8_0, shape = {1024, 4096}
INFO:hf-to-gguf:a.blk.5.ffn_up_1.output_max,           torch.bfloat16 --> F32, shape = {1}
INFO:hf-to-gguf:a.blk.5.ffn_up_1.output_min,           torch.bfloat16 --> F32, shape = {1}
INFO:hf-to-gguf:a.blk.5.ffn_down_1.input_max,          torch.bfloat16 --> F32, shape = {1}
INFO:hf-to-gguf:a.blk.5.ffn_down_1.input_min,          torch.bfloat16 --> F32, shape = {1}
INFO:hf-to-gguf:a.blk.5.ffn_down_1.weight,             torch.bfloat16 --> Q8_0, shape = {4096, 1024}
INFO:hf-to-gguf:a.blk.5.ffn_down_1.output_max,         torch.bfloat16 --> F32, shape = {1}
INFO:hf-to-gguf:a.blk.5.ffn_down_1.output_min,         torch.bfloat16 --> F32, shape = {1}
INFO:hf-to-gguf:a.blk.5.ffn_post_norm_1.weight,        torch.bfloat16 --> F32, shape = {1024}
INFO:hf-to-gguf:a.blk.5.ffn_norm_1.weight,             torch.bfloat16 --> F32, shape = {1024}
INFO:hf-to-gguf:a.blk.5.norm_conv.weight,              torch.bfloat16 --> F32, shape = {1024}
INFO:hf-to-gguf:a.blk.5.conv_dw.weight,                torch.bfloat16 --> F32, shape = {5, 1024}
INFO:hf-to-gguf:a.blk.5.conv_pw2.input_max,            torch.bfloat16 --> F32, shape = {1}
INFO:hf-to-gguf:a.blk.5.conv_pw2.input_min,            torch.bfloat16 --> F32, shape = {1}
INFO:hf-to-gguf:a.blk.5.conv_pw2.weight,               torch.bfloat16 --> Q8_0, shape = {1024, 1024}
INFO:hf-to-gguf:a.blk.5.conv_pw2.output_max,           torch.bfloat16 --> F32, shape = {1}
INFO:hf-to-gguf:a.blk.5.conv_pw2.output_min,           torch.bfloat16 --> F32, shape = {1}
INFO:hf-to-gguf:a.blk.5.conv_pw1.input_max,            torch.bfloat16 --> F32, shape = {1}
INFO:hf-to-gguf:a.blk.5.conv_pw1.input_min,            torch.bfloat16 --> F32, shape = {1}
INFO:hf-to-gguf:a.blk.5.conv_pw1.weight,               torch.bfloat16 --> Q8_0, shape = {1024, 2048}
INFO:hf-to-gguf:a.blk.5.conv_pw1.output_max,           torch.bfloat16 --> F32, shape = {1}
INFO:hf-to-gguf:a.blk.5.conv_pw1.output_min,           torch.bfloat16 --> F32, shape = {1}
INFO:hf-to-gguf:a.blk.5.conv_norm.weight,              torch.bfloat16 --> F32, shape = {1024}
INFO:hf-to-gguf:a.blk.5.ln2.weight,                    torch.bfloat16 --> F32, shape = {1024}
INFO:hf-to-gguf:a.blk.5.attn_post_norm.weight,         torch.bfloat16 --> F32, shape = {1024}
INFO:hf-to-gguf:a.blk.5.attn_pre_norm.weight,          torch.bfloat16 --> F32, shape = {1024}
INFO:hf-to-gguf:a.blk.5.attn_k.input_max,              torch.bfloat16 --> F32, shape = {1}
INFO:hf-to-gguf:a.blk.5.attn_k.input_min,              torch.bfloat16 --> F32, shape = {1}
INFO:hf-to-gguf:a.blk.5.attn_k.weight,                 torch.bfloat16 --> Q8_0, shape = {1024, 1024}
INFO:hf-to-gguf:a.blk.5.attn_k.output_max,             torch.bfloat16 --> F32, shape = {1}
INFO:hf-to-gguf:a.blk.5.attn_k.output_min,             torch.bfloat16 --> F32, shape = {1}
INFO:hf-to-gguf:a.blk.5.per_dim_scale.weight,          torch.bfloat16 --> F32, shape = {128}
INFO:hf-to-gguf:a.blk.5.attn_out.input_max,            torch.bfloat16 --> F32, shape = {1}
INFO:hf-to-gguf:a.blk.5.attn_out.input_min,            torch.bfloat16 --> F32, shape = {1}
INFO:hf-to-gguf:a.blk.5.attn_out.weight,               torch.bfloat16 --> Q8_0, shape = {1024, 1024}
INFO:hf-to-gguf:a.blk.5.attn_out.output_max,           torch.bfloat16 --> F32, shape = {1}
INFO:hf-to-gguf:a.blk.5.attn_out.output_min,           torch.bfloat16 --> F32, shape = {1}
INFO:hf-to-gguf:a.blk.5.attn_q.input_max,              torch.bfloat16 --> F32, shape = {1}
INFO:hf-to-gguf:a.blk.5.attn_q.input_min,              torch.bfloat16 --> F32, shape = {1}
INFO:hf-to-gguf:a.blk.5.attn_q.weight,                 torch.bfloat16 --> Q8_0, shape = {1024, 1024}
INFO:hf-to-gguf:a.blk.5.attn_q.output_max,             torch.bfloat16 --> F32, shape = {1}
INFO:hf-to-gguf:a.blk.5.attn_q.output_min,             torch.bfloat16 --> F32, shape = {1}
INFO:hf-to-gguf:a.blk.5.attn_k_rel.weight,             torch.bfloat16 --> Q8_0, shape = {1024, 1024}
INFO:hf-to-gguf:a.blk.5.attn_v.input_max,              torch.bfloat16 --> F32, shape = {1}
INFO:hf-to-gguf:a.blk.5.attn_v.input_min,              torch.bfloat16 --> F32, shape = {1}
INFO:hf-to-gguf:a.blk.5.attn_v.weight,                 torch.bfloat16 --> Q8_0, shape = {1024, 1024}
INFO:hf-to-gguf:a.blk.5.attn_v.output_max,             torch.bfloat16 --> F32, shape = {1}
INFO:hf-to-gguf:a.blk.5.attn_v.output_min,             torch.bfloat16 --> F32, shape = {1}
INFO:hf-to-gguf:a.blk.6.ffn_up.input_max,              torch.bfloat16 --> F32, shape = {1}
INFO:hf-to-gguf:a.blk.6.ffn_up.input_min,              torch.bfloat16 --> F32, shape = {1}
INFO:hf-to-gguf:a.blk.6.ffn_up.weight,                 torch.bfloat16 --> Q8_0, shape = {1024, 4096}
INFO:hf-to-gguf:a.blk.6.ffn_up.output_max,             torch.bfloat16 --> F32, shape = {1}
INFO:hf-to-gguf:a.blk.6.ffn_up.output_min,             torch.bfloat16 --> F32, shape = {1}
INFO:hf-to-gguf:a.blk.6.ffn_down.input_max,            torch.bfloat16 --> F32, shape = {1}
INFO:hf-to-gguf:a.blk.6.ffn_down.input_min,            torch.bfloat16 --> F32, shape = {1}
INFO:hf-to-gguf:a.blk.6.ffn_down.weight,               torch.bfloat16 --> Q8_0, shape = {4096, 1024}
INFO:hf-to-gguf:a.blk.6.ffn_down.output_max,           torch.bfloat16 --> F32, shape = {1}
INFO:hf-to-gguf:a.blk.6.ffn_down.output_min,           torch.bfloat16 --> F32, shape = {1}
INFO:hf-to-gguf:a.blk.6.ffn_post_norm.weight,          torch.bfloat16 --> F32, shape = {1024}
INFO:hf-to-gguf:a.blk.6.ffn_norm.weight,               torch.bfloat16 --> F32, shape = {1024}
INFO:hf-to-gguf:a.blk.6.ffn_up_1.input_max,            torch.bfloat16 --> F32, shape = {1}
INFO:hf-to-gguf:a.blk.6.ffn_up_1.input_min,            torch.bfloat16 --> F32, shape = {1}
INFO:hf-to-gguf:a.blk.6.ffn_up_1.weight,               torch.bfloat16 --> Q8_0, shape = {1024, 4096}
INFO:hf-to-gguf:a.blk.6.ffn_up_1.output_max,           torch.bfloat16 --> F32, shape = {1}
INFO:hf-to-gguf:a.blk.6.ffn_up_1.output_min,           torch.bfloat16 --> F32, shape = {1}
INFO:hf-to-gguf:a.blk.6.ffn_down_1.input_max,          torch.bfloat16 --> F32, shape = {1}
INFO:hf-to-gguf:a.blk.6.ffn_down_1.input_min,          torch.bfloat16 --> F32, shape = {1}
INFO:hf-to-gguf:a.blk.6.ffn_down_1.weight,             torch.bfloat16 --> Q8_0, shape = {4096, 1024}
INFO:hf-to-gguf:a.blk.6.ffn_down_1.output_max,         torch.bfloat16 --> F32, shape = {1}
INFO:hf-to-gguf:a.blk.6.ffn_down_1.output_min,         torch.bfloat16 --> F32, shape = {1}
INFO:hf-to-gguf:a.blk.6.ffn_post_norm_1.weight,        torch.bfloat16 --> F32, shape = {1024}
INFO:hf-to-gguf:a.blk.6.ffn_norm_1.weight,             torch.bfloat16 --> F32, shape = {1024}
INFO:hf-to-gguf:a.blk.6.norm_conv.weight,              torch.bfloat16 --> F32, shape = {1024}
INFO:hf-to-gguf:a.blk.6.conv_dw.weight,                torch.bfloat16 --> F32, shape = {5, 1024}
INFO:hf-to-gguf:a.blk.6.conv_pw2.input_max,            torch.bfloat16 --> F32, shape = {1}
INFO:hf-to-gguf:a.blk.6.conv_pw2.input_min,            torch.bfloat16 --> F32, shape = {1}
INFO:hf-to-gguf:a.blk.6.conv_pw2.weight,               torch.bfloat16 --> Q8_0, shape = {1024, 1024}
INFO:hf-to-gguf:a.blk.6.conv_pw2.output_max,           torch.bfloat16 --> F32, shape = {1}
INFO:hf-to-gguf:a.blk.6.conv_pw2.output_min,           torch.bfloat16 --> F32, shape = {1}
INFO:hf-to-gguf:a.blk.6.conv_pw1.input_max,            torch.bfloat16 --> F32, shape = {1}
INFO:hf-to-gguf:a.blk.6.conv_pw1.input_min,            torch.bfloat16 --> F32, shape = {1}
INFO:hf-to-gguf:a.blk.6.conv_pw1.weight,               torch.bfloat16 --> Q8_0, shape = {1024, 2048}
INFO:hf-to-gguf:a.blk.6.conv_pw1.output_max,           torch.bfloat16 --> F32, shape = {1}
INFO:hf-to-gguf:a.blk.6.conv_pw1.output_min,           torch.bfloat16 --> F32, shape = {1}
INFO:hf-to-gguf:a.blk.6.conv_norm.weight,              torch.bfloat16 --> F32, shape = {1024}
INFO:hf-to-gguf:a.blk.6.ln2.weight,                    torch.bfloat16 --> F32, shape = {1024}
INFO:hf-to-gguf:a.blk.6.attn_post_norm.weight,         torch.bfloat16 --> F32, shape = {1024}
INFO:hf-to-gguf:a.blk.6.attn_pre_norm.weight,          torch.bfloat16 --> F32, shape = {1024}
INFO:hf-to-gguf:a.blk.6.attn_k.input_max,              torch.bfloat16 --> F32, shape = {1}
INFO:hf-to-gguf:a.blk.6.attn_k.input_min,              torch.bfloat16 --> F32, shape = {1}
INFO:hf-to-gguf:a.blk.6.attn_k.weight,                 torch.bfloat16 --> Q8_0, shape = {1024, 1024}
INFO:hf-to-gguf:a.blk.6.attn_k.output_max,             torch.bfloat16 --> F32, shape = {1}
INFO:hf-to-gguf:a.blk.6.attn_k.output_min,             torch.bfloat16 --> F32, shape = {1}
INFO:hf-to-gguf:a.blk.6.per_dim_scale.weight,          torch.bfloat16 --> F32, shape = {128}
INFO:hf-to-gguf:a.blk.6.attn_out.input_max,            torch.bfloat16 --> F32, shape = {1}
INFO:hf-to-gguf:a.blk.6.attn_out.input_min,            torch.bfloat16 --> F32, shape = {1}
INFO:hf-to-gguf:a.blk.6.attn_out.weight,               torch.bfloat16 --> Q8_0, shape = {1024, 1024}
INFO:hf-to-gguf:a.blk.6.attn_out.output_max,           torch.bfloat16 --> F32, shape = {1}
INFO:hf-to-gguf:a.blk.6.attn_out.output_min,           torch.bfloat16 --> F32, shape = {1}
INFO:hf-to-gguf:a.blk.6.attn_q.input_max,              torch.bfloat16 --> F32, shape = {1}
INFO:hf-to-gguf:a.blk.6.attn_q.input_min,              torch.bfloat16 --> F32, shape = {1}
INFO:hf-to-gguf:a.blk.6.attn_q.weight,                 torch.bfloat16 --> Q8_0, shape = {1024, 1024}
INFO:hf-to-gguf:a.blk.6.attn_q.output_max,             torch.bfloat16 --> F32, shape = {1}
INFO:hf-to-gguf:a.blk.6.attn_q.output_min,             torch.bfloat16 --> F32, shape = {1}
INFO:hf-to-gguf:a.blk.6.attn_k_rel.weight,             torch.bfloat16 --> Q8_0, shape = {1024, 1024}
INFO:hf-to-gguf:a.blk.6.attn_v.input_max,              torch.bfloat16 --> F32, shape = {1}
INFO:hf-to-gguf:a.blk.6.attn_v.input_min,              torch.bfloat16 --> F32, shape = {1}
INFO:hf-to-gguf:a.blk.6.attn_v.weight,                 torch.bfloat16 --> Q8_0, shape = {1024, 1024}
INFO:hf-to-gguf:a.blk.6.attn_v.output_max,             torch.bfloat16 --> F32, shape = {1}
INFO:hf-to-gguf:a.blk.6.attn_v.output_min,             torch.bfloat16 --> F32, shape = {1}
INFO:hf-to-gguf:a.blk.7.ffn_up.input_max,              torch.bfloat16 --> F32, shape = {1}
INFO:hf-to-gguf:a.blk.7.ffn_up.input_min,              torch.bfloat16 --> F32, shape = {1}
INFO:hf-to-gguf:a.blk.7.ffn_up.weight,                 torch.bfloat16 --> Q8_0, shape = {1024, 4096}
INFO:hf-to-gguf:a.blk.7.ffn_up.output_max,             torch.bfloat16 --> F32, shape = {1}
INFO:hf-to-gguf:a.blk.7.ffn_up.output_min,             torch.bfloat16 --> F32, shape = {1}
INFO:hf-to-gguf:a.blk.7.ffn_down.input_max,            torch.bfloat16 --> F32, shape = {1}
INFO:hf-to-gguf:a.blk.7.ffn_down.input_min,            torch.bfloat16 --> F32, shape = {1}
INFO:hf-to-gguf:a.blk.7.ffn_down.weight,               torch.bfloat16 --> Q8_0, shape = {4096, 1024}
INFO:hf-to-gguf:a.blk.7.ffn_down.output_max,           torch.bfloat16 --> F32, shape = {1}
INFO:hf-to-gguf:a.blk.7.ffn_down.output_min,           torch.bfloat16 --> F32, shape = {1}
INFO:hf-to-gguf:a.blk.7.ffn_post_norm.weight,          torch.bfloat16 --> F32, shape = {1024}
INFO:hf-to-gguf:a.blk.7.ffn_norm.weight,               torch.bfloat16 --> F32, shape = {1024}
INFO:hf-to-gguf:a.blk.7.ffn_up_1.input_max,            torch.bfloat16 --> F32, shape = {1}
INFO:hf-to-gguf:a.blk.7.ffn_up_1.input_min,            torch.bfloat16 --> F32, shape = {1}
INFO:hf-to-gguf:a.blk.7.ffn_up_1.weight,               torch.bfloat16 --> Q8_0, shape = {1024, 4096}
INFO:hf-to-gguf:a.blk.7.ffn_up_1.output_max,           torch.bfloat16 --> F32, shape = {1}
INFO:hf-to-gguf:a.blk.7.ffn_up_1.output_min,           torch.bfloat16 --> F32, shape = {1}
INFO:hf-to-gguf:a.blk.7.ffn_down_1.input_max,          torch.bfloat16 --> F32, shape = {1}
INFO:hf-to-gguf:a.blk.7.ffn_down_1.input_min,          torch.bfloat16 --> F32, shape = {1}
INFO:hf-to-gguf:a.blk.7.ffn_down_1.weight,             torch.bfloat16 --> Q8_0, shape = {4096, 1024}
INFO:hf-to-gguf:a.blk.7.ffn_down_1.output_max,         torch.bfloat16 --> F32, shape = {1}
INFO:hf-to-gguf:a.blk.7.ffn_down_1.output_min,         torch.bfloat16 --> F32, shape = {1}
INFO:hf-to-gguf:a.blk.7.ffn_post_norm_1.weight,        torch.bfloat16 --> F32, shape = {1024}
INFO:hf-to-gguf:a.blk.7.ffn_norm_1.weight,             torch.bfloat16 --> F32, shape = {1024}
INFO:hf-to-gguf:a.blk.7.norm_conv.weight,              torch.bfloat16 --> F32, shape = {1024}
INFO:hf-to-gguf:a.blk.7.conv_dw.weight,                torch.bfloat16 --> F32, shape = {5, 1024}
INFO:hf-to-gguf:a.blk.7.conv_pw2.input_max,            torch.bfloat16 --> F32, shape = {1}
INFO:hf-to-gguf:a.blk.7.conv_pw2.input_min,            torch.bfloat16 --> F32, shape = {1}
INFO:hf-to-gguf:a.blk.7.conv_pw2.weight,               torch.bfloat16 --> Q8_0, shape = {1024, 1024}
INFO:hf-to-gguf:a.blk.7.conv_pw2.output_max,           torch.bfloat16 --> F32, shape = {1}
INFO:hf-to-gguf:a.blk.7.conv_pw2.output_min,           torch.bfloat16 --> F32, shape = {1}
INFO:hf-to-gguf:a.blk.7.conv_pw1.input_max,            torch.bfloat16 --> F32, shape = {1}
INFO:hf-to-gguf:a.blk.7.conv_pw1.input_min,            torch.bfloat16 --> F32, shape = {1}
INFO:hf-to-gguf:a.blk.7.conv_pw1.weight,               torch.bfloat16 --> Q8_0, shape = {1024, 2048}
INFO:hf-to-gguf:a.blk.7.conv_pw1.output_max,           torch.bfloat16 --> F32, shape = {1}
INFO:hf-to-gguf:a.blk.7.conv_pw1.output_min,           torch.bfloat16 --> F32, shape = {1}
INFO:hf-to-gguf:a.blk.7.conv_norm.weight,              torch.bfloat16 --> F32, shape = {1024}
INFO:hf-to-gguf:a.blk.7.ln2.weight,                    torch.bfloat16 --> F32, shape = {1024}
INFO:hf-to-gguf:a.blk.7.attn_post_norm.weight,         torch.bfloat16 --> F32, shape = {1024}
INFO:hf-to-gguf:a.blk.7.attn_pre_norm.weight,          torch.bfloat16 --> F32, shape = {1024}
INFO:hf-to-gguf:a.blk.7.attn_k.input_max,              torch.bfloat16 --> F32, shape = {1}
INFO:hf-to-gguf:a.blk.7.attn_k.input_min,              torch.bfloat16 --> F32, shape = {1}
INFO:hf-to-gguf:a.blk.7.attn_k.weight,                 torch.bfloat16 --> Q8_0, shape = {1024, 1024}
INFO:hf-to-gguf:a.blk.7.attn_k.output_max,             torch.bfloat16 --> F32, shape = {1}
INFO:hf-to-gguf:a.blk.7.attn_k.output_min,             torch.bfloat16 --> F32, shape = {1}
INFO:hf-to-gguf:a.blk.7.per_dim_scale.weight,          torch.bfloat16 --> F32, shape = {128}
INFO:hf-to-gguf:a.blk.7.attn_out.input_max,            torch.bfloat16 --> F32, shape = {1}
INFO:hf-to-gguf:a.blk.7.attn_out.input_min,            torch.bfloat16 --> F32, shape = {1}
INFO:hf-to-gguf:a.blk.7.attn_out.weight,               torch.bfloat16 --> Q8_0, shape = {1024, 1024}
INFO:hf-to-gguf:a.blk.7.attn_out.output_max,           torch.bfloat16 --> F32, shape = {1}
INFO:hf-to-gguf:a.blk.7.attn_out.output_min,           torch.bfloat16 --> F32, shape = {1}
INFO:hf-to-gguf:a.blk.7.attn_q.input_max,              torch.bfloat16 --> F32, shape = {1}
INFO:hf-to-gguf:a.blk.7.attn_q.input_min,              torch.bfloat16 --> F32, shape = {1}
INFO:hf-to-gguf:a.blk.7.attn_q.weight,                 torch.bfloat16 --> Q8_0, shape = {1024, 1024}
INFO:hf-to-gguf:a.blk.7.attn_q.output_max,             torch.bfloat16 --> F32, shape = {1}
INFO:hf-to-gguf:a.blk.7.attn_q.output_min,             torch.bfloat16 --> F32, shape = {1}
INFO:hf-to-gguf:a.blk.7.attn_k_rel.weight,             torch.bfloat16 --> Q8_0, shape = {1024, 1024}
INFO:hf-to-gguf:a.blk.7.attn_v.input_max,              torch.bfloat16 --> F32, shape = {1}
INFO:hf-to-gguf:a.blk.7.attn_v.input_min,              torch.bfloat16 --> F32, shape = {1}
INFO:hf-to-gguf:a.blk.7.attn_v.weight,                 torch.bfloat16 --> Q8_0, shape = {1024, 1024}
INFO:hf-to-gguf:a.blk.7.attn_v.output_max,             torch.bfloat16 --> F32, shape = {1}
INFO:hf-to-gguf:a.blk.7.attn_v.output_min,             torch.bfloat16 --> F32, shape = {1}
INFO:hf-to-gguf:a.blk.8.ffn_up.input_max,              torch.bfloat16 --> F32, shape = {1}
INFO:hf-to-gguf:a.blk.8.ffn_up.input_min,              torch.bfloat16 --> F32, shape = {1}
INFO:hf-to-gguf:a.blk.8.ffn_up.weight,                 torch.bfloat16 --> Q8_0, shape = {1024, 4096}
INFO:hf-to-gguf:a.blk.8.ffn_up.output_max,             torch.bfloat16 --> F32, shape = {1}
INFO:hf-to-gguf:a.blk.8.ffn_up.output_min,             torch.bfloat16 --> F32, shape = {1}
INFO:hf-to-gguf:a.blk.8.ffn_down.input_max,            torch.bfloat16 --> F32, shape = {1}
INFO:hf-to-gguf:a.blk.8.ffn_down.input_min,            torch.bfloat16 --> F32, shape = {1}
INFO:hf-to-gguf:a.blk.8.ffn_down.weight,               torch.bfloat16 --> Q8_0, shape = {4096, 1024}
INFO:hf-to-gguf:a.blk.8.ffn_down.output_max,           torch.bfloat16 --> F32, shape = {1}
INFO:hf-to-gguf:a.blk.8.ffn_down.output_min,           torch.bfloat16 --> F32, shape = {1}
INFO:hf-to-gguf:a.blk.8.ffn_post_norm.weight,          torch.bfloat16 --> F32, shape = {1024}
INFO:hf-to-gguf:a.blk.8.ffn_norm.weight,               torch.bfloat16 --> F32, shape = {1024}
INFO:hf-to-gguf:a.blk.8.ffn_up_1.input_max,            torch.bfloat16 --> F32, shape = {1}
INFO:hf-to-gguf:a.blk.8.ffn_up_1.input_min,            torch.bfloat16 --> F32, shape = {1}
INFO:hf-to-gguf:a.blk.8.ffn_up_1.weight,               torch.bfloat16 --> Q8_0, shape = {1024, 4096}
INFO:hf-to-gguf:a.blk.8.ffn_up_1.output_max,           torch.bfloat16 --> F32, shape = {1}
INFO:hf-to-gguf:a.blk.8.ffn_up_1.output_min,           torch.bfloat16 --> F32, shape = {1}
INFO:hf-to-gguf:a.blk.8.ffn_down_1.input_max,          torch.bfloat16 --> F32, shape = {1}
INFO:hf-to-gguf:a.blk.8.ffn_down_1.input_min,          torch.bfloat16 --> F32, shape = {1}
INFO:hf-to-gguf:a.blk.8.ffn_down_1.weight,             torch.bfloat16 --> Q8_0, shape = {4096, 1024}
INFO:hf-to-gguf:a.blk.8.ffn_down_1.output_max,         torch.bfloat16 --> F32, shape = {1}
INFO:hf-to-gguf:a.blk.8.ffn_down_1.output_min,         torch.bfloat16 --> F32, shape = {1}
INFO:hf-to-gguf:a.blk.8.ffn_post_norm_1.weight,        torch.bfloat16 --> F32, shape = {1024}
INFO:hf-to-gguf:a.blk.8.ffn_norm_1.weight,             torch.bfloat16 --> F32, shape = {1024}
INFO:hf-to-gguf:a.blk.8.norm_conv.weight,              torch.bfloat16 --> F32, shape = {1024}
INFO:hf-to-gguf:a.blk.8.conv_dw.weight,                torch.bfloat16 --> F32, shape = {5, 1024}
INFO:hf-to-gguf:a.blk.8.conv_pw2.input_max,            torch.bfloat16 --> F32, shape = {1}
INFO:hf-to-gguf:a.blk.8.conv_pw2.input_min,            torch.bfloat16 --> F32, shape = {1}
INFO:hf-to-gguf:a.blk.8.conv_pw2.weight,               torch.bfloat16 --> Q8_0, shape = {1024, 1024}
INFO:hf-to-gguf:a.blk.8.conv_pw2.output_max,           torch.bfloat16 --> F32, shape = {1}
INFO:hf-to-gguf:a.blk.8.conv_pw2.output_min,           torch.bfloat16 --> F32, shape = {1}
INFO:hf-to-gguf:a.blk.8.conv_pw1.input_max,            torch.bfloat16 --> F32, shape = {1}
INFO:hf-to-gguf:a.blk.8.conv_pw1.input_min,            torch.bfloat16 --> F32, shape = {1}
INFO:hf-to-gguf:a.blk.8.conv_pw1.weight,               torch.bfloat16 --> Q8_0, shape = {1024, 2048}
INFO:hf-to-gguf:a.blk.8.conv_pw1.output_max,           torch.bfloat16 --> F32, shape = {1}
INFO:hf-to-gguf:a.blk.8.conv_pw1.output_min,           torch.bfloat16 --> F32, shape = {1}
INFO:hf-to-gguf:a.blk.8.conv_norm.weight,              torch.bfloat16 --> F32, shape = {1024}
INFO:hf-to-gguf:a.blk.8.ln2.weight,                    torch.bfloat16 --> F32, shape = {1024}
INFO:hf-to-gguf:a.blk.8.attn_post_norm.weight,         torch.bfloat16 --> F32, shape = {1024}
INFO:hf-to-gguf:a.blk.8.attn_pre_norm.weight,          torch.bfloat16 --> F32, shape = {1024}
INFO:hf-to-gguf:a.blk.8.attn_k.input_max,              torch.bfloat16 --> F32, shape = {1}
INFO:hf-to-gguf:a.blk.8.attn_k.input_min,              torch.bfloat16 --> F32, shape = {1}
INFO:hf-to-gguf:a.blk.8.attn_k.weight,                 torch.bfloat16 --> Q8_0, shape = {1024, 1024}
INFO:hf-to-gguf:a.blk.8.attn_k.output_max,             torch.bfloat16 --> F32, shape = {1}
INFO:hf-to-gguf:a.blk.8.attn_k.output_min,             torch.bfloat16 --> F32, shape = {1}
INFO:hf-to-gguf:a.blk.8.per_dim_scale.weight,          torch.bfloat16 --> F32, shape = {128}
INFO:hf-to-gguf:a.blk.8.attn_out.input_max,            torch.bfloat16 --> F32, shape = {1}
INFO:hf-to-gguf:a.blk.8.attn_out.input_min,            torch.bfloat16 --> F32, shape = {1}
INFO:hf-to-gguf:a.blk.8.attn_out.weight,               torch.bfloat16 --> Q8_0, shape = {1024, 1024}
INFO:hf-to-gguf:a.blk.8.attn_out.output_max,           torch.bfloat16 --> F32, shape = {1}
INFO:hf-to-gguf:a.blk.8.attn_out.output_min,           torch.bfloat16 --> F32, shape = {1}
INFO:hf-to-gguf:a.blk.8.attn_q.input_max,              torch.bfloat16 --> F32, shape = {1}
INFO:hf-to-gguf:a.blk.8.attn_q.input_min,              torch.bfloat16 --> F32, shape = {1}
INFO:hf-to-gguf:a.blk.8.attn_q.weight,                 torch.bfloat16 --> Q8_0, shape = {1024, 1024}
INFO:hf-to-gguf:a.blk.8.attn_q.output_max,             torch.bfloat16 --> F32, shape = {1}
INFO:hf-to-gguf:a.blk.8.attn_q.output_min,             torch.bfloat16 --> F32, shape = {1}
INFO:hf-to-gguf:a.blk.8.attn_k_rel.weight,             torch.bfloat16 --> Q8_0, shape = {1024, 1024}
INFO:hf-to-gguf:a.blk.8.attn_v.input_max,              torch.bfloat16 --> F32, shape = {1}
INFO:hf-to-gguf:a.blk.8.attn_v.input_min,              torch.bfloat16 --> F32, shape = {1}
INFO:hf-to-gguf:a.blk.8.attn_v.weight,                 torch.bfloat16 --> Q8_0, shape = {1024, 1024}
INFO:hf-to-gguf:a.blk.8.attn_v.output_max,             torch.bfloat16 --> F32, shape = {1}
INFO:hf-to-gguf:a.blk.8.attn_v.output_min,             torch.bfloat16 --> F32, shape = {1}
INFO:hf-to-gguf:a.blk.9.ffn_up.input_max,              torch.bfloat16 --> F32, shape = {1}
INFO:hf-to-gguf:a.blk.9.ffn_up.input_min,              torch.bfloat16 --> F32, shape = {1}
INFO:hf-to-gguf:a.blk.9.ffn_up.weight,                 torch.bfloat16 --> Q8_0, shape = {1024, 4096}
INFO:hf-to-gguf:a.blk.9.ffn_up.output_max,             torch.bfloat16 --> F32, shape = {1}
INFO:hf-to-gguf:a.blk.9.ffn_up.output_min,             torch.bfloat16 --> F32, shape = {1}
INFO:hf-to-gguf:a.blk.9.ffn_down.input_max,            torch.bfloat16 --> F32, shape = {1}
INFO:hf-to-gguf:a.blk.9.ffn_down.input_min,            torch.bfloat16 --> F32, shape = {1}
INFO:hf-to-gguf:a.blk.9.ffn_down.weight,               torch.bfloat16 --> Q8_0, shape = {4096, 1024}
INFO:hf-to-gguf:a.blk.9.ffn_down.output_max,           torch.bfloat16 --> F32, shape = {1}
INFO:hf-to-gguf:a.blk.9.ffn_down.output_min,           torch.bfloat16 --> F32, shape = {1}
INFO:hf-to-gguf:a.blk.9.ffn_post_norm.weight,          torch.bfloat16 --> F32, shape = {1024}
INFO:hf-to-gguf:a.blk.9.ffn_norm.weight,               torch.bfloat16 --> F32, shape = {1024}
INFO:hf-to-gguf:a.blk.9.ffn_up_1.input_max,            torch.bfloat16 --> F32, shape = {1}
INFO:hf-to-gguf:a.blk.9.ffn_up_1.input_min,            torch.bfloat16 --> F32, shape = {1}
INFO:hf-to-gguf:a.blk.9.ffn_up_1.weight,               torch.bfloat16 --> Q8_0, shape = {1024, 4096}
INFO:hf-to-gguf:a.blk.9.ffn_up_1.output_max,           torch.bfloat16 --> F32, shape = {1}
INFO:hf-to-gguf:a.blk.9.ffn_up_1.output_min,           torch.bfloat16 --> F32, shape = {1}
INFO:hf-to-gguf:a.blk.9.ffn_down_1.input_max,          torch.bfloat16 --> F32, shape = {1}
INFO:hf-to-gguf:a.blk.9.ffn_down_1.input_min,          torch.bfloat16 --> F32, shape = {1}
INFO:hf-to-gguf:a.blk.9.ffn_down_1.weight,             torch.bfloat16 --> Q8_0, shape = {4096, 1024}
INFO:hf-to-gguf:a.blk.9.ffn_down_1.output_max,         torch.bfloat16 --> F32, shape = {1}
INFO:hf-to-gguf:a.blk.9.ffn_down_1.output_min,         torch.bfloat16 --> F32, shape = {1}
INFO:hf-to-gguf:a.blk.9.ffn_post_norm_1.weight,        torch.bfloat16 --> F32, shape = {1024}
INFO:hf-to-gguf:a.blk.9.ffn_norm_1.weight,             torch.bfloat16 --> F32, shape = {1024}
INFO:hf-to-gguf:a.blk.9.norm_conv.weight,              torch.bfloat16 --> F32, shape = {1024}
INFO:hf-to-gguf:a.blk.9.conv_dw.weight,                torch.bfloat16 --> F32, shape = {5, 1024}
INFO:hf-to-gguf:a.blk.9.conv_pw2.input_max,            torch.bfloat16 --> F32, shape = {1}
INFO:hf-to-gguf:a.blk.9.conv_pw2.input_min,            torch.bfloat16 --> F32, shape = {1}
INFO:hf-to-gguf:a.blk.9.conv_pw2.weight,               torch.bfloat16 --> Q8_0, shape = {1024, 1024}
INFO:hf-to-gguf:a.blk.9.conv_pw2.output_max,           torch.bfloat16 --> F32, shape = {1}
INFO:hf-to-gguf:a.blk.9.conv_pw2.output_min,           torch.bfloat16 --> F32, shape = {1}
INFO:hf-to-gguf:a.blk.9.conv_pw1.input_max,            torch.bfloat16 --> F32, shape = {1}
INFO:hf-to-gguf:a.blk.9.conv_pw1.input_min,            torch.bfloat16 --> F32, shape = {1}
INFO:hf-to-gguf:a.blk.9.conv_pw1.weight,               torch.bfloat16 --> Q8_0, shape = {1024, 2048}
INFO:hf-to-gguf:a.blk.9.conv_pw1.output_max,           torch.bfloat16 --> F32, shape = {1}
INFO:hf-to-gguf:a.blk.9.conv_pw1.output_min,           torch.bfloat16 --> F32, shape = {1}
INFO:hf-to-gguf:a.blk.9.conv_norm.weight,              torch.bfloat16 --> F32, shape = {1024}
INFO:hf-to-gguf:a.blk.9.ln2.weight,                    torch.bfloat16 --> F32, shape = {1024}
INFO:hf-to-gguf:a.blk.9.attn_post_norm.weight,         torch.bfloat16 --> F32, shape = {1024}
INFO:hf-to-gguf:a.blk.9.attn_pre_norm.weight,          torch.bfloat16 --> F32, shape = {1024}
INFO:hf-to-gguf:a.blk.9.attn_k.input_max,              torch.bfloat16 --> F32, shape = {1}
INFO:hf-to-gguf:a.blk.9.attn_k.input_min,              torch.bfloat16 --> F32, shape = {1}
INFO:hf-to-gguf:a.blk.9.attn_k.weight,                 torch.bfloat16 --> Q8_0, shape = {1024, 1024}
INFO:hf-to-gguf:a.blk.9.attn_k.output_max,             torch.bfloat16 --> F32, shape = {1}
INFO:hf-to-gguf:a.blk.9.attn_k.output_min,             torch.bfloat16 --> F32, shape = {1}
INFO:hf-to-gguf:a.blk.9.per_dim_scale.weight,          torch.bfloat16 --> F32, shape = {128}
INFO:hf-to-gguf:a.blk.9.attn_out.input_max,            torch.bfloat16 --> F32, shape = {1}
INFO:hf-to-gguf:a.blk.9.attn_out.input_min,            torch.bfloat16 --> F32, shape = {1}
INFO:hf-to-gguf:a.blk.9.attn_out.weight,               torch.bfloat16 --> Q8_0, shape = {1024, 1024}
INFO:hf-to-gguf:a.blk.9.attn_out.output_max,           torch.bfloat16 --> F32, shape = {1}
INFO:hf-to-gguf:a.blk.9.attn_out.output_min,           torch.bfloat16 --> F32, shape = {1}
INFO:hf-to-gguf:a.blk.9.attn_q.input_max,              torch.bfloat16 --> F32, shape = {1}
INFO:hf-to-gguf:a.blk.9.attn_q.input_min,              torch.bfloat16 --> F32, shape = {1}
INFO:hf-to-gguf:a.blk.9.attn_q.weight,                 torch.bfloat16 --> Q8_0, shape = {1024, 1024}
INFO:hf-to-gguf:a.blk.9.attn_q.output_max,             torch.bfloat16 --> F32, shape = {1}
INFO:hf-to-gguf:a.blk.9.attn_q.output_min,             torch.bfloat16 --> F32, shape = {1}
INFO:hf-to-gguf:a.blk.9.attn_k_rel.weight,             torch.bfloat16 --> Q8_0, shape = {1024, 1024}
INFO:hf-to-gguf:a.blk.9.attn_v.input_max,              torch.bfloat16 --> F32, shape = {1}
INFO:hf-to-gguf:a.blk.9.attn_v.input_min,              torch.bfloat16 --> F32, shape = {1}
INFO:hf-to-gguf:a.blk.9.attn_v.weight,                 torch.bfloat16 --> Q8_0, shape = {1024, 1024}
INFO:hf-to-gguf:a.blk.9.attn_v.output_max,             torch.bfloat16 --> F32, shape = {1}
INFO:hf-to-gguf:a.blk.9.attn_v.output_min,             torch.bfloat16 --> F32, shape = {1}
INFO:hf-to-gguf:a.pre_encode.out.bias,                 torch.bfloat16 --> F32, shape = {1536}
INFO:hf-to-gguf:a.pre_encode.out.weight,               torch.bfloat16 --> Q8_0, shape = {1024, 1536}
INFO:hf-to-gguf:a.input_projection.weight,             torch.bfloat16 --> F32, shape = {1024, 1024}
INFO:hf-to-gguf:a.conv1d.0.weight,                     torch.bfloat16 --> F32, shape = {3, 3, 1, 128}
INFO:hf-to-gguf:a.conv1d.0.norm.weight,                torch.bfloat16 --> F32, shape = {128}
INFO:hf-to-gguf:a.conv1d.1.weight,                     torch.bfloat16 --> F32, shape = {3, 3, 128, 32}
INFO:hf-to-gguf:a.conv1d.1.norm.weight,                torch.bfloat16 --> F32, shape = {32}
INFO:hf-to-gguf:mm.a.input_projection.weight,          torch.bfloat16 --> Q8_0, shape = {1536, 2560}
INFO:hf-to-gguf:mm.input_projection.weight,            torch.bfloat16 --> Q8_0, shape = {768, 2560}
INFO:hf-to-gguf:v.blk.0.ln1.weight,                    torch.bfloat16 --> F32, shape = {768}
INFO:hf-to-gguf:v.blk.0.ffn_down.input_max,            torch.bfloat16 --> F32, shape = {1}
INFO:hf-to-gguf:v.blk.0.ffn_down.input_min,            torch.bfloat16 --> F32, shape = {1}
INFO:hf-to-gguf:v.blk.0.ffn_down.weight,               torch.bfloat16 --> Q8_0, shape = {3072, 768}
INFO:hf-to-gguf:v.blk.0.ffn_down.output_max,           torch.bfloat16 --> F32, shape = {1}
INFO:hf-to-gguf:v.blk.0.ffn_down.output_min,           torch.bfloat16 --> F32, shape = {1}
INFO:hf-to-gguf:v.blk.0.ffn_gate.input_max,            torch.bfloat16 --> F32, shape = {1}
INFO:hf-to-gguf:v.blk.0.ffn_gate.input_min,            torch.bfloat16 --> F32, shape = {1}
INFO:hf-to-gguf:v.blk.0.ffn_gate.weight,               torch.bfloat16 --> Q8_0, shape = {768, 3072}
INFO:hf-to-gguf:v.blk.0.ffn_gate.output_max,           torch.bfloat16 --> F32, shape = {1}
INFO:hf-to-gguf:v.blk.0.ffn_gate.output_min,           torch.bfloat16 --> F32, shape = {1}
INFO:hf-to-gguf:v.blk.0.ffn_up.input_max,              torch.bfloat16 --> F32, shape = {1}
INFO:hf-to-gguf:v.blk.0.ffn_up.input_min,              torch.bfloat16 --> F32, shape = {1}
INFO:hf-to-gguf:v.blk.0.ffn_up.weight,                 torch.bfloat16 --> Q8_0, shape = {768, 3072}
INFO:hf-to-gguf:v.blk.0.ffn_up.output_max,             torch.bfloat16 --> F32, shape = {1}
INFO:hf-to-gguf:v.blk.0.ffn_up.output_min,             torch.bfloat16 --> F32, shape = {1}
INFO:hf-to-gguf:v.blk.0.attn_post_norm.weight,         torch.bfloat16 --> F32, shape = {768}
INFO:hf-to-gguf:v.blk.0.ffn_post_norm.weight,          torch.bfloat16 --> F32, shape = {768}
INFO:hf-to-gguf:v.blk.0.ln2.weight,                    torch.bfloat16 --> F32, shape = {768}
INFO:hf-to-gguf:v.blk.0.attn_k_norm.weight,            torch.bfloat16 --> F32, shape = {64}
INFO:hf-to-gguf:v.blk.0.attn_k.input_max,              torch.bfloat16 --> F32, shape = {1}
INFO:hf-to-gguf:v.blk.0.attn_k.input_min,              torch.bfloat16 --> F32, shape = {1}
INFO:hf-to-gguf:v.blk.0.attn_k.weight,                 torch.bfloat16 --> Q8_0, shape = {768, 768}
INFO:hf-to-gguf:v.blk.0.attn_k.output_max,             torch.bfloat16 --> F32, shape = {1}
INFO:hf-to-gguf:v.blk.0.attn_k.output_min,             torch.bfloat16 --> F32, shape = {1}
INFO:hf-to-gguf:v.blk.0.attn_out.input_max,            torch.bfloat16 --> F32, shape = {1}
INFO:hf-to-gguf:v.blk.0.attn_out.input_min,            torch.bfloat16 --> F32, shape = {1}
INFO:hf-to-gguf:v.blk.0.attn_out.weight,               torch.bfloat16 --> Q8_0, shape = {768, 768}
INFO:hf-to-gguf:v.blk.0.attn_out.output_max,           torch.bfloat16 --> F32, shape = {1}
INFO:hf-to-gguf:v.blk.0.attn_out.output_min,           torch.bfloat16 --> F32, shape = {1}
INFO:hf-to-gguf:v.blk.0.attn_q_norm.weight,            torch.bfloat16 --> F32, shape = {64}
INFO:hf-to-gguf:v.blk.0.attn_q.input_max,              torch.bfloat16 --> F32, shape = {1}
INFO:hf-to-gguf:v.blk.0.attn_q.input_min,              torch.bfloat16 --> F32, shape = {1}
INFO:hf-to-gguf:v.blk.0.attn_q.weight,                 torch.bfloat16 --> Q8_0, shape = {768, 768}
INFO:hf-to-gguf:v.blk.0.attn_q.output_max,             torch.bfloat16 --> F32, shape = {1}
INFO:hf-to-gguf:v.blk.0.attn_q.output_min,             torch.bfloat16 --> F32, shape = {1}
INFO:hf-to-gguf:v.blk.0.attn_v.input_max,              torch.bfloat16 --> F32, shape = {1}
INFO:hf-to-gguf:v.blk.0.attn_v.input_min,              torch.bfloat16 --> F32, shape = {1}
INFO:hf-to-gguf:v.blk.0.attn_v.weight,                 torch.bfloat16 --> Q8_0, shape = {768, 768}
INFO:hf-to-gguf:v.blk.0.attn_v.output_max,             torch.bfloat16 --> F32, shape = {1}
INFO:hf-to-gguf:v.blk.0.attn_v.output_min,             torch.bfloat16 --> F32, shape = {1}
INFO:hf-to-gguf:v.blk.1.ln1.weight,                    torch.bfloat16 --> F32, shape = {768}
INFO:hf-to-gguf:v.blk.1.ffn_down.input_max,            torch.bfloat16 --> F32, shape = {1}
INFO:hf-to-gguf:v.blk.1.ffn_down.input_min,            torch.bfloat16 --> F32, shape = {1}
INFO:hf-to-gguf:v.blk.1.ffn_down.weight,               torch.bfloat16 --> Q8_0, shape = {3072, 768}
INFO:hf-to-gguf:v.blk.1.ffn_down.output_max,           torch.bfloat16 --> F32, shape = {1}
INFO:hf-to-gguf:v.blk.1.ffn_down.output_min,           torch.bfloat16 --> F32, shape = {1}
INFO:hf-to-gguf:v.blk.1.ffn_gate.input_max,            torch.bfloat16 --> F32, shape = {1}
INFO:hf-to-gguf:v.blk.1.ffn_gate.input_min,            torch.bfloat16 --> F32, shape = {1}
INFO:hf-to-gguf:v.blk.1.ffn_gate.weight,               torch.bfloat16 --> Q8_0, shape = {768, 3072}
INFO:hf-to-gguf:v.blk.1.ffn_gate.output_max,           torch.bfloat16 --> F32, shape = {1}
INFO:hf-to-gguf:v.blk.1.ffn_gate.output_min,           torch.bfloat16 --> F32, shape = {1}
INFO:hf-to-gguf:v.blk.1.ffn_up.input_max,              torch.bfloat16 --> F32, shape = {1}
INFO:hf-to-gguf:v.blk.1.ffn_up.input_min,              torch.bfloat16 --> F32, shape = {1}
INFO:hf-to-gguf:v.blk.1.ffn_up.weight,                 torch.bfloat16 --> Q8_0, shape = {768, 3072}
INFO:hf-to-gguf:v.blk.1.ffn_up.output_max,             torch.bfloat16 --> F32, shape = {1}
INFO:hf-to-gguf:v.blk.1.ffn_up.output_min,             torch.bfloat16 --> F32, shape = {1}
INFO:hf-to-gguf:v.blk.1.attn_post_norm.weight,         torch.bfloat16 --> F32, shape = {768}
INFO:hf-to-gguf:v.blk.1.ffn_post_norm.weight,          torch.bfloat16 --> F32, shape = {768}
INFO:hf-to-gguf:v.blk.1.ln2.weight,                    torch.bfloat16 --> F32, shape = {768}
INFO:hf-to-gguf:v.blk.1.attn_k_norm.weight,            torch.bfloat16 --> F32, shape = {64}
INFO:hf-to-gguf:v.blk.1.attn_k.input_max,              torch.bfloat16 --> F32, shape = {1}
INFO:hf-to-gguf:v.blk.1.attn_k.input_min,              torch.bfloat16 --> F32, shape = {1}
INFO:hf-to-gguf:v.blk.1.attn_k.weight,                 torch.bfloat16 --> Q8_0, shape = {768, 768}
INFO:hf-to-gguf:v.blk.1.attn_k.output_max,             torch.bfloat16 --> F32, shape = {1}
INFO:hf-to-gguf:v.blk.1.attn_k.output_min,             torch.bfloat16 --> F32, shape = {1}
INFO:hf-to-gguf:v.blk.1.attn_out.input_max,            torch.bfloat16 --> F32, shape = {1}
INFO:hf-to-gguf:v.blk.1.attn_out.input_min,            torch.bfloat16 --> F32, shape = {1}
INFO:hf-to-gguf:v.blk.1.attn_out.weight,               torch.bfloat16 --> Q8_0, shape = {768, 768}
INFO:hf-to-gguf:v.blk.1.attn_out.output_max,           torch.bfloat16 --> F32, shape = {1}
INFO:hf-to-gguf:v.blk.1.attn_out.output_min,           torch.bfloat16 --> F32, shape = {1}
INFO:hf-to-gguf:v.blk.1.attn_q_norm.weight,            torch.bfloat16 --> F32, shape = {64}
INFO:hf-to-gguf:v.blk.1.attn_q.input_max,              torch.bfloat16 --> F32, shape = {1}
INFO:hf-to-gguf:v.blk.1.attn_q.input_min,              torch.bfloat16 --> F32, shape = {1}
INFO:hf-to-gguf:v.blk.1.attn_q.weight,                 torch.bfloat16 --> Q8_0, shape = {768, 768}
INFO:hf-to-gguf:v.blk.1.attn_q.output_max,             torch.bfloat16 --> F32, shape = {1}
INFO:hf-to-gguf:v.blk.1.attn_q.output_min,             torch.bfloat16 --> F32, shape = {1}
INFO:hf-to-gguf:v.blk.1.attn_v.input_max,              torch.bfloat16 --> F32, shape = {1}
INFO:hf-to-gguf:v.blk.1.attn_v.input_min,              torch.bfloat16 --> F32, shape = {1}
INFO:hf-to-gguf:v.blk.1.attn_v.weight,                 torch.bfloat16 --> Q8_0, shape = {768, 768}
INFO:hf-to-gguf:v.blk.1.attn_v.output_max,             torch.bfloat16 --> F32, shape = {1}
INFO:hf-to-gguf:v.blk.1.attn_v.output_min,             torch.bfloat16 --> F32, shape = {1}
INFO:hf-to-gguf:v.blk.10.ln1.weight,                   torch.bfloat16 --> F32, shape = {768}
INFO:hf-to-gguf:v.blk.10.ffn_down.input_max,           torch.bfloat16 --> F32, shape = {1}
INFO:hf-to-gguf:v.blk.10.ffn_down.input_min,           torch.bfloat16 --> F32, shape = {1}
INFO:hf-to-gguf:v.blk.10.ffn_down.weight,              torch.bfloat16 --> Q8_0, shape = {3072, 768}
INFO:hf-to-gguf:v.blk.10.ffn_down.output_max,          torch.bfloat16 --> F32, shape = {1}
INFO:hf-to-gguf:v.blk.10.ffn_down.output_min,          torch.bfloat16 --> F32, shape = {1}
INFO:hf-to-gguf:v.blk.10.ffn_gate.input_max,           torch.bfloat16 --> F32, shape = {1}
INFO:hf-to-gguf:v.blk.10.ffn_gate.input_min,           torch.bfloat16 --> F32, shape = {1}
INFO:hf-to-gguf:v.blk.10.ffn_gate.weight,              torch.bfloat16 --> Q8_0, shape = {768, 3072}
INFO:hf-to-gguf:v.blk.10.ffn_gate.output_max,          torch.bfloat16 --> F32, shape = {1}
INFO:hf-to-gguf:v.blk.10.ffn_gate.output_min,          torch.bfloat16 --> F32, shape = {1}
INFO:hf-to-gguf:v.blk.10.ffn_up.input_max,             torch.bfloat16 --> F32, shape = {1}
INFO:hf-to-gguf:v.blk.10.ffn_up.input_min,             torch.bfloat16 --> F32, shape = {1}
INFO:hf-to-gguf:v.blk.10.ffn_up.weight,                torch.bfloat16 --> Q8_0, shape = {768, 3072}
INFO:hf-to-gguf:v.blk.10.ffn_up.output_max,            torch.bfloat16 --> F32, shape = {1}
INFO:hf-to-gguf:v.blk.10.ffn_up.output_min,            torch.bfloat16 --> F32, shape = {1}
INFO:hf-to-gguf:v.blk.10.attn_post_norm.weight,        torch.bfloat16 --> F32, shape = {768}
INFO:hf-to-gguf:v.blk.10.ffn_post_norm.weight,         torch.bfloat16 --> F32, shape = {768}
INFO:hf-to-gguf:v.blk.10.ln2.weight,                   torch.bfloat16 --> F32, shape = {768}
INFO:hf-to-gguf:v.blk.10.attn_k_norm.weight,           torch.bfloat16 --> F32, shape = {64}
INFO:hf-to-gguf:v.blk.10.attn_k.input_max,             torch.bfloat16 --> F32, shape = {1}
INFO:hf-to-gguf:v.blk.10.attn_k.input_min,             torch.bfloat16 --> F32, shape = {1}
INFO:hf-to-gguf:v.blk.10.attn_k.weight,                torch.bfloat16 --> Q8_0, shape = {768, 768}
INFO:hf-to-gguf:v.blk.10.attn_k.output_max,            torch.bfloat16 --> F32, shape = {1}
INFO:hf-to-gguf:v.blk.10.attn_k.output_min,            torch.bfloat16 --> F32, shape = {1}
INFO:hf-to-gguf:v.blk.10.attn_out.input_max,           torch.bfloat16 --> F32, shape = {1}
INFO:hf-to-gguf:v.blk.10.attn_out.input_min,           torch.bfloat16 --> F32, shape = {1}
INFO:hf-to-gguf:v.blk.10.attn_out.weight,              torch.bfloat16 --> Q8_0, shape = {768, 768}
INFO:hf-to-gguf:v.blk.10.attn_out.output_max,          torch.bfloat16 --> F32, shape = {1}
INFO:hf-to-gguf:v.blk.10.attn_out.output_min,          torch.bfloat16 --> F32, shape = {1}
INFO:hf-to-gguf:v.blk.10.attn_q_norm.weight,           torch.bfloat16 --> F32, shape = {64}
INFO:hf-to-gguf:v.blk.10.attn_q.input_max,             torch.bfloat16 --> F32, shape = {1}
INFO:hf-to-gguf:v.blk.10.attn_q.input_min,             torch.bfloat16 --> F32, shape = {1}
INFO:hf-to-gguf:v.blk.10.attn_q.weight,                torch.bfloat16 --> Q8_0, shape = {768, 768}
INFO:hf-to-gguf:v.blk.10.attn_q.output_max,            torch.bfloat16 --> F32, shape = {1}
INFO:hf-to-gguf:v.blk.10.attn_q.output_min,            torch.bfloat16 --> F32, shape = {1}
INFO:hf-to-gguf:v.blk.10.attn_v.input_max,             torch.bfloat16 --> F32, shape = {1}
INFO:hf-to-gguf:v.blk.10.attn_v.input_min,             torch.bfloat16 --> F32, shape = {1}
INFO:hf-to-gguf:v.blk.10.attn_v.weight,                torch.bfloat16 --> Q8_0, shape = {768, 768}
INFO:hf-to-gguf:v.blk.10.attn_v.output_max,            torch.bfloat16 --> F32, shape = {1}
INFO:hf-to-gguf:v.blk.10.attn_v.output_min,            torch.bfloat16 --> F32, shape = {1}
INFO:hf-to-gguf:v.blk.11.ln1.weight,                   torch.bfloat16 --> F32, shape = {768}
INFO:hf-to-gguf:v.blk.11.ffn_down.input_max,           torch.bfloat16 --> F32, shape = {1}
INFO:hf-to-gguf:v.blk.11.ffn_down.input_min,           torch.bfloat16 --> F32, shape = {1}
INFO:hf-to-gguf:v.blk.11.ffn_down.weight,              torch.bfloat16 --> Q8_0, shape = {3072, 768}
INFO:hf-to-gguf:v.blk.11.ffn_down.output_max,          torch.bfloat16 --> F32, shape = {1}
INFO:hf-to-gguf:v.blk.11.ffn_down.output_min,          torch.bfloat16 --> F32, shape = {1}
INFO:hf-to-gguf:v.blk.11.ffn_gate.input_max,           torch.bfloat16 --> F32, shape = {1}
INFO:hf-to-gguf:v.blk.11.ffn_gate.input_min,           torch.bfloat16 --> F32, shape = {1}
INFO:hf-to-gguf:v.blk.11.ffn_gate.weight,              torch.bfloat16 --> Q8_0, shape = {768, 3072}
INFO:hf-to-gguf:v.blk.11.ffn_gate.output_max,          torch.bfloat16 --> F32, shape = {1}
INFO:hf-to-gguf:v.blk.11.ffn_gate.output_min,          torch.bfloat16 --> F32, shape = {1}
INFO:hf-to-gguf:v.blk.11.ffn_up.input_max,             torch.bfloat16 --> F32, shape = {1}
INFO:hf-to-gguf:v.blk.11.ffn_up.input_min,             torch.bfloat16 --> F32, shape = {1}
INFO:hf-to-gguf:v.blk.11.ffn_up.weight,                torch.bfloat16 --> Q8_0, shape = {768, 3072}
INFO:hf-to-gguf:v.blk.11.ffn_up.output_max,            torch.bfloat16 --> F32, shape = {1}
INFO:hf-to-gguf:v.blk.11.ffn_up.output_min,            torch.bfloat16 --> F32, shape = {1}
INFO:hf-to-gguf:v.blk.11.attn_post_norm.weight,        torch.bfloat16 --> F32, shape = {768}
INFO:hf-to-gguf:v.blk.11.ffn_post_norm.weight,         torch.bfloat16 --> F32, shape = {768}
INFO:hf-to-gguf:v.blk.11.ln2.weight,                   torch.bfloat16 --> F32, shape = {768}
INFO:hf-to-gguf:v.blk.11.attn_k_norm.weight,           torch.bfloat16 --> F32, shape = {64}
INFO:hf-to-gguf:v.blk.11.attn_k.input_max,             torch.bfloat16 --> F32, shape = {1}
INFO:hf-to-gguf:v.blk.11.attn_k.input_min,             torch.bfloat16 --> F32, shape = {1}
INFO:hf-to-gguf:v.blk.11.attn_k.weight,                torch.bfloat16 --> Q8_0, shape = {768, 768}
INFO:hf-to-gguf:v.blk.11.attn_k.output_max,            torch.bfloat16 --> F32, shape = {1}
INFO:hf-to-gguf:v.blk.11.attn_k.output_min,            torch.bfloat16 --> F32, shape = {1}
INFO:hf-to-gguf:v.blk.11.attn_out.input_max,           torch.bfloat16 --> F32, shape = {1}
INFO:hf-to-gguf:v.blk.11.attn_out.input_min,           torch.bfloat16 --> F32, shape = {1}
INFO:hf-to-gguf:v.blk.11.attn_out.weight,              torch.bfloat16 --> Q8_0, shape = {768, 768}
INFO:hf-to-gguf:v.blk.11.attn_out.output_max,          torch.bfloat16 --> F32, shape = {1}
INFO:hf-to-gguf:v.blk.11.attn_out.output_min,          torch.bfloat16 --> F32, shape = {1}
INFO:hf-to-gguf:v.blk.11.attn_q_norm.weight,           torch.bfloat16 --> F32, shape = {64}
INFO:hf-to-gguf:v.blk.11.attn_q.input_max,             torch.bfloat16 --> F32, shape = {1}
INFO:hf-to-gguf:v.blk.11.attn_q.input_min,             torch.bfloat16 --> F32, shape = {1}
INFO:hf-to-gguf:v.blk.11.attn_q.weight,                torch.bfloat16 --> Q8_0, shape = {768, 768}
INFO:hf-to-gguf:v.blk.11.attn_q.output_max,            torch.bfloat16 --> F32, shape = {1}
INFO:hf-to-gguf:v.blk.11.attn_q.output_min,            torch.bfloat16 --> F32, shape = {1}
INFO:hf-to-gguf:v.blk.11.attn_v.input_max,             torch.bfloat16 --> F32, shape = {1}
INFO:hf-to-gguf:v.blk.11.attn_v.input_min,             torch.bfloat16 --> F32, shape = {1}
INFO:hf-to-gguf:v.blk.11.attn_v.weight,                torch.bfloat16 --> Q8_0, shape = {768, 768}
INFO:hf-to-gguf:v.blk.11.attn_v.output_max,            torch.bfloat16 --> F32, shape = {1}
INFO:hf-to-gguf:v.blk.11.attn_v.output_min,            torch.bfloat16 --> F32, shape = {1}
INFO:hf-to-gguf:v.blk.12.ln1.weight,                   torch.bfloat16 --> F32, shape = {768}
INFO:hf-to-gguf:v.blk.12.ffn_down.input_max,           torch.bfloat16 --> F32, shape = {1}
INFO:hf-to-gguf:v.blk.12.ffn_down.input_min,           torch.bfloat16 --> F32, shape = {1}
INFO:hf-to-gguf:v.blk.12.ffn_down.weight,              torch.bfloat16 --> Q8_0, shape = {3072, 768}
INFO:hf-to-gguf:v.blk.12.ffn_down.output_max,          torch.bfloat16 --> F32, shape = {1}
INFO:hf-to-gguf:v.blk.12.ffn_down.output_min,          torch.bfloat16 --> F32, shape = {1}
INFO:hf-to-gguf:v.blk.12.ffn_gate.input_max,           torch.bfloat16 --> F32, shape = {1}
INFO:hf-to-gguf:v.blk.12.ffn_gate.input_min,           torch.bfloat16 --> F32, shape = {1}
INFO:hf-to-gguf:v.blk.12.ffn_gate.weight,              torch.bfloat16 --> Q8_0, shape = {768, 3072}
INFO:hf-to-gguf:v.blk.12.ffn_gate.output_max,          torch.bfloat16 --> F32, shape = {1}
INFO:hf-to-gguf:v.blk.12.ffn_gate.output_min,          torch.bfloat16 --> F32, shape = {1}
INFO:hf-to-gguf:v.blk.12.ffn_up.input_max,             torch.bfloat16 --> F32, shape = {1}
INFO:hf-to-gguf:v.blk.12.ffn_up.input_min,             torch.bfloat16 --> F32, shape = {1}
INFO:hf-to-gguf:v.blk.12.ffn_up.weight,                torch.bfloat16 --> Q8_0, shape = {768, 3072}
INFO:hf-to-gguf:v.blk.12.ffn_up.output_max,            torch.bfloat16 --> F32, shape = {1}
INFO:hf-to-gguf:v.blk.12.ffn_up.output_min,            torch.bfloat16 --> F32, shape = {1}
INFO:hf-to-gguf:v.blk.12.attn_post_norm.weight,        torch.bfloat16 --> F32, shape = {768}
INFO:hf-to-gguf:v.blk.12.ffn_post_norm.weight,         torch.bfloat16 --> F32, shape = {768}
INFO:hf-to-gguf:v.blk.12.ln2.weight,                   torch.bfloat16 --> F32, shape = {768}
INFO:hf-to-gguf:v.blk.12.attn_k_norm.weight,           torch.bfloat16 --> F32, shape = {64}
INFO:hf-to-gguf:v.blk.12.attn_k.input_max,             torch.bfloat16 --> F32, shape = {1}
INFO:hf-to-gguf:v.blk.12.attn_k.input_min,             torch.bfloat16 --> F32, shape = {1}
INFO:hf-to-gguf:v.blk.12.attn_k.weight,                torch.bfloat16 --> Q8_0, shape = {768, 768}
INFO:hf-to-gguf:v.blk.12.attn_k.output_max,            torch.bfloat16 --> F32, shape = {1}
INFO:hf-to-gguf:v.blk.12.attn_k.output_min,            torch.bfloat16 --> F32, shape = {1}
INFO:hf-to-gguf:v.blk.12.attn_out.input_max,           torch.bfloat16 --> F32, shape = {1}
INFO:hf-to-gguf:v.blk.12.attn_out.input_min,           torch.bfloat16 --> F32, shape = {1}
INFO:hf-to-gguf:v.blk.12.attn_out.weight,              torch.bfloat16 --> Q8_0, shape = {768, 768}
INFO:hf-to-gguf:v.blk.12.attn_out.output_max,          torch.bfloat16 --> F32, shape = {1}
INFO:hf-to-gguf:v.blk.12.attn_out.output_min,          torch.bfloat16 --> F32, shape = {1}
INFO:hf-to-gguf:v.blk.12.attn_q_norm.weight,           torch.bfloat16 --> F32, shape = {64}
INFO:hf-to-gguf:v.blk.12.attn_q.input_max,             torch.bfloat16 --> F32, shape = {1}
INFO:hf-to-gguf:v.blk.12.attn_q.input_min,             torch.bfloat16 --> F32, shape = {1}
INFO:hf-to-gguf:v.blk.12.attn_q.weight,                torch.bfloat16 --> Q8_0, shape = {768, 768}
INFO:hf-to-gguf:v.blk.12.attn_q.output_max,            torch.bfloat16 --> F32, shape = {1}
INFO:hf-to-gguf:v.blk.12.attn_q.output_min,            torch.bfloat16 --> F32, shape = {1}
INFO:hf-to-gguf:v.blk.12.attn_v.input_max,             torch.bfloat16 --> F32, shape = {1}
INFO:hf-to-gguf:v.blk.12.attn_v.input_min,             torch.bfloat16 --> F32, shape = {1}
INFO:hf-to-gguf:v.blk.12.attn_v.weight,                torch.bfloat16 --> Q8_0, shape = {768, 768}
INFO:hf-to-gguf:v.blk.12.attn_v.output_max,            torch.bfloat16 --> F32, shape = {1}
INFO:hf-to-gguf:v.blk.12.attn_v.output_min,            torch.bfloat16 --> F32, shape = {1}
INFO:hf-to-gguf:v.blk.13.ln1.weight,                   torch.bfloat16 --> F32, shape = {768}
INFO:hf-to-gguf:v.blk.13.ffn_down.input_max,           torch.bfloat16 --> F32, shape = {1}
INFO:hf-to-gguf:v.blk.13.ffn_down.input_min,           torch.bfloat16 --> F32, shape = {1}
INFO:hf-to-gguf:v.blk.13.ffn_down.weight,              torch.bfloat16 --> Q8_0, shape = {3072, 768}
INFO:hf-to-gguf:v.blk.13.ffn_down.output_max,          torch.bfloat16 --> F32, shape = {1}
INFO:hf-to-gguf:v.blk.13.ffn_down.output_min,          torch.bfloat16 --> F32, shape = {1}
INFO:hf-to-gguf:v.blk.13.ffn_gate.input_max,           torch.bfloat16 --> F32, shape = {1}
INFO:hf-to-gguf:v.blk.13.ffn_gate.input_min,           torch.bfloat16 --> F32, shape = {1}
INFO:hf-to-gguf:v.blk.13.ffn_gate.weight,              torch.bfloat16 --> Q8_0, shape = {768, 3072}
INFO:hf-to-gguf:v.blk.13.ffn_gate.output_max,          torch.bfloat16 --> F32, shape = {1}
INFO:hf-to-gguf:v.blk.13.ffn_gate.output_min,          torch.bfloat16 --> F32, shape = {1}
INFO:hf-to-gguf:v.blk.13.ffn_up.input_max,             torch.bfloat16 --> F32, shape = {1}
INFO:hf-to-gguf:v.blk.13.ffn_up.input_min,             torch.bfloat16 --> F32, shape = {1}
INFO:hf-to-gguf:v.blk.13.ffn_up.weight,                torch.bfloat16 --> Q8_0, shape = {768, 3072}
INFO:hf-to-gguf:v.blk.13.ffn_up.output_max,            torch.bfloat16 --> F32, shape = {1}
INFO:hf-to-gguf:v.blk.13.ffn_up.output_min,            torch.bfloat16 --> F32, shape = {1}
INFO:hf-to-gguf:v.blk.13.attn_post_norm.weight,        torch.bfloat16 --> F32, shape = {768}
INFO:hf-to-gguf:v.blk.13.ffn_post_norm.weight,         torch.bfloat16 --> F32, shape = {768}
INFO:hf-to-gguf:v.blk.13.ln2.weight,                   torch.bfloat16 --> F32, shape = {768}
INFO:hf-to-gguf:v.blk.13.attn_k_norm.weight,           torch.bfloat16 --> F32, shape = {64}
INFO:hf-to-gguf:v.blk.13.attn_k.input_max,             torch.bfloat16 --> F32, shape = {1}
INFO:hf-to-gguf:v.blk.13.attn_k.input_min,             torch.bfloat16 --> F32, shape = {1}
INFO:hf-to-gguf:v.blk.13.attn_k.weight,                torch.bfloat16 --> Q8_0, shape = {768, 768}
INFO:hf-to-gguf:v.blk.13.attn_k.output_max,            torch.bfloat16 --> F32, shape = {1}
INFO:hf-to-gguf:v.blk.13.attn_k.output_min,            torch.bfloat16 --> F32, shape = {1}
INFO:hf-to-gguf:v.blk.13.attn_out.input_max,           torch.bfloat16 --> F32, shape = {1}
INFO:hf-to-gguf:v.blk.13.attn_out.input_min,           torch.bfloat16 --> F32, shape = {1}
INFO:hf-to-gguf:v.blk.13.attn_out.weight,              torch.bfloat16 --> Q8_0, shape = {768, 768}
INFO:hf-to-gguf:v.blk.13.attn_out.output_max,          torch.bfloat16 --> F32, shape = {1}
INFO:hf-to-gguf:v.blk.13.attn_out.output_min,          torch.bfloat16 --> F32, shape = {1}
INFO:hf-to-gguf:v.blk.13.attn_q_norm.weight,           torch.bfloat16 --> F32, shape = {64}
INFO:hf-to-gguf:v.blk.13.attn_q.input_max,             torch.bfloat16 --> F32, shape = {1}
INFO:hf-to-gguf:v.blk.13.attn_q.input_min,             torch.bfloat16 --> F32, shape = {1}
INFO:hf-to-gguf:v.blk.13.attn_q.weight,                torch.bfloat16 --> Q8_0, shape = {768, 768}
INFO:hf-to-gguf:v.blk.13.attn_q.output_max,            torch.bfloat16 --> F32, shape = {1}
INFO:hf-to-gguf:v.blk.13.attn_q.output_min,            torch.bfloat16 --> F32, shape = {1}
INFO:hf-to-gguf:v.blk.13.attn_v.input_max,             torch.bfloat16 --> F32, shape = {1}
INFO:hf-to-gguf:v.blk.13.attn_v.input_min,             torch.bfloat16 --> F32, shape = {1}
INFO:hf-to-gguf:v.blk.13.attn_v.weight,                torch.bfloat16 --> Q8_0, shape = {768, 768}
INFO:hf-to-gguf:v.blk.13.attn_v.output_max,            torch.bfloat16 --> F32, shape = {1}
INFO:hf-to-gguf:v.blk.13.attn_v.output_min,            torch.bfloat16 --> F32, shape = {1}
INFO:hf-to-gguf:v.blk.14.ln1.weight,                   torch.bfloat16 --> F32, shape = {768}
INFO:hf-to-gguf:v.blk.14.ffn_down.input_max,           torch.bfloat16 --> F32, shape = {1}
INFO:hf-to-gguf:v.blk.14.ffn_down.input_min,           torch.bfloat16 --> F32, shape = {1}
INFO:hf-to-gguf:v.blk.14.ffn_down.weight,              torch.bfloat16 --> Q8_0, shape = {3072, 768}
INFO:hf-to-gguf:v.blk.14.ffn_down.output_max,          torch.bfloat16 --> F32, shape = {1}
INFO:hf-to-gguf:v.blk.14.ffn_down.output_min,          torch.bfloat16 --> F32, shape = {1}
INFO:hf-to-gguf:v.blk.14.ffn_gate.input_max,           torch.bfloat16 --> F32, shape = {1}
INFO:hf-to-gguf:v.blk.14.ffn_gate.input_min,           torch.bfloat16 --> F32, shape = {1}
INFO:hf-to-gguf:v.blk.14.ffn_gate.weight,              torch.bfloat16 --> Q8_0, shape = {768, 3072}
INFO:hf-to-gguf:v.blk.14.ffn_gate.output_max,          torch.bfloat16 --> F32, shape = {1}
INFO:hf-to-gguf:v.blk.14.ffn_gate.output_min,          torch.bfloat16 --> F32, shape = {1}
INFO:hf-to-gguf:v.blk.14.ffn_up.input_max,             torch.bfloat16 --> F32, shape = {1}
INFO:hf-to-gguf:v.blk.14.ffn_up.input_min,             torch.bfloat16 --> F32, shape = {1}
INFO:hf-to-gguf:v.blk.14.ffn_up.weight,                torch.bfloat16 --> Q8_0, shape = {768, 3072}
INFO:hf-to-gguf:v.blk.14.ffn_up.output_max,            torch.bfloat16 --> F32, shape = {1}
INFO:hf-to-gguf:v.blk.14.ffn_up.output_min,            torch.bfloat16 --> F32, shape = {1}
INFO:hf-to-gguf:v.blk.14.attn_post_norm.weight,        torch.bfloat16 --> F32, shape = {768}
INFO:hf-to-gguf:v.blk.14.ffn_post_norm.weight,         torch.bfloat16 --> F32, shape = {768}
INFO:hf-to-gguf:v.blk.14.ln2.weight,                   torch.bfloat16 --> F32, shape = {768}
INFO:hf-to-gguf:v.blk.14.attn_k_norm.weight,           torch.bfloat16 --> F32, shape = {64}
INFO:hf-to-gguf:v.blk.14.attn_k.input_max,             torch.bfloat16 --> F32, shape = {1}
INFO:hf-to-gguf:v.blk.14.attn_k.input_min,             torch.bfloat16 --> F32, shape = {1}
INFO:hf-to-gguf:v.blk.14.attn_k.weight,                torch.bfloat16 --> Q8_0, shape = {768, 768}
INFO:hf-to-gguf:v.blk.14.attn_k.output_max,            torch.bfloat16 --> F32, shape = {1}
INFO:hf-to-gguf:v.blk.14.attn_k.output_min,            torch.bfloat16 --> F32, shape = {1}
INFO:hf-to-gguf:v.blk.14.attn_out.input_max,           torch.bfloat16 --> F32, shape = {1}
INFO:hf-to-gguf:v.blk.14.attn_out.input_min,           torch.bfloat16 --> F32, shape = {1}
INFO:hf-to-gguf:v.blk.14.attn_out.weight,              torch.bfloat16 --> Q8_0, shape = {768, 768}
INFO:hf-to-gguf:v.blk.14.attn_out.output_max,          torch.bfloat16 --> F32, shape = {1}
INFO:hf-to-gguf:v.blk.14.attn_out.output_min,          torch.bfloat16 --> F32, shape = {1}
INFO:hf-to-gguf:v.blk.14.attn_q_norm.weight,           torch.bfloat16 --> F32, shape = {64}
INFO:hf-to-gguf:v.blk.14.attn_q.input_max,             torch.bfloat16 --> F32, shape = {1}
INFO:hf-to-gguf:v.blk.14.attn_q.input_min,             torch.bfloat16 --> F32, shape = {1}
INFO:hf-to-gguf:v.blk.14.attn_q.weight,                torch.bfloat16 --> Q8_0, shape = {768, 768}
INFO:hf-to-gguf:v.blk.14.attn_q.output_max,            torch.bfloat16 --> F32, shape = {1}
INFO:hf-to-gguf:v.blk.14.attn_q.output_min,            torch.bfloat16 --> F32, shape = {1}
INFO:hf-to-gguf:v.blk.14.attn_v.input_max,             torch.bfloat16 --> F32, shape = {1}
INFO:hf-to-gguf:v.blk.14.attn_v.input_min,             torch.bfloat16 --> F32, shape = {1}
INFO:hf-to-gguf:v.blk.14.attn_v.weight,                torch.bfloat16 --> Q8_0, shape = {768, 768}
INFO:hf-to-gguf:v.blk.14.attn_v.output_max,            torch.bfloat16 --> F32, shape = {1}
INFO:hf-to-gguf:v.blk.14.attn_v.output_min,            torch.bfloat16 --> F32, shape = {1}
INFO:hf-to-gguf:v.blk.15.ln1.weight,                   torch.bfloat16 --> F32, shape = {768}
INFO:hf-to-gguf:v.blk.15.ffn_down.input_max,           torch.bfloat16 --> F32, shape = {1}
INFO:hf-to-gguf:v.blk.15.ffn_down.input_min,           torch.bfloat16 --> F32, shape = {1}
INFO:hf-to-gguf:v.blk.15.ffn_down.weight,              torch.bfloat16 --> Q8_0, shape = {3072, 768}
INFO:hf-to-gguf:v.blk.15.ffn_down.output_max,          torch.bfloat16 --> F32, shape = {1}
INFO:hf-to-gguf:v.blk.15.ffn_down.output_min,          torch.bfloat16 --> F32, shape = {1}
INFO:hf-to-gguf:v.blk.15.ffn_gate.input_max,           torch.bfloat16 --> F32, shape = {1}
INFO:hf-to-gguf:v.blk.15.ffn_gate.input_min,           torch.bfloat16 --> F32, shape = {1}
INFO:hf-to-gguf:v.blk.15.ffn_gate.weight,              torch.bfloat16 --> Q8_0, shape = {768, 3072}
INFO:hf-to-gguf:v.blk.15.ffn_gate.output_max,          torch.bfloat16 --> F32, shape = {1}
INFO:hf-to-gguf:v.blk.15.ffn_gate.output_min,          torch.bfloat16 --> F32, shape = {1}
INFO:hf-to-gguf:v.blk.15.ffn_up.input_max,             torch.bfloat16 --> F32, shape = {1}
INFO:hf-to-gguf:v.blk.15.ffn_up.input_min,             torch.bfloat16 --> F32, shape = {1}
INFO:hf-to-gguf:v.blk.15.ffn_up.weight,                torch.bfloat16 --> Q8_0, shape = {768, 3072}
INFO:hf-to-gguf:v.blk.15.ffn_up.output_max,            torch.bfloat16 --> F32, shape = {1}
INFO:hf-to-gguf:v.blk.15.ffn_up.output_min,            torch.bfloat16 --> F32, shape = {1}
INFO:hf-to-gguf:v.blk.15.attn_post_norm.weight,        torch.bfloat16 --> F32, shape = {768}
INFO:hf-to-gguf:v.blk.15.ffn_post_norm.weight,         torch.bfloat16 --> F32, shape = {768}
INFO:hf-to-gguf:v.blk.15.ln2.weight,                   torch.bfloat16 --> F32, shape = {768}
INFO:hf-to-gguf:v.blk.15.attn_k_norm.weight,           torch.bfloat16 --> F32, shape = {64}
INFO:hf-to-gguf:v.blk.15.attn_k.input_max,             torch.bfloat16 --> F32, shape = {1}
INFO:hf-to-gguf:v.blk.15.attn_k.input_min,             torch.bfloat16 --> F32, shape = {1}
INFO:hf-to-gguf:v.blk.15.attn_k.weight,                torch.bfloat16 --> Q8_0, shape = {768, 768}
INFO:hf-to-gguf:v.blk.15.attn_k.output_max,            torch.bfloat16 --> F32, shape = {1}
INFO:hf-to-gguf:v.blk.15.attn_k.output_min,            torch.bfloat16 --> F32, shape = {1}
INFO:hf-to-gguf:v.blk.15.attn_out.input_max,           torch.bfloat16 --> F32, shape = {1}
INFO:hf-to-gguf:v.blk.15.attn_out.input_min,           torch.bfloat16 --> F32, shape = {1}
INFO:hf-to-gguf:v.blk.15.attn_out.weight,              torch.bfloat16 --> Q8_0, shape = {768, 768}
INFO:hf-to-gguf:v.blk.15.attn_out.output_max,          torch.bfloat16 --> F32, shape = {1}
INFO:hf-to-gguf:v.blk.15.attn_out.output_min,          torch.bfloat16 --> F32, shape = {1}
INFO:hf-to-gguf:v.blk.15.attn_q_norm.weight,           torch.bfloat16 --> F32, shape = {64}
INFO:hf-to-gguf:v.blk.15.attn_q.input_max,             torch.bfloat16 --> F32, shape = {1}
INFO:hf-to-gguf:v.blk.15.attn_q.input_min,             torch.bfloat16 --> F32, shape = {1}
INFO:hf-to-gguf:v.blk.15.attn_q.weight,                torch.bfloat16 --> Q8_0, shape = {768, 768}
INFO:hf-to-gguf:v.blk.15.attn_q.output_max,            torch.bfloat16 --> F32, shape = {1}
INFO:hf-to-gguf:v.blk.15.attn_q.output_min,            torch.bfloat16 --> F32, shape = {1}
INFO:hf-to-gguf:v.blk.15.attn_v.input_max,             torch.bfloat16 --> F32, shape = {1}
INFO:hf-to-gguf:v.blk.15.attn_v.input_min,             torch.bfloat16 --> F32, shape = {1}
INFO:hf-to-gguf:v.blk.15.attn_v.weight,                torch.bfloat16 --> Q8_0, shape = {768, 768}
INFO:hf-to-gguf:v.blk.15.attn_v.output_max,            torch.bfloat16 --> F32, shape = {1}
INFO:hf-to-gguf:v.blk.15.attn_v.output_min,            torch.bfloat16 --> F32, shape = {1}
INFO:hf-to-gguf:v.blk.2.ln1.weight,                    torch.bfloat16 --> F32, shape = {768}
INFO:hf-to-gguf:v.blk.2.ffn_down.input_max,            torch.bfloat16 --> F32, shape = {1}
INFO:hf-to-gguf:v.blk.2.ffn_down.input_min,            torch.bfloat16 --> F32, shape = {1}
INFO:hf-to-gguf:v.blk.2.ffn_down.weight,               torch.bfloat16 --> Q8_0, shape = {3072, 768}
INFO:hf-to-gguf:v.blk.2.ffn_down.output_max,           torch.bfloat16 --> F32, shape = {1}
INFO:hf-to-gguf:v.blk.2.ffn_down.output_min,           torch.bfloat16 --> F32, shape = {1}
INFO:hf-to-gguf:v.blk.2.ffn_gate.input_max,            torch.bfloat16 --> F32, shape = {1}
INFO:hf-to-gguf:v.blk.2.ffn_gate.input_min,            torch.bfloat16 --> F32, shape = {1}
INFO:hf-to-gguf:v.blk.2.ffn_gate.weight,               torch.bfloat16 --> Q8_0, shape = {768, 3072}
INFO:hf-to-gguf:v.blk.2.ffn_gate.output_max,           torch.bfloat16 --> F32, shape = {1}
INFO:hf-to-gguf:v.blk.2.ffn_gate.output_min,           torch.bfloat16 --> F32, shape = {1}
INFO:hf-to-gguf:v.blk.2.ffn_up.input_max,              torch.bfloat16 --> F32, shape = {1}
INFO:hf-to-gguf:v.blk.2.ffn_up.input_min,              torch.bfloat16 --> F32, shape = {1}
INFO:hf-to-gguf:v.blk.2.ffn_up.weight,                 torch.bfloat16 --> Q8_0, shape = {768, 3072}
INFO:hf-to-gguf:v.blk.2.ffn_up.output_max,             torch.bfloat16 --> F32, shape = {1}
INFO:hf-to-gguf:v.blk.2.ffn_up.output_min,             torch.bfloat16 --> F32, shape = {1}
INFO:hf-to-gguf:v.blk.2.attn_post_norm.weight,         torch.bfloat16 --> F32, shape = {768}
INFO:hf-to-gguf:v.blk.2.ffn_post_norm.weight,          torch.bfloat16 --> F32, shape = {768}
INFO:hf-to-gguf:v.blk.2.ln2.weight,                    torch.bfloat16 --> F32, shape = {768}
INFO:hf-to-gguf:v.blk.2.attn_k_norm.weight,            torch.bfloat16 --> F32, shape = {64}
INFO:hf-to-gguf:v.blk.2.attn_k.input_max,              torch.bfloat16 --> F32, shape = {1}
INFO:hf-to-gguf:v.blk.2.attn_k.input_min,              torch.bfloat16 --> F32, shape = {1}
INFO:hf-to-gguf:v.blk.2.attn_k.weight,                 torch.bfloat16 --> Q8_0, shape = {768, 768}
INFO:hf-to-gguf:v.blk.2.attn_k.output_max,             torch.bfloat16 --> F32, shape = {1}
INFO:hf-to-gguf:v.blk.2.attn_k.output_min,             torch.bfloat16 --> F32, shape = {1}
INFO:hf-to-gguf:v.blk.2.attn_out.input_max,            torch.bfloat16 --> F32, shape = {1}
INFO:hf-to-gguf:v.blk.2.attn_out.input_min,            torch.bfloat16 --> F32, shape = {1}
INFO:hf-to-gguf:v.blk.2.attn_out.weight,               torch.bfloat16 --> Q8_0, shape = {768, 768}
INFO:hf-to-gguf:v.blk.2.attn_out.output_max,           torch.bfloat16 --> F32, shape = {1}
INFO:hf-to-gguf:v.blk.2.attn_out.output_min,           torch.bfloat16 --> F32, shape = {1}
INFO:hf-to-gguf:v.blk.2.attn_q_norm.weight,            torch.bfloat16 --> F32, shape = {64}
INFO:hf-to-gguf:v.blk.2.attn_q.input_max,              torch.bfloat16 --> F32, shape = {1}
INFO:hf-to-gguf:v.blk.2.attn_q.input_min,              torch.bfloat16 --> F32, shape = {1}
INFO:hf-to-gguf:v.blk.2.attn_q.weight,                 torch.bfloat16 --> Q8_0, shape = {768, 768}
INFO:hf-to-gguf:v.blk.2.attn_q.output_max,             torch.bfloat16 --> F32, shape = {1}
INFO:hf-to-gguf:v.blk.2.attn_q.output_min,             torch.bfloat16 --> F32, shape = {1}
INFO:hf-to-gguf:v.blk.2.attn_v.input_max,              torch.bfloat16 --> F32, shape = {1}
INFO:hf-to-gguf:v.blk.2.attn_v.input_min,              torch.bfloat16 --> F32, shape = {1}
INFO:hf-to-gguf:v.blk.2.attn_v.weight,                 torch.bfloat16 --> Q8_0, shape = {768, 768}
INFO:hf-to-gguf:v.blk.2.attn_v.output_max,             torch.bfloat16 --> F32, shape = {1}
INFO:hf-to-gguf:v.blk.2.attn_v.output_min,             torch.bfloat16 --> F32, shape = {1}
INFO:hf-to-gguf:v.blk.3.ln1.weight,                    torch.bfloat16 --> F32, shape = {768}
INFO:hf-to-gguf:v.blk.3.ffn_down.input_max,            torch.bfloat16 --> F32, shape = {1}
INFO:hf-to-gguf:v.blk.3.ffn_down.input_min,            torch.bfloat16 --> F32, shape = {1}
INFO:hf-to-gguf:v.blk.3.ffn_down.weight,               torch.bfloat16 --> Q8_0, shape = {3072, 768}
INFO:hf-to-gguf:v.blk.3.ffn_down.output_max,           torch.bfloat16 --> F32, shape = {1}
INFO:hf-to-gguf:v.blk.3.ffn_down.output_min,           torch.bfloat16 --> F32, shape = {1}
INFO:hf-to-gguf:v.blk.3.ffn_gate.input_max,            torch.bfloat16 --> F32, shape = {1}
INFO:hf-to-gguf:v.blk.3.ffn_gate.input_min,            torch.bfloat16 --> F32, shape = {1}
INFO:hf-to-gguf:v.blk.3.ffn_gate.weight,               torch.bfloat16 --> Q8_0, shape = {768, 3072}
INFO:hf-to-gguf:v.blk.3.ffn_gate.output_max,           torch.bfloat16 --> F32, shape = {1}
INFO:hf-to-gguf:v.blk.3.ffn_gate.output_min,           torch.bfloat16 --> F32, shape = {1}
INFO:hf-to-gguf:v.blk.3.ffn_up.input_max,              torch.bfloat16 --> F32, shape = {1}
INFO:hf-to-gguf:v.blk.3.ffn_up.input_min,              torch.bfloat16 --> F32, shape = {1}
INFO:hf-to-gguf:v.blk.3.ffn_up.weight,                 torch.bfloat16 --> Q8_0, shape = {768, 3072}
INFO:hf-to-gguf:v.blk.3.ffn_up.output_max,             torch.bfloat16 --> F32, shape = {1}
INFO:hf-to-gguf:v.blk.3.ffn_up.output_min,             torch.bfloat16 --> F32, shape = {1}
INFO:hf-to-gguf:v.blk.3.attn_post_norm.weight,         torch.bfloat16 --> F32, shape = {768}
INFO:hf-to-gguf:v.blk.3.ffn_post_norm.weight,          torch.bfloat16 --> F32, shape = {768}
INFO:hf-to-gguf:v.blk.3.ln2.weight,                    torch.bfloat16 --> F32, shape = {768}
INFO:hf-to-gguf:v.blk.3.attn_k_norm.weight,            torch.bfloat16 --> F32, shape = {64}
INFO:hf-to-gguf:v.blk.3.attn_k.input_max,              torch.bfloat16 --> F32, shape = {1}
INFO:hf-to-gguf:v.blk.3.attn_k.input_min,              torch.bfloat16 --> F32, shape = {1}
INFO:hf-to-gguf:v.blk.3.attn_k.weight,                 torch.bfloat16 --> Q8_0, shape = {768, 768}
INFO:hf-to-gguf:v.blk.3.attn_k.output_max,             torch.bfloat16 --> F32, shape = {1}
INFO:hf-to-gguf:v.blk.3.attn_k.output_min,             torch.bfloat16 --> F32, shape = {1}
INFO:hf-to-gguf:v.blk.3.attn_out.input_max,            torch.bfloat16 --> F32, shape = {1}
INFO:hf-to-gguf:v.blk.3.attn_out.input_min,            torch.bfloat16 --> F32, shape = {1}
INFO:hf-to-gguf:v.blk.3.attn_out.weight,               torch.bfloat16 --> Q8_0, shape = {768, 768}
INFO:hf-to-gguf:v.blk.3.attn_out.output_max,           torch.bfloat16 --> F32, shape = {1}
INFO:hf-to-gguf:v.blk.3.attn_out.output_min,           torch.bfloat16 --> F32, shape = {1}
INFO:hf-to-gguf:v.blk.3.attn_q_norm.weight,            torch.bfloat16 --> F32, shape = {64}
INFO:hf-to-gguf:v.blk.3.attn_q.input_max,              torch.bfloat16 --> F32, shape = {1}
INFO:hf-to-gguf:v.blk.3.attn_q.input_min,              torch.bfloat16 --> F32, shape = {1}
INFO:hf-to-gguf:v.blk.3.attn_q.weight,                 torch.bfloat16 --> Q8_0, shape = {768, 768}
INFO:hf-to-gguf:v.blk.3.attn_q.output_max,             torch.bfloat16 --> F32, shape = {1}
INFO:hf-to-gguf:v.blk.3.attn_q.output_min,             torch.bfloat16 --> F32, shape = {1}
INFO:hf-to-gguf:v.blk.3.attn_v.input_max,              torch.bfloat16 --> F32, shape = {1}
INFO:hf-to-gguf:v.blk.3.attn_v.input_min,              torch.bfloat16 --> F32, shape = {1}
INFO:hf-to-gguf:v.blk.3.attn_v.weight,                 torch.bfloat16 --> Q8_0, shape = {768, 768}
INFO:hf-to-gguf:v.blk.3.attn_v.output_max,             torch.bfloat16 --> F32, shape = {1}
INFO:hf-to-gguf:v.blk.3.attn_v.output_min,             torch.bfloat16 --> F32, shape = {1}
INFO:hf-to-gguf:v.blk.4.ln1.weight,                    torch.bfloat16 --> F32, shape = {768}
INFO:hf-to-gguf:v.blk.4.ffn_down.input_max,            torch.bfloat16 --> F32, shape = {1}
INFO:hf-to-gguf:v.blk.4.ffn_down.input_min,            torch.bfloat16 --> F32, shape = {1}
INFO:hf-to-gguf:v.blk.4.ffn_down.weight,               torch.bfloat16 --> Q8_0, shape = {3072, 768}
INFO:hf-to-gguf:v.blk.4.ffn_down.output_max,           torch.bfloat16 --> F32, shape = {1}
INFO:hf-to-gguf:v.blk.4.ffn_down.output_min,           torch.bfloat16 --> F32, shape = {1}
INFO:hf-to-gguf:v.blk.4.ffn_gate.input_max,            torch.bfloat16 --> F32, shape = {1}
INFO:hf-to-gguf:v.blk.4.ffn_gate.input_min,            torch.bfloat16 --> F32, shape = {1}
INFO:hf-to-gguf:v.blk.4.ffn_gate.weight,               torch.bfloat16 --> Q8_0, shape = {768, 3072}
INFO:hf-to-gguf:v.blk.4.ffn_gate.output_max,           torch.bfloat16 --> F32, shape = {1}
INFO:hf-to-gguf:v.blk.4.ffn_gate.output_min,           torch.bfloat16 --> F32, shape = {1}
INFO:hf-to-gguf:v.blk.4.ffn_up.input_max,              torch.bfloat16 --> F32, shape = {1}
INFO:hf-to-gguf:v.blk.4.ffn_up.input_min,              torch.bfloat16 --> F32, shape = {1}
INFO:hf-to-gguf:v.blk.4.ffn_up.weight,                 torch.bfloat16 --> Q8_0, shape = {768, 3072}
INFO:hf-to-gguf:v.blk.4.ffn_up.output_max,             torch.bfloat16 --> F32, shape = {1}
INFO:hf-to-gguf:v.blk.4.ffn_up.output_min,             torch.bfloat16 --> F32, shape = {1}
INFO:hf-to-gguf:v.blk.4.attn_post_norm.weight,         torch.bfloat16 --> F32, shape = {768}
INFO:hf-to-gguf:v.blk.4.ffn_post_norm.weight,          torch.bfloat16 --> F32, shape = {768}
INFO:hf-to-gguf:v.blk.4.ln2.weight,                    torch.bfloat16 --> F32, shape = {768}
INFO:hf-to-gguf:v.blk.4.attn_k_norm.weight,            torch.bfloat16 --> F32, shape = {64}
INFO:hf-to-gguf:v.blk.4.attn_k.input_max,              torch.bfloat16 --> F32, shape = {1}
INFO:hf-to-gguf:v.blk.4.attn_k.input_min,              torch.bfloat16 --> F32, shape = {1}
INFO:hf-to-gguf:v.blk.4.attn_k.weight,                 torch.bfloat16 --> Q8_0, shape = {768, 768}
INFO:hf-to-gguf:v.blk.4.attn_k.output_max,             torch.bfloat16 --> F32, shape = {1}
INFO:hf-to-gguf:v.blk.4.attn_k.output_min,             torch.bfloat16 --> F32, shape = {1}
INFO:hf-to-gguf:v.blk.4.attn_out.input_max,            torch.bfloat16 --> F32, shape = {1}
INFO:hf-to-gguf:v.blk.4.attn_out.input_min,            torch.bfloat16 --> F32, shape = {1}
INFO:hf-to-gguf:v.blk.4.attn_out.weight,               torch.bfloat16 --> Q8_0, shape = {768, 768}
INFO:hf-to-gguf:v.blk.4.attn_out.output_max,           torch.bfloat16 --> F32, shape = {1}
INFO:hf-to-gguf:v.blk.4.attn_out.output_min,           torch.bfloat16 --> F32, shape = {1}
INFO:hf-to-gguf:v.blk.4.attn_q_norm.weight,            torch.bfloat16 --> F32, shape = {64}
INFO:hf-to-gguf:v.blk.4.attn_q.input_max,              torch.bfloat16 --> F32, shape = {1}
INFO:hf-to-gguf:v.blk.4.attn_q.input_min,              torch.bfloat16 --> F32, shape = {1}
INFO:hf-to-gguf:v.blk.4.attn_q.weight,                 torch.bfloat16 --> Q8_0, shape = {768, 768}
INFO:hf-to-gguf:v.blk.4.attn_q.output_max,             torch.bfloat16 --> F32, shape = {1}
INFO:hf-to-gguf:v.blk.4.attn_q.output_min,             torch.bfloat16 --> F32, shape = {1}
INFO:hf-to-gguf:v.blk.4.attn_v.input_max,              torch.bfloat16 --> F32, shape = {1}
INFO:hf-to-gguf:v.blk.4.attn_v.input_min,              torch.bfloat16 --> F32, shape = {1}
INFO:hf-to-gguf:v.blk.4.attn_v.weight,                 torch.bfloat16 --> Q8_0, shape = {768, 768}
INFO:hf-to-gguf:v.blk.4.attn_v.output_max,             torch.bfloat16 --> F32, shape = {1}
INFO:hf-to-gguf:v.blk.4.attn_v.output_min,             torch.bfloat16 --> F32, shape = {1}
INFO:hf-to-gguf:v.blk.5.ln1.weight,                    torch.bfloat16 --> F32, shape = {768}
INFO:hf-to-gguf:v.blk.5.ffn_down.input_max,            torch.bfloat16 --> F32, shape = {1}
INFO:hf-to-gguf:v.blk.5.ffn_down.input_min,            torch.bfloat16 --> F32, shape = {1}
INFO:hf-to-gguf:v.blk.5.ffn_down.weight,               torch.bfloat16 --> Q8_0, shape = {3072, 768}
INFO:hf-to-gguf:v.blk.5.ffn_down.output_max,           torch.bfloat16 --> F32, shape = {1}
INFO:hf-to-gguf:v.blk.5.ffn_down.output_min,           torch.bfloat16 --> F32, shape = {1}
INFO:hf-to-gguf:v.blk.5.ffn_gate.input_max,            torch.bfloat16 --> F32, shape = {1}
INFO:hf-to-gguf:v.blk.5.ffn_gate.input_min,            torch.bfloat16 --> F32, shape = {1}
INFO:hf-to-gguf:v.blk.5.ffn_gate.weight,               torch.bfloat16 --> Q8_0, shape = {768, 3072}
INFO:hf-to-gguf:v.blk.5.ffn_gate.output_max,           torch.bfloat16 --> F32, shape = {1}
INFO:hf-to-gguf:v.blk.5.ffn_gate.output_min,           torch.bfloat16 --> F32, shape = {1}
INFO:hf-to-gguf:v.blk.5.ffn_up.input_max,              torch.bfloat16 --> F32, shape = {1}
INFO:hf-to-gguf:v.blk.5.ffn_up.input_min,              torch.bfloat16 --> F32, shape = {1}
INFO:hf-to-gguf:v.blk.5.ffn_up.weight,                 torch.bfloat16 --> Q8_0, shape = {768, 3072}
INFO:hf-to-gguf:v.blk.5.ffn_up.output_max,             torch.bfloat16 --> F32, shape = {1}
INFO:hf-to-gguf:v.blk.5.ffn_up.output_min,             torch.bfloat16 --> F32, shape = {1}
INFO:hf-to-gguf:v.blk.5.attn_post_norm.weight,         torch.bfloat16 --> F32, shape = {768}
INFO:hf-to-gguf:v.blk.5.ffn_post_norm.weight,          torch.bfloat16 --> F32, shape = {768}
INFO:hf-to-gguf:v.blk.5.ln2.weight,                    torch.bfloat16 --> F32, shape = {768}
INFO:hf-to-gguf:v.blk.5.attn_k_norm.weight,            torch.bfloat16 --> F32, shape = {64}
INFO:hf-to-gguf:v.blk.5.attn_k.input_max,              torch.bfloat16 --> F32, shape = {1}
INFO:hf-to-gguf:v.blk.5.attn_k.input_min,              torch.bfloat16 --> F32, shape = {1}
INFO:hf-to-gguf:v.blk.5.attn_k.weight,                 torch.bfloat16 --> Q8_0, shape = {768, 768}
INFO:hf-to-gguf:v.blk.5.attn_k.output_max,             torch.bfloat16 --> F32, shape = {1}
INFO:hf-to-gguf:v.blk.5.attn_k.output_min,             torch.bfloat16 --> F32, shape = {1}
INFO:hf-to-gguf:v.blk.5.attn_out.input_max,            torch.bfloat16 --> F32, shape = {1}
INFO:hf-to-gguf:v.blk.5.attn_out.input_min,            torch.bfloat16 --> F32, shape = {1}
INFO:hf-to-gguf:v.blk.5.attn_out.weight,               torch.bfloat16 --> Q8_0, shape = {768, 768}
INFO:hf-to-gguf:v.blk.5.attn_out.output_max,           torch.bfloat16 --> F32, shape = {1}
INFO:hf-to-gguf:v.blk.5.attn_out.output_min,           torch.bfloat16 --> F32, shape = {1}
INFO:hf-to-gguf:v.blk.5.attn_q_norm.weight,            torch.bfloat16 --> F32, shape = {64}
INFO:hf-to-gguf:v.blk.5.attn_q.input_max,              torch.bfloat16 --> F32, shape = {1}
INFO:hf-to-gguf:v.blk.5.attn_q.input_min,              torch.bfloat16 --> F32, shape = {1}
INFO:hf-to-gguf:v.blk.5.attn_q.weight,                 torch.bfloat16 --> Q8_0, shape = {768, 768}
INFO:hf-to-gguf:v.blk.5.attn_q.output_max,             torch.bfloat16 --> F32, shape = {1}
INFO:hf-to-gguf:v.blk.5.attn_q.output_min,             torch.bfloat16 --> F32, shape = {1}
INFO:hf-to-gguf:v.blk.5.attn_v.input_max,              torch.bfloat16 --> F32, shape = {1}
INFO:hf-to-gguf:v.blk.5.attn_v.input_min,              torch.bfloat16 --> F32, shape = {1}
INFO:hf-to-gguf:v.blk.5.attn_v.weight,                 torch.bfloat16 --> Q8_0, shape = {768, 768}
INFO:hf-to-gguf:v.blk.5.attn_v.output_max,             torch.bfloat16 --> F32, shape = {1}
INFO:hf-to-gguf:v.blk.5.attn_v.output_min,             torch.bfloat16 --> F32, shape = {1}
INFO:hf-to-gguf:v.blk.6.ln1.weight,                    torch.bfloat16 --> F32, shape = {768}
INFO:hf-to-gguf:v.blk.6.ffn_down.input_max,            torch.bfloat16 --> F32, shape = {1}
INFO:hf-to-gguf:v.blk.6.ffn_down.input_min,            torch.bfloat16 --> F32, shape = {1}
INFO:hf-to-gguf:v.blk.6.ffn_down.weight,               torch.bfloat16 --> Q8_0, shape = {3072, 768}
INFO:hf-to-gguf:v.blk.6.ffn_down.output_max,           torch.bfloat16 --> F32, shape = {1}
INFO:hf-to-gguf:v.blk.6.ffn_down.output_min,           torch.bfloat16 --> F32, shape = {1}
INFO:hf-to-gguf:v.blk.6.ffn_gate.input_max,            torch.bfloat16 --> F32, shape = {1}
INFO:hf-to-gguf:v.blk.6.ffn_gate.input_min,            torch.bfloat16 --> F32, shape = {1}
INFO:hf-to-gguf:v.blk.6.ffn_gate.weight,               torch.bfloat16 --> Q8_0, shape = {768, 3072}
INFO:hf-to-gguf:v.blk.6.ffn_gate.output_max,           torch.bfloat16 --> F32, shape = {1}
INFO:hf-to-gguf:v.blk.6.ffn_gate.output_min,           torch.bfloat16 --> F32, shape = {1}
INFO:hf-to-gguf:v.blk.6.ffn_up.input_max,              torch.bfloat16 --> F32, shape = {1}
INFO:hf-to-gguf:v.blk.6.ffn_up.input_min,              torch.bfloat16 --> F32, shape = {1}
INFO:hf-to-gguf:v.blk.6.ffn_up.weight,                 torch.bfloat16 --> Q8_0, shape = {768, 3072}
INFO:hf-to-gguf:v.blk.6.ffn_up.output_max,             torch.bfloat16 --> F32, shape = {1}
INFO:hf-to-gguf:v.blk.6.ffn_up.output_min,             torch.bfloat16 --> F32, shape = {1}
INFO:hf-to-gguf:v.blk.6.attn_post_norm.weight,         torch.bfloat16 --> F32, shape = {768}
INFO:hf-to-gguf:v.blk.6.ffn_post_norm.weight,          torch.bfloat16 --> F32, shape = {768}
INFO:hf-to-gguf:v.blk.6.ln2.weight,                    torch.bfloat16 --> F32, shape = {768}
INFO:hf-to-gguf:v.blk.6.attn_k_norm.weight,            torch.bfloat16 --> F32, shape = {64}
INFO:hf-to-gguf:v.blk.6.attn_k.input_max,              torch.bfloat16 --> F32, shape = {1}
INFO:hf-to-gguf:v.blk.6.attn_k.input_min,              torch.bfloat16 --> F32, shape = {1}
INFO:hf-to-gguf:v.blk.6.attn_k.weight,                 torch.bfloat16 --> Q8_0, shape = {768, 768}
INFO:hf-to-gguf:v.blk.6.attn_k.output_max,             torch.bfloat16 --> F32, shape = {1}
INFO:hf-to-gguf:v.blk.6.attn_k.output_min,             torch.bfloat16 --> F32, shape = {1}
INFO:hf-to-gguf:v.blk.6.attn_out.input_max,            torch.bfloat16 --> F32, shape = {1}
INFO:hf-to-gguf:v.blk.6.attn_out.input_min,            torch.bfloat16 --> F32, shape = {1}
INFO:hf-to-gguf:v.blk.6.attn_out.weight,               torch.bfloat16 --> Q8_0, shape = {768, 768}
INFO:hf-to-gguf:v.blk.6.attn_out.output_max,           torch.bfloat16 --> F32, shape = {1}
INFO:hf-to-gguf:v.blk.6.attn_out.output_min,           torch.bfloat16 --> F32, shape = {1}
INFO:hf-to-gguf:v.blk.6.attn_q_norm.weight,            torch.bfloat16 --> F32, shape = {64}
INFO:hf-to-gguf:v.blk.6.attn_q.input_max,              torch.bfloat16 --> F32, shape = {1}
INFO:hf-to-gguf:v.blk.6.attn_q.input_min,              torch.bfloat16 --> F32, shape = {1}
INFO:hf-to-gguf:v.blk.6.attn_q.weight,                 torch.bfloat16 --> Q8_0, shape = {768, 768}
INFO:hf-to-gguf:v.blk.6.attn_q.output_max,             torch.bfloat16 --> F32, shape = {1}
INFO:hf-to-gguf:v.blk.6.attn_q.output_min,             torch.bfloat16 --> F32, shape = {1}
INFO:hf-to-gguf:v.blk.6.attn_v.input_max,              torch.bfloat16 --> F32, shape = {1}
INFO:hf-to-gguf:v.blk.6.attn_v.input_min,              torch.bfloat16 --> F32, shape = {1}
INFO:hf-to-gguf:v.blk.6.attn_v.weight,                 torch.bfloat16 --> Q8_0, shape = {768, 768}
INFO:hf-to-gguf:v.blk.6.attn_v.output_max,             torch.bfloat16 --> F32, shape = {1}
INFO:hf-to-gguf:v.blk.6.attn_v.output_min,             torch.bfloat16 --> F32, shape = {1}
INFO:hf-to-gguf:v.blk.7.ln1.weight,                    torch.bfloat16 --> F32, shape = {768}
INFO:hf-to-gguf:v.blk.7.ffn_down.input_max,            torch.bfloat16 --> F32, shape = {1}
INFO:hf-to-gguf:v.blk.7.ffn_down.input_min,            torch.bfloat16 --> F32, shape = {1}
INFO:hf-to-gguf:v.blk.7.ffn_down.weight,               torch.bfloat16 --> Q8_0, shape = {3072, 768}
INFO:hf-to-gguf:v.blk.7.ffn_down.output_max,           torch.bfloat16 --> F32, shape = {1}
INFO:hf-to-gguf:v.blk.7.ffn_down.output_min,           torch.bfloat16 --> F32, shape = {1}
INFO:hf-to-gguf:v.blk.7.ffn_gate.input_max,            torch.bfloat16 --> F32, shape = {1}
INFO:hf-to-gguf:v.blk.7.ffn_gate.input_min,            torch.bfloat16 --> F32, shape = {1}
INFO:hf-to-gguf:v.blk.7.ffn_gate.weight,               torch.bfloat16 --> Q8_0, shape = {768, 3072}
INFO:hf-to-gguf:v.blk.7.ffn_gate.output_max,           torch.bfloat16 --> F32, shape = {1}
INFO:hf-to-gguf:v.blk.7.ffn_gate.output_min,           torch.bfloat16 --> F32, shape = {1}
INFO:hf-to-gguf:v.blk.7.ffn_up.input_max,              torch.bfloat16 --> F32, shape = {1}
INFO:hf-to-gguf:v.blk.7.ffn_up.input_min,              torch.bfloat16 --> F32, shape = {1}
INFO:hf-to-gguf:v.blk.7.ffn_up.weight,                 torch.bfloat16 --> Q8_0, shape = {768, 3072}
INFO:hf-to-gguf:v.blk.7.ffn_up.output_max,             torch.bfloat16 --> F32, shape = {1}
INFO:hf-to-gguf:v.blk.7.ffn_up.output_min,             torch.bfloat16 --> F32, shape = {1}
INFO:hf-to-gguf:v.blk.7.attn_post_norm.weight,         torch.bfloat16 --> F32, shape = {768}
INFO:hf-to-gguf:v.blk.7.ffn_post_norm.weight,          torch.bfloat16 --> F32, shape = {768}
INFO:hf-to-gguf:v.blk.7.ln2.weight,                    torch.bfloat16 --> F32, shape = {768}
INFO:hf-to-gguf:v.blk.7.attn_k_norm.weight,            torch.bfloat16 --> F32, shape = {64}
INFO:hf-to-gguf:v.blk.7.attn_k.input_max,              torch.bfloat16 --> F32, shape = {1}
INFO:hf-to-gguf:v.blk.7.attn_k.input_min,              torch.bfloat16 --> F32, shape = {1}
INFO:hf-to-gguf:v.blk.7.attn_k.weight,                 torch.bfloat16 --> Q8_0, shape = {768, 768}
INFO:hf-to-gguf:v.blk.7.attn_k.output_max,             torch.bfloat16 --> F32, shape = {1}
INFO:hf-to-gguf:v.blk.7.attn_k.output_min,             torch.bfloat16 --> F32, shape = {1}
INFO:hf-to-gguf:v.blk.7.attn_out.input_max,            torch.bfloat16 --> F32, shape = {1}
INFO:hf-to-gguf:v.blk.7.attn_out.input_min,            torch.bfloat16 --> F32, shape = {1}
INFO:hf-to-gguf:v.blk.7.attn_out.weight,               torch.bfloat16 --> Q8_0, shape = {768, 768}
INFO:hf-to-gguf:v.blk.7.attn_out.output_max,           torch.bfloat16 --> F32, shape = {1}
INFO:hf-to-gguf:v.blk.7.attn_out.output_min,           torch.bfloat16 --> F32, shape = {1}
INFO:hf-to-gguf:v.blk.7.attn_q_norm.weight,            torch.bfloat16 --> F32, shape = {64}
INFO:hf-to-gguf:v.blk.7.attn_q.input_max,              torch.bfloat16 --> F32, shape = {1}
INFO:hf-to-gguf:v.blk.7.attn_q.input_min,              torch.bfloat16 --> F32, shape = {1}
INFO:hf-to-gguf:v.blk.7.attn_q.weight,                 torch.bfloat16 --> Q8_0, shape = {768, 768}
INFO:hf-to-gguf:v.blk.7.attn_q.output_max,             torch.bfloat16 --> F32, shape = {1}
INFO:hf-to-gguf:v.blk.7.attn_q.output_min,             torch.bfloat16 --> F32, shape = {1}
INFO:hf-to-gguf:v.blk.7.attn_v.input_max,              torch.bfloat16 --> F32, shape = {1}
INFO:hf-to-gguf:v.blk.7.attn_v.input_min,              torch.bfloat16 --> F32, shape = {1}
INFO:hf-to-gguf:v.blk.7.attn_v.weight,                 torch.bfloat16 --> Q8_0, shape = {768, 768}
INFO:hf-to-gguf:v.blk.7.attn_v.output_max,             torch.bfloat16 --> F32, shape = {1}
INFO:hf-to-gguf:v.blk.7.attn_v.output_min,             torch.bfloat16 --> F32, shape = {1}
INFO:hf-to-gguf:v.blk.8.ln1.weight,                    torch.bfloat16 --> F32, shape = {768}
INFO:hf-to-gguf:v.blk.8.ffn_down.input_max,            torch.bfloat16 --> F32, shape = {1}
INFO:hf-to-gguf:v.blk.8.ffn_down.input_min,            torch.bfloat16 --> F32, shape = {1}
INFO:hf-to-gguf:v.blk.8.ffn_down.weight,               torch.bfloat16 --> Q8_0, shape = {3072, 768}
INFO:hf-to-gguf:v.blk.8.ffn_down.output_max,           torch.bfloat16 --> F32, shape = {1}
INFO:hf-to-gguf:v.blk.8.ffn_down.output_min,           torch.bfloat16 --> F32, shape = {1}
INFO:hf-to-gguf:v.blk.8.ffn_gate.input_max,            torch.bfloat16 --> F32, shape = {1}
INFO:hf-to-gguf:v.blk.8.ffn_gate.input_min,            torch.bfloat16 --> F32, shape = {1}
INFO:hf-to-gguf:v.blk.8.ffn_gate.weight,               torch.bfloat16 --> Q8_0, shape = {768, 3072}
INFO:hf-to-gguf:v.blk.8.ffn_gate.output_max,           torch.bfloat16 --> F32, shape = {1}
INFO:hf-to-gguf:v.blk.8.ffn_gate.output_min,           torch.bfloat16 --> F32, shape = {1}
INFO:hf-to-gguf:v.blk.8.ffn_up.input_max,              torch.bfloat16 --> F32, shape = {1}
INFO:hf-to-gguf:v.blk.8.ffn_up.input_min,              torch.bfloat16 --> F32, shape = {1}
INFO:hf-to-gguf:v.blk.8.ffn_up.weight,                 torch.bfloat16 --> Q8_0, shape = {768, 3072}
INFO:hf-to-gguf:v.blk.8.ffn_up.output_max,             torch.bfloat16 --> F32, shape = {1}
INFO:hf-to-gguf:v.blk.8.ffn_up.output_min,             torch.bfloat16 --> F32, shape = {1}
INFO:hf-to-gguf:v.blk.8.attn_post_norm.weight,         torch.bfloat16 --> F32, shape = {768}
INFO:hf-to-gguf:v.blk.8.ffn_post_norm.weight,          torch.bfloat16 --> F32, shape = {768}
INFO:hf-to-gguf:v.blk.8.ln2.weight,                    torch.bfloat16 --> F32, shape = {768}
INFO:hf-to-gguf:v.blk.8.attn_k_norm.weight,            torch.bfloat16 --> F32, shape = {64}
INFO:hf-to-gguf:v.blk.8.attn_k.input_max,              torch.bfloat16 --> F32, shape = {1}
INFO:hf-to-gguf:v.blk.8.attn_k.input_min,              torch.bfloat16 --> F32, shape = {1}
INFO:hf-to-gguf:v.blk.8.attn_k.weight,                 torch.bfloat16 --> Q8_0, shape = {768, 768}
INFO:hf-to-gguf:v.blk.8.attn_k.output_max,             torch.bfloat16 --> F32, shape = {1}
INFO:hf-to-gguf:v.blk.8.attn_k.output_min,             torch.bfloat16 --> F32, shape = {1}
INFO:hf-to-gguf:v.blk.8.attn_out.input_max,            torch.bfloat16 --> F32, shape = {1}
INFO:hf-to-gguf:v.blk.8.attn_out.input_min,            torch.bfloat16 --> F32, shape = {1}
INFO:hf-to-gguf:v.blk.8.attn_out.weight,               torch.bfloat16 --> Q8_0, shape = {768, 768}
INFO:hf-to-gguf:v.blk.8.attn_out.output_max,           torch.bfloat16 --> F32, shape = {1}
INFO:hf-to-gguf:v.blk.8.attn_out.output_min,           torch.bfloat16 --> F32, shape = {1}
INFO:hf-to-gguf:v.blk.8.attn_q_norm.weight,            torch.bfloat16 --> F32, shape = {64}
INFO:hf-to-gguf:v.blk.8.attn_q.input_max,              torch.bfloat16 --> F32, shape = {1}
INFO:hf-to-gguf:v.blk.8.attn_q.input_min,              torch.bfloat16 --> F32, shape = {1}
INFO:hf-to-gguf:v.blk.8.attn_q.weight,                 torch.bfloat16 --> Q8_0, shape = {768, 768}
INFO:hf-to-gguf:v.blk.8.attn_q.output_max,             torch.bfloat16 --> F32, shape = {1}
INFO:hf-to-gguf:v.blk.8.attn_q.output_min,             torch.bfloat16 --> F32, shape = {1}
INFO:hf-to-gguf:v.blk.8.attn_v.input_max,              torch.bfloat16 --> F32, shape = {1}
INFO:hf-to-gguf:v.blk.8.attn_v.input_min,              torch.bfloat16 --> F32, shape = {1}
INFO:hf-to-gguf:v.blk.8.attn_v.weight,                 torch.bfloat16 --> Q8_0, shape = {768, 768}
INFO:hf-to-gguf:v.blk.8.attn_v.output_max,             torch.bfloat16 --> F32, shape = {1}
INFO:hf-to-gguf:v.blk.8.attn_v.output_min,             torch.bfloat16 --> F32, shape = {1}
INFO:hf-to-gguf:v.blk.9.ln1.weight,                    torch.bfloat16 --> F32, shape = {768}
INFO:hf-to-gguf:v.blk.9.ffn_down.input_max,            torch.bfloat16 --> F32, shape = {1}
INFO:hf-to-gguf:v.blk.9.ffn_down.input_min,            torch.bfloat16 --> F32, shape = {1}
INFO:hf-to-gguf:v.blk.9.ffn_down.weight,               torch.bfloat16 --> Q8_0, shape = {3072, 768}
INFO:hf-to-gguf:v.blk.9.ffn_down.output_max,           torch.bfloat16 --> F32, shape = {1}
INFO:hf-to-gguf:v.blk.9.ffn_down.output_min,           torch.bfloat16 --> F32, shape = {1}
INFO:hf-to-gguf:v.blk.9.ffn_gate.input_max,            torch.bfloat16 --> F32, shape = {1}
INFO:hf-to-gguf:v.blk.9.ffn_gate.input_min,            torch.bfloat16 --> F32, shape = {1}
INFO:hf-to-gguf:v.blk.9.ffn_gate.weight,               torch.bfloat16 --> Q8_0, shape = {768, 3072}
INFO:hf-to-gguf:v.blk.9.ffn_gate.output_max,           torch.bfloat16 --> F32, shape = {1}
INFO:hf-to-gguf:v.blk.9.ffn_gate.output_min,           torch.bfloat16 --> F32, shape = {1}
INFO:hf-to-gguf:v.blk.9.ffn_up.input_max,              torch.bfloat16 --> F32, shape = {1}
INFO:hf-to-gguf:v.blk.9.ffn_up.input_min,              torch.bfloat16 --> F32, shape = {1}
INFO:hf-to-gguf:v.blk.9.ffn_up.weight,                 torch.bfloat16 --> Q8_0, shape = {768, 3072}
INFO:hf-to-gguf:v.blk.9.ffn_up.output_max,             torch.bfloat16 --> F32, shape = {1}
INFO:hf-to-gguf:v.blk.9.ffn_up.output_min,             torch.bfloat16 --> F32, shape = {1}
INFO:hf-to-gguf:v.blk.9.attn_post_norm.weight,         torch.bfloat16 --> F32, shape = {768}
INFO:hf-to-gguf:v.blk.9.ffn_post_norm.weight,          torch.bfloat16 --> F32, shape = {768}
INFO:hf-to-gguf:v.blk.9.ln2.weight,                    torch.bfloat16 --> F32, shape = {768}
INFO:hf-to-gguf:v.blk.9.attn_k_norm.weight,            torch.bfloat16 --> F32, shape = {64}
INFO:hf-to-gguf:v.blk.9.attn_k.input_max,              torch.bfloat16 --> F32, shape = {1}
INFO:hf-to-gguf:v.blk.9.attn_k.input_min,              torch.bfloat16 --> F32, shape = {1}
INFO:hf-to-gguf:v.blk.9.attn_k.weight,                 torch.bfloat16 --> Q8_0, shape = {768, 768}
INFO:hf-to-gguf:v.blk.9.attn_k.output_max,             torch.bfloat16 --> F32, shape = {1}
INFO:hf-to-gguf:v.blk.9.attn_k.output_min,             torch.bfloat16 --> F32, shape = {1}
INFO:hf-to-gguf:v.blk.9.attn_out.input_max,            torch.bfloat16 --> F32, shape = {1}
INFO:hf-to-gguf:v.blk.9.attn_out.input_min,            torch.bfloat16 --> F32, shape = {1}
INFO:hf-to-gguf:v.blk.9.attn_out.weight,               torch.bfloat16 --> Q8_0, shape = {768, 768}
INFO:hf-to-gguf:v.blk.9.attn_out.output_max,           torch.bfloat16 --> F32, shape = {1}
INFO:hf-to-gguf:v.blk.9.attn_out.output_min,           torch.bfloat16 --> F32, shape = {1}
INFO:hf-to-gguf:v.blk.9.attn_q_norm.weight,            torch.bfloat16 --> F32, shape = {64}
INFO:hf-to-gguf:v.blk.9.attn_q.input_max,              torch.bfloat16 --> F32, shape = {1}
INFO:hf-to-gguf:v.blk.9.attn_q.input_min,              torch.bfloat16 --> F32, shape = {1}
INFO:hf-to-gguf:v.blk.9.attn_q.weight,                 torch.bfloat16 --> Q8_0, shape = {768, 768}
INFO:hf-to-gguf:v.blk.9.attn_q.output_max,             torch.bfloat16 --> F32, shape = {1}
INFO:hf-to-gguf:v.blk.9.attn_q.output_min,             torch.bfloat16 --> F32, shape = {1}
INFO:hf-to-gguf:v.blk.9.attn_v.input_max,              torch.bfloat16 --> F32, shape = {1}
INFO:hf-to-gguf:v.blk.9.attn_v.input_min,              torch.bfloat16 --> F32, shape = {1}
INFO:hf-to-gguf:v.blk.9.attn_v.weight,                 torch.bfloat16 --> Q8_0, shape = {768, 768}
INFO:hf-to-gguf:v.blk.9.attn_v.output_max,             torch.bfloat16 --> F32, shape = {1}
INFO:hf-to-gguf:v.blk.9.attn_v.output_min,             torch.bfloat16 --> F32, shape = {1}
INFO:hf-to-gguf:v.patch_embd.weight,                   torch.bfloat16 --> F32, shape = {16, 16, 3, 768}
INFO:hf-to-gguf:v.position_embd.weight,                torch.bfloat16 --> F32, shape = {768, 10240, 2}
INFO:hf-to-gguf:Set meta model
INFO:hf-to-gguf:Set model parameters
INFO:hf-to-gguf:Set model quantization version
INFO:gguf.gguf_writer:Writing the following files:
INFO:gguf.gguf_writer:upload-gemma_4_E4B_it/mmproj-gemma-4-E4B-it-Q8_0.gguf: n_tensors = 1411, total_size = 559.8M

Writing:   0%|          | 0.00/560M [00:00<?, ?byte/s][A
Writing:  25%|██▍       | 138M/560M [00:01<00:03, 134Mbyte/s][A
Writing:  49%|████▊     | 272M/560M [00:02<00:02, 133Mbyte/s][A
Writing:  73%|███████▎  | 407M/560M [00:03<00:01, 127Mbyte/s][AWriting: 100%|██████████| 560M/560M [00:04<00:00, 137Mbyte/s]
INFO:hf-to-gguf:Model successfully exported to upload-gemma_4_E4B_it/mmproj-gemma-4-E4B-it-Q8_0.gguf
+ ./llama.cpp/build/bin/llama-quantize ./upload-gemma_4_E4B_it/mtp-gemma-4-E4B-it-BF16.gguf ./upload-gemma_4_E4B_it/mtp-gemma-4-E4B-it-Q8_0.gguf Q8_0
llama_print_build_info: build = 1 (7cdd557)
llama_print_build_info: built with GNU 14.2.0 for Linux x86_64
llama_quantize: quantizing './upload-gemma_4_E4B_it/mtp-gemma-4-E4B-it-BF16.gguf' to './upload-gemma_4_E4B_it/mtp-gemma-4-E4B-it-Q8_0.gguf' as Q8_0
llama_model_loader: loaded meta data with 45 key-value pairs and 49 tensors from ./upload-gemma_4_E4B_it/mtp-gemma-4-E4B-it-BF16.gguf (version GGUF V3 (latest))
llama_model_loader: Dumping metadata keys/values. Note: KV overrides do not apply in this output.
llama_model_loader: - kv   0:                       general.architecture str              = gemma4-assistant
llama_model_loader: - kv   1:                               general.type str              = model
llama_model_loader: - kv   2:                     general.sampling.top_k i32              = 64
llama_model_loader: - kv   3:                     general.sampling.top_p f32              = 0.950000
llama_model_loader: - kv   4:                      general.sampling.temp f32              = 1.000000
llama_model_loader: - kv   5:                               general.name str              = gemma-4-E4B-it
llama_model_loader: - kv   6:                         general.size_label str              = 78M
llama_model_loader: - kv   7:                            general.license str              = apache-2.0
llama_model_loader: - kv   8:                       general.license.link str              = https://ai.google.dev/gemma/docs/gemm...
llama_model_loader: - kv   9:                               general.tags arr[str,1]       = ["any-to-any"]
llama_model_loader: - kv  10:               gemma4-assistant.block_count u32              = 4
llama_model_loader: - kv  11:            gemma4-assistant.context_length u32              = 131072
llama_model_loader: - kv  12:          gemma4-assistant.embedding_length u32              = 256
llama_model_loader: - kv  13:       gemma4-assistant.feed_forward_length u32              = 2048
llama_model_loader: - kv  14:      gemma4-assistant.attention.head_count u32              = 4
llama_model_loader: - kv  15:   gemma4-assistant.attention.head_count_kv u32              = 2
llama_model_loader: - kv  16:            gemma4-assistant.rope.freq_base f32              = 1000000.000000
llama_model_loader: - kv  17:        gemma4-assistant.rope.freq_base_swa f32              = 10000.000000
llama_model_loader: - kv  18: gemma4-assistant.attention.layer_norm_rms_epsilon f32              = 0.000001
llama_model_loader: - kv  19:      gemma4-assistant.attention.key_length u32              = 512
llama_model_loader: - kv  20:    gemma4-assistant.attention.value_length u32              = 512
llama_model_loader: - kv  21:                          general.file_type u32              = 32
llama_model_loader: - kv  22:  gemma4-assistant.attention.sliding_window u32              = 512
llama_model_loader: - kv  23: gemma4-assistant.attention.shared_kv_layers u32              = 4
llama_model_loader: - kv  24: gemma4-assistant.embedding_length_per_layer_input u32              = 0
llama_model_loader: - kv  25: gemma4-assistant.attention.sliding_window_pattern arr[bool,4]      = [true, true, true, false]
llama_model_loader: - kv  26:  gemma4-assistant.attention.key_length_swa u32              = 256
llama_model_loader: - kv  27: gemma4-assistant.attention.value_length_swa u32              = 256
llama_model_loader: - kv  28:      gemma4-assistant.rope.dimension_count u32              = 512
llama_model_loader: - kv  29:  gemma4-assistant.rope.dimension_count_swa u32              = 256
llama_model_loader: - kv  30:      gemma4-assistant.embedding_length_out u32              = 2560
llama_model_loader: - kv  31:      gemma4-assistant.nextn_predict_layers u32              = 4
llama_model_loader: - kv  32:               general.quantization_version u32              = 2
llama_model_loader: - kv  33:                       tokenizer.ggml.model str              = gemma4
llama_model_loader: - kv  34:                      tokenizer.ggml.tokens arr[str,262144]  = ["<pad>", "<eos>", "<bos>", "<unk>", ...
llama_model_loader: - kv  35:                      tokenizer.ggml.scores arr[f32,262144]  = [-1000.000000, -1000.000000, -1000.00...
llama_model_loader: - kv  36:                  tokenizer.ggml.token_type arr[i32,262144]  = [3, 3, 3, 3, 3, 1, 1, 1, 1, 1, 1, 1, ...
llama_model_loader: - kv  37:                      tokenizer.ggml.merges arr[str,514906]  = ["\n\n\n\n\n\n\n\n\n\n\n\n\n\n\n\n\n\n\n\n\n\n\n\n\n\n\n\n\n\n \n", ...
llama_model_loader: - kv  38:                tokenizer.ggml.bos_token_id u32              = 2
llama_model_loader: - kv  39:                tokenizer.ggml.eos_token_id u32              = 1
llama_model_loader: - kv  40:            tokenizer.ggml.unknown_token_id u32              = 3
llama_model_loader: - kv  41:            tokenizer.ggml.padding_token_id u32              = 0
llama_model_loader: - kv  42:               tokenizer.ggml.mask_token_id u32              = 4
llama_model_loader: - kv  43:            tokenizer.ggml.add_space_prefix bool             = false
llama_model_loader: - kv  44:               tokenizer.ggml.add_bos_token bool             = true
llama_model_loader: - type  f32:   26 tensors
llama_model_loader: - type bf16:   23 tensors
[   1/  49] nextn.post_projection.weight         - [   256,   2560,      1,      1], type =   bf16, converting to q8_0 .. size =     1.25 MiB ->     0.66 MiB
[   2/  49] nextn.pre_projection.weight          - [  5120,    256,      1,      1], type =   bf16, converting to q8_0 .. size =     2.50 MiB ->     1.33 MiB
[   3/  49] output_norm.weight                   - [   256,      1,      1,      1], type =    f32, size =    0.001 MiB
[   4/  49] rope_freqs.weight                    - [   256,      1,      1,      1], type =    f32, size =    0.001 MiB
[   5/  49] token_embd.weight                    - [   256, 262144,      1,      1], type =   bf16, converting to q8_0 .. size =   128.00 MiB ->    68.00 MiB
[   6/  49] blk.0.attn_norm.weight               - [   256,      1,      1,      1], type =    f32, size =    0.001 MiB
[   7/  49] blk.0.attn_output.weight             - [  1024,    256,      1,      1], type =   bf16, converting to q8_0 .. size =     0.50 MiB ->     0.27 MiB
[   8/  49] blk.0.attn_q.weight                  - [   256,   1024,      1,      1], type =   bf16, converting to q8_0 .. size =     0.50 MiB ->     0.27 MiB
[   9/  49] blk.0.attn_q_norm.weight             - [   256,      1,      1,      1], type =    f32, size =    0.001 MiB
[  10/  49] blk.0.ffn_down.weight                - [  2048,    256,      1,      1], type =   bf16, converting to q8_0 .. size =     1.00 MiB ->     0.53 MiB
[  11/  49] blk.0.ffn_gate.weight                - [   256,   2048,      1,      1], type =   bf16, converting to q8_0 .. size =     1.00 MiB ->     0.53 MiB
[  12/  49] blk.0.ffn_norm.weight                - [   256,      1,      1,      1], type =    f32, size =    0.001 MiB
[  13/  49] blk.0.ffn_up.weight                  - [   256,   2048,      1,      1], type =   bf16, converting to q8_0 .. size =     1.00 MiB ->     0.53 MiB
[  14/  49] blk.0.layer_output_scale.weight      - [     1,      1,      1,      1], type =    f32, size =    0.000 MiB
[  15/  49] blk.0.post_attention_norm.weight     - [   256,      1,      1,      1], type =    f32, size =    0.001 MiB
[  16/  49] blk.0.post_ffw_norm.weight           - [   256,      1,      1,      1], type =    f32, size =    0.001 MiB
[  17/  49] blk.1.attn_norm.weight               - [   256,      1,      1,      1], type =    f32, size =    0.001 MiB
[  18/  49] blk.1.attn_output.weight             - [  1024,    256,      1,      1], type =   bf16, converting to q8_0 .. size =     0.50 MiB ->     0.27 MiB
[  19/  49] blk.1.attn_q.weight                  - [   256,   1024,      1,      1], type =   bf16, converting to q8_0 .. size =     0.50 MiB ->     0.27 MiB
[  20/  49] blk.1.attn_q_norm.weight             - [   256,      1,      1,      1], type =    f32, size =    0.001 MiB
[  21/  49] blk.1.ffn_down.weight                - [  2048,    256,      1,      1], type =   bf16, converting to q8_0 .. size =     1.00 MiB ->     0.53 MiB
[  22/  49] blk.1.ffn_gate.weight                - [   256,   2048,      1,      1], type =   bf16, converting to q8_0 .. size =     1.00 MiB ->     0.53 MiB
[  23/  49] blk.1.ffn_norm.weight                - [   256,      1,      1,      1], type =    f32, size =    0.001 MiB
[  24/  49] blk.1.ffn_up.weight                  - [   256,   2048,      1,      1], type =   bf16, converting to q8_0 .. size =     1.00 MiB ->     0.53 MiB
[  25/  49] blk.1.layer_output_scale.weight      - [     1,      1,      1,      1], type =    f32, size =    0.000 MiB
[  26/  49] blk.1.post_attention_norm.weight     - [   256,      1,      1,      1], type =    f32, size =    0.001 MiB
[  27/  49] blk.1.post_ffw_norm.weight           - [   256,      1,      1,      1], type =    f32, size =    0.001 MiB
[  28/  49] blk.2.attn_norm.weight               - [   256,      1,      1,      1], type =    f32, size =    0.001 MiB
[  29/  49] blk.2.attn_output.weight             - [  1024,    256,      1,      1], type =   bf16, converting to q8_0 .. size =     0.50 MiB ->     0.27 MiB
[  30/  49] blk.2.attn_q.weight                  - [   256,   1024,      1,      1], type =   bf16, converting to q8_0 .. size =     0.50 MiB ->     0.27 MiB
[  31/  49] blk.2.attn_q_norm.weight             - [   256,      1,      1,      1], type =    f32, size =    0.001 MiB
[  32/  49] blk.2.ffn_down.weight                - [  2048,    256,      1,      1], type =   bf16, converting to q8_0 .. size =     1.00 MiB ->     0.53 MiB
[  33/  49] blk.2.ffn_gate.weight                - [   256,   2048,      1,      1], type =   bf16, converting to q8_0 .. size =     1.00 MiB ->     0.53 MiB
[  34/  49] blk.2.ffn_norm.weight                - [   256,      1,      1,      1], type =    f32, size =    0.001 MiB
[  35/  49] blk.2.ffn_up.weight                  - [   256,   2048,      1,      1], type =   bf16, converting to q8_0 .. size =     1.00 MiB ->     0.53 MiB
[  36/  49] blk.2.layer_output_scale.weight      - [     1,      1,      1,      1], type =    f32, size =    0.000 MiB
[  37/  49] blk.2.post_attention_norm.weight     - [   256,      1,      1,      1], type =    f32, size =    0.001 MiB
[  38/  49] blk.2.post_ffw_norm.weight           - [   256,      1,      1,      1], type =    f32, size =    0.001 MiB
[  39/  49] blk.3.attn_norm.weight               - [   256,      1,      1,      1], type =    f32, size =    0.001 MiB
[  40/  49] blk.3.attn_output.weight             - [  2048,    256,      1,      1], type =   bf16, converting to q8_0 .. size =     1.00 MiB ->     0.53 MiB
[  41/  49] blk.3.attn_q.weight                  - [   256,   2048,      1,      1], type =   bf16, converting to q8_0 .. size =     1.00 MiB ->     0.53 MiB
[  42/  49] blk.3.attn_q_norm.weight             - [   512,      1,      1,      1], type =    f32, size =    0.002 MiB
[  43/  49] blk.3.ffn_down.weight                - [  2048,    256,      1,      1], type =   bf16, converting to q8_0 .. size =     1.00 MiB ->     0.53 MiB
[  44/  49] blk.3.ffn_gate.weight                - [   256,   2048,      1,      1], type =   bf16, converting to q8_0 .. size =     1.00 MiB ->     0.53 MiB
[  45/  49] blk.3.ffn_norm.weight                - [   256,      1,      1,      1], type =    f32, size =    0.001 MiB
[  46/  49] blk.3.ffn_up.weight                  - [   256,   2048,      1,      1], type =   bf16, converting to q8_0 .. size =     1.00 MiB ->     0.53 MiB
[  47/  49] blk.3.layer_output_scale.weight      - [     1,      1,      1,      1], type =    f32, size =    0.000 MiB
[  48/  49] blk.3.post_attention_norm.weight     - [   256,      1,      1,      1], type =    f32, size =    0.001 MiB
[  49/  49] blk.3.post_ffw_norm.weight           - [   256,      1,      1,      1], type =    f32, size =    0.001 MiB
llama_model_quantize_impl: model size  =   148.77 MiB (16.00 BPW)
llama_model_quantize_impl: quant size  =    79.05 MiB (8.50 BPW)

llama_quantize: quantize time =  1240.56 ms
llama_quantize:    total time =  1240.56 ms
+ python3 ./llama.cpp/convert_hf_to_gguf.py ./model-temp-gemma_4_E4B_it-QAT_Q4_0 --outtype bf16 --outfile ./upload-gemma_4_E4B_it/mtp-gemma-4-E4B-it-QAT-BF16.gguf --model-name gemma-4-E4B-it
INFO:hf-to-gguf:Loading model: model-temp-gemma_4_E4B_it-QAT_Q4_0
INFO:hf-to-gguf:Model architecture: Gemma4AssistantForCausalLM
INFO:hf-to-gguf:gguf: indexing model part 'model.safetensors'
INFO:gguf.gguf_writer:gguf: This GGUF file is for Little Endian only
INFO:hf-to-gguf:Exporting model...
INFO:hf-to-gguf:rope_freqs.weight,                torch.float32 --> F32, shape = {256}
INFO:hf-to-gguf:token_embd.weight,                torch.bfloat16 --> BF16, shape = {256, 262144}
INFO:hf-to-gguf:blk.0.attn_norm.weight,           torch.bfloat16 --> F32, shape = {256}
INFO:hf-to-gguf:blk.0.layer_output_scale.weight,  torch.bfloat16 --> F32, shape = {1}
INFO:hf-to-gguf:blk.0.ffn_down.weight,            torch.bfloat16 --> BF16, shape = {2048, 256}
INFO:hf-to-gguf:blk.0.ffn_gate.weight,            torch.bfloat16 --> BF16, shape = {256, 2048}
INFO:hf-to-gguf:blk.0.ffn_up.weight,              torch.bfloat16 --> BF16, shape = {256, 2048}
INFO:hf-to-gguf:blk.0.post_attention_norm.weight, torch.bfloat16 --> F32, shape = {256}
INFO:hf-to-gguf:blk.0.post_ffw_norm.weight,       torch.bfloat16 --> F32, shape = {256}
INFO:hf-to-gguf:blk.0.ffn_norm.weight,            torch.bfloat16 --> F32, shape = {256}
INFO:hf-to-gguf:blk.0.attn_output.weight,         torch.bfloat16 --> BF16, shape = {1024, 256}
INFO:hf-to-gguf:blk.0.attn_q_norm.weight,         torch.bfloat16 --> F32, shape = {256}
INFO:hf-to-gguf:blk.0.attn_q.weight,              torch.bfloat16 --> BF16, shape = {256, 1024}
INFO:hf-to-gguf:blk.1.attn_norm.weight,           torch.bfloat16 --> F32, shape = {256}
INFO:hf-to-gguf:blk.1.layer_output_scale.weight,  torch.bfloat16 --> F32, shape = {1}
INFO:hf-to-gguf:blk.1.ffn_down.weight,            torch.bfloat16 --> BF16, shape = {2048, 256}
INFO:hf-to-gguf:blk.1.ffn_gate.weight,            torch.bfloat16 --> BF16, shape = {256, 2048}
INFO:hf-to-gguf:blk.1.ffn_up.weight,              torch.bfloat16 --> BF16, shape = {256, 2048}
INFO:hf-to-gguf:blk.1.post_attention_norm.weight, torch.bfloat16 --> F32, shape = {256}
INFO:hf-to-gguf:blk.1.post_ffw_norm.weight,       torch.bfloat16 --> F32, shape = {256}
INFO:hf-to-gguf:blk.1.ffn_norm.weight,            torch.bfloat16 --> F32, shape = {256}
INFO:hf-to-gguf:blk.1.attn_output.weight,         torch.bfloat16 --> BF16, shape = {1024, 256}
INFO:hf-to-gguf:blk.1.attn_q_norm.weight,         torch.bfloat16 --> F32, shape = {256}
INFO:hf-to-gguf:blk.1.attn_q.weight,              torch.bfloat16 --> BF16, shape = {256, 1024}
INFO:hf-to-gguf:blk.2.attn_norm.weight,           torch.bfloat16 --> F32, shape = {256}
INFO:hf-to-gguf:blk.2.layer_output_scale.weight,  torch.bfloat16 --> F32, shape = {1}
INFO:hf-to-gguf:blk.2.ffn_down.weight,            torch.bfloat16 --> BF16, shape = {2048, 256}
INFO:hf-to-gguf:blk.2.ffn_gate.weight,            torch.bfloat16 --> BF16, shape = {256, 2048}
INFO:hf-to-gguf:blk.2.ffn_up.weight,              torch.bfloat16 --> BF16, shape = {256, 2048}
INFO:hf-to-gguf:blk.2.post_attention_norm.weight, torch.bfloat16 --> F32, shape = {256}
INFO:hf-to-gguf:blk.2.post_ffw_norm.weight,       torch.bfloat16 --> F32, shape = {256}
INFO:hf-to-gguf:blk.2.ffn_norm.weight,            torch.bfloat16 --> F32, shape = {256}
INFO:hf-to-gguf:blk.2.attn_output.weight,         torch.bfloat16 --> BF16, shape = {1024, 256}
INFO:hf-to-gguf:blk.2.attn_q_norm.weight,         torch.bfloat16 --> F32, shape = {256}
INFO:hf-to-gguf:blk.2.attn_q.weight,              torch.bfloat16 --> BF16, shape = {256, 1024}
INFO:hf-to-gguf:blk.3.attn_norm.weight,           torch.bfloat16 --> F32, shape = {256}
INFO:hf-to-gguf:blk.3.layer_output_scale.weight,  torch.bfloat16 --> F32, shape = {1}
INFO:hf-to-gguf:blk.3.ffn_down.weight,            torch.bfloat16 --> BF16, shape = {2048, 256}
INFO:hf-to-gguf:blk.3.ffn_gate.weight,            torch.bfloat16 --> BF16, shape = {256, 2048}
INFO:hf-to-gguf:blk.3.ffn_up.weight,              torch.bfloat16 --> BF16, shape = {256, 2048}
INFO:hf-to-gguf:blk.3.post_attention_norm.weight, torch.bfloat16 --> F32, shape = {256}
INFO:hf-to-gguf:blk.3.post_ffw_norm.weight,       torch.bfloat16 --> F32, shape = {256}
INFO:hf-to-gguf:blk.3.ffn_norm.weight,            torch.bfloat16 --> F32, shape = {256}
INFO:hf-to-gguf:blk.3.attn_output.weight,         torch.bfloat16 --> BF16, shape = {2048, 256}
INFO:hf-to-gguf:blk.3.attn_q_norm.weight,         torch.bfloat16 --> F32, shape = {512}
INFO:hf-to-gguf:blk.3.attn_q.weight,              torch.bfloat16 --> BF16, shape = {256, 2048}
INFO:hf-to-gguf:output_norm.weight,               torch.bfloat16 --> F32, shape = {256}
INFO:hf-to-gguf:nextn.post_projection.weight,     torch.bfloat16 --> BF16, shape = {256, 2560}
INFO:hf-to-gguf:nextn.pre_projection.weight,      torch.bfloat16 --> BF16, shape = {5120, 256}
INFO:hf-to-gguf:Set meta model
INFO:hf-to-gguf:Set model parameters
INFO:hf-to-gguf:gguf: context length = 131072
INFO:hf-to-gguf:gguf: embedding length = 256
INFO:hf-to-gguf:gguf: feed forward length = 2048
INFO:hf-to-gguf:gguf: head count = 4
INFO:hf-to-gguf:gguf: key-value head count = 2
WARNING:hf-to-gguf:Unknown RoPE type: proportional
INFO:hf-to-gguf:gguf: rope scaling type = NONE
INFO:hf-to-gguf:gguf: rope theta = 1000000.0
INFO:hf-to-gguf:gguf: rope theta swa = 10000.0
INFO:hf-to-gguf:gguf: rms norm epsilon = 1e-06
INFO:hf-to-gguf:gguf: file type = 32
WARNING:gguf.gguf_writer:Duplicated key name 'gemma4-assistant.context_length', overwriting it with new value 131072 of type UINT32
WARNING:gguf.gguf_writer:Duplicated key name 'gemma4-assistant.attention.head_count', overwriting it with new value 4 of type UINT32
WARNING:gguf.gguf_writer:Duplicated key name 'gemma4-assistant.attention.layer_norm_rms_epsilon', overwriting it with new value 1e-06 of type FLOAT32
WARNING:gguf.gguf_writer:Duplicated key name 'gemma4-assistant.attention.key_length', overwriting it with new value 256 of type UINT32
WARNING:gguf.gguf_writer:Duplicated key name 'gemma4-assistant.attention.value_length', overwriting it with new value 256 of type UINT32
WARNING:gguf.gguf_writer:Duplicated key name 'gemma4-assistant.rope.freq_base', overwriting it with new value 1000000.0 of type FLOAT32
WARNING:gguf.gguf_writer:Duplicated key name 'gemma4-assistant.attention.head_count_kv', overwriting it with new value 2 of type UINT32
WARNING:gguf.gguf_writer:Duplicated key name 'gemma4-assistant.attention.key_length', overwriting it with new value 512 of type UINT32
WARNING:gguf.gguf_writer:Duplicated key name 'gemma4-assistant.attention.value_length', overwriting it with new value 512 of type UINT32
INFO:hf-to-gguf:Set model quantization version
INFO:hf-to-gguf:Set model tokenizer
INFO:hf-to-gguf:Token '<|tool_call>' is set to USER_DEFINED
INFO:hf-to-gguf:Token '<tool_call|>' is set to USER_DEFINED
INFO:hf-to-gguf:Token '<|tool_response>' is set to USER_DEFINED
INFO:hf-to-gguf:Token '<tool_response|>' is set to USER_DEFINED
INFO:hf-to-gguf:Token '<|"|>' is set to USER_DEFINED
INFO:hf-to-gguf:Token '<|channel>' is set to USER_DEFINED
INFO:hf-to-gguf:Token '<channel|>' is set to USER_DEFINED
INFO:gguf.vocab:Adding 514906 merge(s).
INFO:gguf.vocab:Setting special token type bos to 2
INFO:gguf.vocab:Setting special token type eos to 1
INFO:gguf.vocab:Setting special token type unk to 3
INFO:gguf.vocab:Setting special token type pad to 0
INFO:gguf.vocab:Setting special token type mask to 4
INFO:gguf.vocab:Setting chat_template to {#
  Template: Google Gemma 4 Canonical Chat Template
  Author: Google Gemma Engineering Team
  Published: 2026-07-09
  Context: Fixed tool-calling loops, turn closures, and thinking content-ordering.
#}
{%- macro format_parameters(properties, required, filter_keys=false) -%}
    {%- set standard_keys = ['description', 'type', 'properties', 'required', 'nullable'] -%}
    {%- set ns = namespace(found_first=false) -%}
    {%- for key, value in properties | dictsort -%}
        {%- set add_comma = false -%}
        {%- if not filter_keys or key not in standard_keys -%}
            {%- if ns.found_first %},{% endif -%}
            {%- set ns.found_first = true -%}
            {{ key }}:{
            {%- if value['description'] -%}
                description:<|"|>{{ value['description'] }}<|"|>
                {%- set add_comma = true -%}
            {%- endif -%}
            {%- if value['type'] | upper == 'STRING' -%}
                {%- if value['enum'] -%}
                    {%- if add_comma %},{%- else -%} {%- set add_comma = true -%} {% endif -%}
                    enum:{{ format_argument(value['enum']) }}
                {%- endif -%}
            {%- elif value['type'] | upper == 'ARRAY' -%}
                {%- if value['items'] is mapping and value['items'] -%}
                    {%- if add_comma %},{%- else -%} {%- set add_comma = true -%} {% endif -%}
                    items:{
                    {%- set ns_items = namespace(found_first=false) -%}
                    {%- for item_key, item_value in value['items'] | dictsort -%}
                        {%- if item_value is not none -%}
                            {%- if ns_items.found_first %},{% endif -%}
                            {%- set ns_items.found_first = true -%}
                            {%- if item_key == 'properties' -%}
                                properties:{
                                {%- if item_value is mapping -%}
                                    {{- format_parameters(item_value, value['items']['required'] | default([])) -}}
                                {%- endif -%}
                                }
                            {%- elif item_key == 'required' -%}
                                required:[
                                {%- for req_item in item_value -%}
                                    <|"|>{{- req_item -}}<|"|>
                                    {%- if not loop.last %},{% endif -%}
                                {%- endfor -%}
                                ]
                            {%- elif item_key == 'type' -%}
                                {%- if item_value is string -%}
                                    type:{{ format_argument(item_value | upper) }}
                                {%- else -%}
                                    type:{{ format_argument(item_value | map('upper') | list) }}
                                {%- endif -%}
                            {%- else -%}
                                {{ item_key }}:{{ format_argument(item_value) }}
                            {%- endif -%}
                        {%- endif -%}
                    {%- endfor -%}
                    }
                {%- endif -%}
            {%- endif -%}
            {%- if value['nullable'] %}
                {%- if add_comma %},{%- else -%} {%- set add_comma = true -%} {% endif -%}
                nullable:true
            {%- endif -%}
            {%- if value['type'] | upper == 'OBJECT' -%}
                {%- if value['properties'] is defined and value['properties'] is mapping -%}
                    {%- if add_comma %},{%- else -%} {%- set add_comma = true -%} {% endif -%}
                    properties:{
                    {{- format_parameters(value['properties'], value['required'] | default([])) -}}
                    }
                {%- elif value is mapping -%}
                    {%- if add_comma %},{%- else -%} {%- set add_comma = true -%} {% endif -%}
                    properties:{
                    {{- format_parameters(value, value['required'] | default([]), filter_keys=true) -}}
                    }
                {%- endif -%}
                {%- if value['required'] -%}
                    {%- if add_comma %},{%- else -%} {%- set add_comma = true -%} {% endif -%}
                    required:[
                    {%- for item in value['required'] | default([]) -%}
                        <|"|>{{- item -}}<|"|>
                        {%- if not loop.last %},{% endif -%}
                    {%- endfor -%}
                    ]
                {%- endif -%}
            {%- endif -%}
            {%- if add_comma %},{%- else -%} {%- set add_comma = true -%} {% endif -%}
            type:<|"|>{{ value['type'] | upper }}<|"|>}
        {%- endif -%}
    {%- endfor -%}
{%- endmacro -%}
{%- macro format_function_declaration(tool_data) -%}
    declaration:{{- tool_data['function']['name'] -}}{description:<|"|>{{- tool_data['function']['description'] -}}<|"|>
    {%- set params = tool_data['function']['parameters'] -%}
    {%- if params -%}
        ,parameters:{
        {%- if params['properties'] -%}
            properties:{ {{- format_parameters(params['properties'], params['required']) -}} },
        {%- endif -%}
        {%- if params['required'] -%}
            required:[
            {%- for item in params['required'] -%}
                <|"|>{{- item -}}<|"|>
                {{- ',' if not loop.last -}}
            {%- endfor -%}
            ],
        {%- endif -%}
        {%- if params['type'] -%}
            type:<|"|>{{- params['type'] | upper -}}<|"|>}
        {%- endif -%}
    {%- endif -%}
    {%- if 'response' in tool_data['function'] -%}
        {%- set response_declaration = tool_data['function']['response'] -%}
        ,response:{
        {%- if response_declaration['description'] -%}
            description:<|"|>{{- response_declaration['description'] -}}<|"|>,
        {%- endif -%}
        {%- if response_declaration['type'] | upper == 'OBJECT' -%}
            type:<|"|>{{- response_declaration['type'] | upper -}}<|"|>}
        {%- endif -%}
    {%- endif -%}
    }
{%- endmacro -%}
{%- macro format_argument(argument, escape_keys=True) -%}
    {%- if argument is none -%}
        {{- 'null' -}}
    {%- elif argument is string -%}
        {{- '<|"|>' + argument + '<|"|>' -}}
    {%- elif argument is boolean -%}
        {{- 'true' if argument else 'false' -}}
    {%- elif argument is mapping -%}
        {{- '{' -}}
        {%- set ns = namespace(found_first=false) -%}
        {%- for key, value in argument | dictsort -%}
            {%- if ns.found_first %},{% endif -%}
            {%- set ns.found_first = true -%}
            {%- if escape_keys -%}
                {{- '<|"|>' + key + '<|"|>' -}}
            {%- else -%}
                {{- key -}}
            {%- endif -%}
            :{{- format_argument(value, escape_keys=escape_keys) -}}
        {%- endfor -%}
        {{- '}' -}}
    {%- elif argument is sequence -%}
        {{- '[' -}}
        {%- for item in argument -%}
            {{- format_argument(item, escape_keys=escape_keys) -}}
            {%- if not loop.last %},{% endif -%}
        {%- endfor -%}
        {{- ']' -}}
    {%- else -%}
        {{- argument -}}
    {%- endif -%}
{%- endmacro -%}
{%- macro strip_thinking(text) -%}
    {%- set ns = namespace(result='') -%}
    {%- for part in text.split('<channel|>') -%}
        {%- if '<|channel>' in part -%}
            {%- set ns.result = ns.result + part.split('<|channel>')[0] -%}
        {%- else -%}
            {%- set ns.result = ns.result + part -%}
        {%- endif -%}
    {%- endfor -%}
    {{- ns.result | trim -}}
{%- endmacro -%}

{%- macro format_tool_response_block(tool_name, response) -%}
    {{- '<|tool_response>' -}}
    {%- if response is mapping -%}
        {{- 'response:' + tool_name + '{' -}}
        {%- for key, value in response | dictsort -%}
            {{- key -}}:{{- format_argument(value, escape_keys=False) -}}
            {%- if not loop.last %},{% endif -%}
        {%- endfor -%}
        {{- '}' -}}
    {%- else -%}
        {{- 'response:' + tool_name + '{value:' + format_argument(response, escape_keys=False) + '}' -}}
    {%- endif -%}
    {{- '<tool_response|>' -}}
{%- endmacro -%}

{#- ===== SETUP ===== -#}
{%- set ns = namespace(prev_message_type=None, prev_non_tool_role=None) -%}
{%- set loop_messages = messages -%}
{%- set enable_thinking = enable_thinking | default(false) -%}
{%- set preserve_thinking = preserve_thinking | default(false) -%}
{{- bos_token -}}
{#- Handle System/Tool Definitions Block -#}
{%- if enable_thinking or tools or (messages and messages[0]['role'] in ['system', 'developer']) -%}
    {{- '<|turn>system\n' -}}
    {#- Inject Thinking token at the very top of the FIRST system turn -#}
    {%- if enable_thinking -%}
        {{- '<|think|>\n' -}}
        {%- set ns.prev_message_type = 'think' -%}
    {%- endif -%}
    {%- if messages and messages[0]['role'] in ['system', 'developer'] -%}
        {%- if messages[0]['content'] is string -%}
            {{- messages[0]['content'] | trim -}}
        {%- elif messages[0]['content'] is sequence -%}
            {%- for item in messages[0]['content'] -%}
                {{- item['text'] | trim + ' '-}}
            {%- endfor -%}
        {%- endif -%}
        {%- set loop_messages = messages[1:] -%}
    {%- endif -%}
    {%- if tools -%}
        {%- for tool in tools %}
            {{- '<|tool>' -}}
            {{- format_function_declaration(tool) | trim -}}
            {{- '<tool|>' -}}
        {%- endfor %}
        {%- set ns.prev_message_type = 'tool' -%}
    {%- endif -%}
    {{- '<turn|>\n' -}}
{%- endif %}

{#- Pre-scan: find last user message index for reasoning guard -#}
{%- set ns_turn = namespace(last_user_idx=-1) -%}
{%- for i in range(loop_messages | length) -%}
    {%- if loop_messages[i]['role'] == 'user' -%}
        {%- set ns_turn.last_user_idx = i -%}
    {%- endif -%}
{%- endfor -%}

{#- Loop through messages -#}
{%- for message in loop_messages -%}
    {%- if message['role'] != 'tool' -%}
    {%- set ns.prev_message_type = None -%}
    {%- set role = 'model' if message['role'] == 'assistant' else message['role'] -%}
    {#- Detect continuation using tracked state — O(1) instead of O(n) backward scan -#}
    {%- set continue_same_model_turn = (role == 'model' and ns.prev_non_tool_role == 'assistant') -%}
    {%- if not continue_same_model_turn -%}
        {{- '<|turn>' + role + '\n' }}
    {%- endif -%}

    {#- Render reasoning/reasoning_content as thinking channel -#}
    {%- set thinking_text = message.get('reasoning') or message.get('reasoning_content') -%}
    {%- set thinking_gate = (loop.index0 > ns_turn.last_user_idx) or (preserve_thinking and message.get('tool_calls')) -%}
    {%- if thinking_text and thinking_gate -%}
        {{- '<|channel>thought\n' + thinking_text + '\n<channel|>' -}}
    {%- endif -%}

            {%- if message.get('tool_calls') -%}
                {%- for tool_call in message.get('tool_calls') -%}
                    {%- set function = tool_call['function'] -%}
                    {{- '<|tool_call>call:' + function['name'] + '{' -}}
                    {%- if function['arguments'] is mapping -%}
                        {%- set ns_args = namespace(found_first=false) -%}
                        {%- for key, value in function['arguments'] | dictsort -%}
                            {%- if ns_args.found_first %},{% endif -%}
                            {%- set ns_args.found_first = true -%}
                            {{- key -}}:{{- format_argument(value, escape_keys=False) -}}
                        {%- endfor -%}
                    {%- elif function['arguments'] is none -%}
                    {%- else -%}
                        {{- raise_exception(
                            "chat_template: tool_calls[].function.arguments must be a "
                            "JSON object (mapping), not a string. Deserialize arguments "
                            "before passing to the template."
                        ) -}}
                    {%- endif -%}
                    {{- '}<tool_call|>' -}}
                {%- endfor -%}
                {%- set ns.prev_message_type = 'tool_call' -%}
            {%- endif -%}

            {%- set ns_tr_out = namespace(flag=false) -%}
            {%- if message.get('tool_responses') -%}
                {#- Legacy: tool_responses embedded on the assistant message (Google/Gemma native) -#}
                {%- for tool_response in message.get('tool_responses') -%}
                    {{- format_tool_response_block(tool_response['name'] | default('unknown', true), tool_response['response']) -}}
                    {%- set ns_tr_out.flag = true -%}
                    {%- set ns.prev_message_type = 'tool_response' -%}
                {%- endfor -%}
            {%- elif message.get('tool_calls') -%}
                {#- OpenAI Chat Completions: forward-scan consecutive role:tool messages -#}
                {%- set ns_tool_scan = namespace(stopped=false) -%}
                {%- for k in range(loop.index0 + 1, loop_messages | length) -%}
                    {%- if ns_tool_scan.stopped -%}
                    {%- elif loop_messages[k]['role'] != 'tool' -%}
                        {%- set ns_tool_scan.stopped = true -%}
                    {%- else -%}
                        {%- set follow = loop_messages[k] -%}
                        {#- Resolve tool_call_id to function name -#}
                        {%- set ns_tname = namespace(name=follow.get('name') or 'unknown') -%}
                        {%- for tc in message.get('tool_calls') -%}
                            {%- if tc.get('id') == follow.get('tool_call_id') -%}
                                {%- set ns_tname.name = tc['function']['name'] -%}
                            {%- endif -%}
                        {%- endfor -%}
                        {#- Handle content as string or content-parts array -#}
                        {%- set tool_body = follow.get('content') -%}
                        {%- if tool_body is string -%}
                            {{- format_tool_response_block(ns_tname.name, tool_body) -}}
                        {%- elif tool_body is sequence and tool_body is not string -%}
                            {%- set ns_txt = namespace(s='') -%}
                            {%- for part in tool_body -%}
                                {%- if part.get('type') == 'text' -%}
                                    {%- set ns_txt.s = ns_txt.s + (part.get('text') | default('')) -%}
                                {%- endif -%}
                            {%- endfor -%}
                            {{- format_tool_response_block(ns_tname.name, ns_txt.s) -}}
                            {%- for part in tool_body -%}
                                {%- if part.get('type') in ['image', 'image_url'] -%}
                                    {{- '<|image|>' -}}
                                {%- elif part.get('type') in ['audio', 'input_audio'] -%}
                                    {{- '<|audio|>' -}}
                                {%- elif part.get('type') == 'video' -%}
                                    {{- '<|video|>' -}}
                                {%- endif -%}
                            {%- endfor -%}
                        {%- else -%}
                            {{- format_tool_response_block(ns_tname.name, tool_body) -}}
                        {%- endif -%}
                        {%- set ns_tr_out.flag = true -%}
                        {%- set ns.prev_message_type = 'tool_response' -%}
                    {%- endif -%}
                {%- endfor -%}
            {%- endif -%}

            {%- set captured_content -%}
            {%- if message.get('content') is string -%}
                {%- if role == 'model' -%}
                    {{- strip_thinking(message['content']) -}}
                {%- else -%}
                    {{- message['content'] | trim -}}
                {%- endif -%}
            {%- elif message.get('content') is sequence -%}
                {%- for item in message['content'] -%}
                    {%- if item.get('type') == 'text' -%}
                        {%- if role == 'model' -%}
                            {{- strip_thinking(item['text']) -}}
                        {%- else -%}
                            {{- item['text'] | trim -}}
                        {%- endif -%}
                    {%- elif item.get('type') in ['image', 'image_url'] -%}
                        {{- '<|image|>' -}}
                    {%- elif item.get('type') in ['audio', 'input_audio'] -%}
                        {{- '<|audio|>' -}}
                    {%- elif item.get('type') == 'video' -%}
                        {{- '<|video|>' -}}
                    {%- endif -%}
                {%- endfor -%}
            {%- endif -%}
            {%- endset -%}

            {{- captured_content -}}
            {%- set has_content = captured_content | trim | length > 0 -%}

        {#- Forward-scan: find next non-tool message role for continuation detection -#}
        {%- set next_nt = namespace(role=None, found=false) -%}
        {%- for j in range(loop.index0 + 1, loop_messages | length) -%}
            {%- if not next_nt.found -%}
                {%- if loop_messages[j]['role'] != 'tool' -%}
                    {%- set next_nt.role = loop_messages[j]['role'] -%}
                    {%- set next_nt.found = true -%}
                {%- endif -%}
            {%- endif -%}
        {%- endfor -%}

        {%- set continues_into_next = (
            role == 'model'
            and next_nt.role == 'assistant'
            and (not message.get('tool_calls') or ns_tr_out.flag)
        ) -%}

        {%- if ns.prev_message_type == 'tool_call' and not ns_tr_out.flag -%}
            {{- '<|tool_response>' -}}
        {%- elif continues_into_next -%}
        {%- elif not (ns_tr_out.flag and not has_content and not next_nt.found) -%}
            {{- '<turn|>\n' -}}
        {%- endif -%}

    {#- Track previous non-tool role for next iteration (avoids O(n) backward scan) -#}
    {%- set ns.prev_non_tool_role = message['role'] -%}
    {%- endif -%}
{%- endfor -%}

{%- if add_generation_prompt -%}
    {%- if ns.prev_message_type != 'tool_response' and ns.prev_message_type != 'tool_call' -%}
        {{- '<|turn>model\n' -}}
    {%- elif ns.prev_message_type == 'tool_response' and enable_thinking -%}
        {{- '<|channel>thought\n' -}}
    {%- endif -%}
{%- endif -%}

INFO:gguf.gguf_writer:Writing the following files:
INFO:gguf.gguf_writer:upload-gemma_4_E4B_it/mtp-gemma-4-E4B-it-QAT-BF16.gguf: n_tensors = 49, total_size = 156.0M

Writing:   0%|          | 0.00/156M [00:00<?, ?byte/s][AWriting: 100%|██████████| 156M/156M [00:00<00:00, 201Mbyte/s]
INFO:hf-to-gguf:Model successfully exported to upload-gemma_4_E4B_it/mtp-gemma-4-E4B-it-QAT-BF16.gguf
+ ./llama.cpp/build/bin/llama-quantize --pure ./upload-gemma_4_E4B_it/mtp-gemma-4-E4B-it-QAT-BF16.gguf ./upload-gemma_4_E4B_it/mtp-gemma-4-E4B-it-Q4_0.gguf Q4_0
llama_print_build_info: build = 1 (7cdd557)
llama_print_build_info: built with GNU 14.2.0 for Linux x86_64
llama_quantize: quantizing './upload-gemma_4_E4B_it/mtp-gemma-4-E4B-it-QAT-BF16.gguf' to './upload-gemma_4_E4B_it/mtp-gemma-4-E4B-it-Q4_0.gguf' as Q4_0
llama_model_loader: loaded meta data with 50 key-value pairs and 49 tensors from ./upload-gemma_4_E4B_it/mtp-gemma-4-E4B-it-QAT-BF16.gguf (version GGUF V3 (latest))
llama_model_loader: Dumping metadata keys/values. Note: KV overrides do not apply in this output.
llama_model_loader: - kv   0:                       general.architecture str              = gemma4-assistant
llama_model_loader: - kv   1:                               general.type str              = model
llama_model_loader: - kv   2:                     general.sampling.top_k i32              = 64
llama_model_loader: - kv   3:                     general.sampling.top_p f32              = 0.950000
llama_model_loader: - kv   4:                      general.sampling.temp f32              = 1.000000
llama_model_loader: - kv   5:                               general.name str              = gemma-4-E4B-it
llama_model_loader: - kv   6:                         general.size_label str              = 78M
llama_model_loader: - kv   7:                            general.license str              = apache-2.0
llama_model_loader: - kv   8:                       general.license.link str              = https://ai.google.dev/gemma/docs/gemm...
llama_model_loader: - kv   9:                   general.base_model.count u32              = 1
llama_model_loader: - kv  10:                  general.base_model.0.name str              = Gemma 4 E4B It Assistant
llama_model_loader: - kv  11:          general.base_model.0.organization str              = Google
llama_model_loader: - kv  12:              general.base_model.0.repo_url str              = https://huggingface.co/google/gemma-4...
llama_model_loader: - kv  13:                               general.tags arr[str,1]       = ["any-to-any"]
llama_model_loader: - kv  14:               gemma4-assistant.block_count u32              = 4
llama_model_loader: - kv  15:            gemma4-assistant.context_length u32              = 131072
llama_model_loader: - kv  16:          gemma4-assistant.embedding_length u32              = 256
llama_model_loader: - kv  17:       gemma4-assistant.feed_forward_length u32              = 2048
llama_model_loader: - kv  18:      gemma4-assistant.attention.head_count u32              = 4
llama_model_loader: - kv  19:   gemma4-assistant.attention.head_count_kv u32              = 2
llama_model_loader: - kv  20:            gemma4-assistant.rope.freq_base f32              = 1000000.000000
llama_model_loader: - kv  21:        gemma4-assistant.rope.freq_base_swa f32              = 10000.000000
llama_model_loader: - kv  22: gemma4-assistant.attention.layer_norm_rms_epsilon f32              = 0.000001
llama_model_loader: - kv  23:      gemma4-assistant.attention.key_length u32              = 512
llama_model_loader: - kv  24:    gemma4-assistant.attention.value_length u32              = 512
llama_model_loader: - kv  25:                          general.file_type u32              = 32
llama_model_loader: - kv  26:  gemma4-assistant.attention.sliding_window u32              = 512
llama_model_loader: - kv  27: gemma4-assistant.attention.shared_kv_layers u32              = 4
llama_model_loader: - kv  28: gemma4-assistant.embedding_length_per_layer_input u32              = 0
llama_model_loader: - kv  29: gemma4-assistant.attention.sliding_window_pattern arr[bool,4]      = [true, true, true, false]
llama_model_loader: - kv  30:  gemma4-assistant.attention.key_length_swa u32              = 256
llama_model_loader: - kv  31: gemma4-assistant.attention.value_length_swa u32              = 256
llama_model_loader: - kv  32:      gemma4-assistant.rope.dimension_count u32              = 512
llama_model_loader: - kv  33:  gemma4-assistant.rope.dimension_count_swa u32              = 256
llama_model_loader: - kv  34:      gemma4-assistant.embedding_length_out u32              = 2560
llama_model_loader: - kv  35:      gemma4-assistant.nextn_predict_layers u32              = 4
llama_model_loader: - kv  36:               general.quantization_version u32              = 2
llama_model_loader: - kv  37:                       tokenizer.ggml.model str              = gemma4
llama_model_loader: - kv  38:                      tokenizer.ggml.tokens arr[str,262144]  = ["<pad>", "<eos>", "<bos>", "<unk>", ...
llama_model_loader: - kv  39:                      tokenizer.ggml.scores arr[f32,262144]  = [-1000.000000, -1000.000000, -1000.00...
llama_model_loader: - kv  40:                  tokenizer.ggml.token_type arr[i32,262144]  = [3, 3, 3, 3, 3, 1, 1, 1, 1, 1, 1, 1, ...
llama_model_loader: - kv  41:                      tokenizer.ggml.merges arr[str,514906]  = ["\n\n\n\n\n\n\n\n\n\n\n\n\n\n\n\n\n\n\n\n\n\n\n\n\n\n\n\n\n\n \n", ...
llama_model_loader: - kv  42:                tokenizer.ggml.bos_token_id u32              = 2
llama_model_loader: - kv  43:                tokenizer.ggml.eos_token_id u32              = 1
llama_model_loader: - kv  44:            tokenizer.ggml.unknown_token_id u32              = 3
llama_model_loader: - kv  45:            tokenizer.ggml.padding_token_id u32              = 0
llama_model_loader: - kv  46:               tokenizer.ggml.mask_token_id u32              = 4
llama_model_loader: - kv  47:                    tokenizer.chat_template str              = {#\n  Template: Google Gemma 4 Canonic...
llama_model_loader: - kv  48:            tokenizer.ggml.add_space_prefix bool             = false
llama_model_loader: - kv  49:               tokenizer.ggml.add_bos_token bool             = true
llama_model_loader: - type  f32:   26 tensors
llama_model_loader: - type bf16:   23 tensors
[   1/  49] nextn.post_projection.weight         - [   256,   2560,      1,      1], type =   bf16, converting to q4_0 .. size =     1.25 MiB ->     0.35 MiB
[   2/  49] nextn.pre_projection.weight          - [  5120,    256,      1,      1], type =   bf16, converting to q4_0 .. size =     2.50 MiB ->     0.70 MiB
[   3/  49] output_norm.weight                   - [   256,      1,      1,      1], type =    f32, size =    0.001 MiB
[   4/  49] rope_freqs.weight                    - [   256,      1,      1,      1], type =    f32, size =    0.001 MiB
[   5/  49] token_embd.weight                    - [   256, 262144,      1,      1], type =   bf16, converting to q4_0 .. size =   128.00 MiB ->    36.00 MiB
[   6/  49] blk.0.attn_norm.weight               - [   256,      1,      1,      1], type =    f32, size =    0.001 MiB
[   7/  49] blk.0.attn_output.weight             - [  1024,    256,      1,      1], type =   bf16, converting to q4_0 .. size =     0.50 MiB ->     0.14 MiB
[   8/  49] blk.0.attn_q.weight                  - [   256,   1024,      1,      1], type =   bf16, converting to q4_0 .. size =     0.50 MiB ->     0.14 MiB
[   9/  49] blk.0.attn_q_norm.weight             - [   256,      1,      1,      1], type =    f32, size =    0.001 MiB
[  10/  49] blk.0.ffn_down.weight                - [  2048,    256,      1,      1], type =   bf16, converting to q4_0 .. size =     1.00 MiB ->     0.28 MiB
[  11/  49] blk.0.ffn_gate.weight                - [   256,   2048,      1,      1], type =   bf16, converting to q4_0 .. size =     1.00 MiB ->     0.28 MiB
[  12/  49] blk.0.ffn_norm.weight                - [   256,      1,      1,      1], type =    f32, size =    0.001 MiB
[  13/  49] blk.0.ffn_up.weight                  - [   256,   2048,      1,      1], type =   bf16, converting to q4_0 .. size =     1.00 MiB ->     0.28 MiB
[  14/  49] blk.0.layer_output_scale.weight      - [     1,      1,      1,      1], type =    f32, size =    0.000 MiB
[  15/  49] blk.0.post_attention_norm.weight     - [   256,      1,      1,      1], type =    f32, size =    0.001 MiB
[  16/  49] blk.0.post_ffw_norm.weight           - [   256,      1,      1,      1], type =    f32, size =    0.001 MiB
[  17/  49] blk.1.attn_norm.weight               - [   256,      1,      1,      1], type =    f32, size =    0.001 MiB
[  18/  49] blk.1.attn_output.weight             - [  1024,    256,      1,      1], type =   bf16, converting to q4_0 .. size =     0.50 MiB ->     0.14 MiB
[  19/  49] blk.1.attn_q.weight                  - [   256,   1024,      1,      1], type =   bf16, converting to q4_0 .. size =     0.50 MiB ->     0.14 MiB
[  20/  49] blk.1.attn_q_norm.weight             - [   256,      1,      1,      1], type =    f32, size =    0.001 MiB
[  21/  49] blk.1.ffn_down.weight                - [  2048,    256,      1,      1], type =   bf16, converting to q4_0 .. size =     1.00 MiB ->     0.28 MiB
[  22/  49] blk.1.ffn_gate.weight                - [   256,   2048,      1,      1], type =   bf16, converting to q4_0 .. size =     1.00 MiB ->     0.28 MiB
[  23/  49] blk.1.ffn_norm.weight                - [   256,      1,      1,      1], type =    f32, size =    0.001 MiB
[  24/  49] blk.1.ffn_up.weight                  - [   256,   2048,      1,      1], type =   bf16, converting to q4_0 .. size =     1.00 MiB ->     0.28 MiB
[  25/  49] blk.1.layer_output_scale.weight      - [     1,      1,      1,      1], type =    f32, size =    0.000 MiB
[  26/  49] blk.1.post_attention_norm.weight     - [   256,      1,      1,      1], type =    f32, size =    0.001 MiB
[  27/  49] blk.1.post_ffw_norm.weight           - [   256,      1,      1,      1], type =    f32, size =    0.001 MiB
[  28/  49] blk.2.attn_norm.weight               - [   256,      1,      1,      1], type =    f32, size =    0.001 MiB
[  29/  49] blk.2.attn_output.weight             - [  1024,    256,      1,      1], type =   bf16, converting to q4_0 .. size =     0.50 MiB ->     0.14 MiB
[  30/  49] blk.2.attn_q.weight                  - [   256,   1024,      1,      1], type =   bf16, converting to q4_0 .. size =     0.50 MiB ->     0.14 MiB
[  31/  49] blk.2.attn_q_norm.weight             - [   256,      1,      1,      1], type =    f32, size =    0.001 MiB
[  32/  49] blk.2.ffn_down.weight                - [  2048,    256,      1,      1], type =   bf16, converting to q4_0 .. size =     1.00 MiB ->     0.28 MiB
[  33/  49] blk.2.ffn_gate.weight                - [   256,   2048,      1,      1], type =   bf16, converting to q4_0 .. size =     1.00 MiB ->     0.28 MiB
[  34/  49] blk.2.ffn_norm.weight                - [   256,      1,      1,      1], type =    f32, size =    0.001 MiB
[  35/  49] blk.2.ffn_up.weight                  - [   256,   2048,      1,      1], type =   bf16, converting to q4_0 .. size =     1.00 MiB ->     0.28 MiB
[  36/  49] blk.2.layer_output_scale.weight      - [     1,      1,      1,      1], type =    f32, size =    0.000 MiB
[  37/  49] blk.2.post_attention_norm.weight     - [   256,      1,      1,      1], type =    f32, size =    0.001 MiB
[  38/  49] blk.2.post_ffw_norm.weight           - [   256,      1,      1,      1], type =    f32, size =    0.001 MiB
[  39/  49] blk.3.attn_norm.weight               - [   256,      1,      1,      1], type =    f32, size =    0.001 MiB
[  40/  49] blk.3.attn_output.weight             - [  2048,    256,      1,      1], type =   bf16, converting to q4_0 .. size =     1.00 MiB ->     0.28 MiB
[  41/  49] blk.3.attn_q.weight                  - [   256,   2048,      1,      1], type =   bf16, converting to q4_0 .. size =     1.00 MiB ->     0.28 MiB
[  42/  49] blk.3.attn_q_norm.weight             - [   512,      1,      1,      1], type =    f32, size =    0.002 MiB
[  43/  49] blk.3.ffn_down.weight                - [  2048,    256,      1,      1], type =   bf16, converting to q4_0 .. size =     1.00 MiB ->     0.28 MiB
[  44/  49] blk.3.ffn_gate.weight                - [   256,   2048,      1,      1], type =   bf16, converting to q4_0 .. size =     1.00 MiB ->     0.28 MiB
[  45/  49] blk.3.ffn_norm.weight                - [   256,      1,      1,      1], type =    f32, size =    0.001 MiB
[  46/  49] blk.3.ffn_up.weight                  - [   256,   2048,      1,      1], type =   bf16, converting to q4_0 .. size =     1.00 MiB ->     0.28 MiB
[  47/  49] blk.3.layer_output_scale.weight      - [     1,      1,      1,      1], type =    f32, size =    0.000 MiB
[  48/  49] blk.3.post_attention_norm.weight     - [   256,      1,      1,      1], type =    f32, size =    0.001 MiB
[  49/  49] blk.3.post_ffw_norm.weight           - [   256,      1,      1,      1], type =    f32, size =    0.001 MiB
llama_model_quantize_impl: model size  =   148.77 MiB (16.00 BPW)
llama_model_quantize_impl: quant size  =    41.86 MiB (4.50 BPW)

llama_quantize: quantize time =  1230.44 ms
llama_quantize:    total time =  1230.44 ms
+ python3 ./llama.cpp/convert_hf_to_gguf.py ./model-temp-gemma_4_E4B_it-QAT_Q4_0_UNQUANTIZED --outtype bf16 --outfile ./upload-gemma_4_E4B_it/gemma-4-E4B-it-QAT-BF16.gguf --model-name gemma-4-E4B-it
INFO:hf-to-gguf:Loading model: model-temp-gemma_4_E4B_it-QAT_Q4_0_UNQUANTIZED
INFO:hf-to-gguf:Model architecture: Gemma4ForConditionalGeneration
INFO:hf-to-gguf:gguf: indexing model part 'model.safetensors'
INFO:gguf.gguf_writer:gguf: This GGUF file is for Little Endian only
INFO:hf-to-gguf:Exporting model...
INFO:hf-to-gguf:rope_freqs.weight,                 torch.float32 --> F32, shape = {256}
INFO:hf-to-gguf:token_embd.weight,                 torch.bfloat16 --> BF16, shape = {2560, 262144}
INFO:hf-to-gguf:per_layer_token_embd.weight,       torch.bfloat16 --> BF16, shape = {10752, 262144}
INFO:hf-to-gguf:blk.0.attn_norm.weight,            torch.bfloat16 --> F32, shape = {2560}
INFO:hf-to-gguf:blk.0.layer_output_scale.weight,   torch.bfloat16 --> F32, shape = {1}
INFO:hf-to-gguf:blk.0.ffn_down.weight,             torch.bfloat16 --> BF16, shape = {10240, 2560}
INFO:hf-to-gguf:blk.0.ffn_gate.weight,             torch.bfloat16 --> BF16, shape = {2560, 10240}
INFO:hf-to-gguf:blk.0.ffn_up.weight,               torch.bfloat16 --> BF16, shape = {2560, 10240}
INFO:hf-to-gguf:blk.0.inp_gate.weight,             torch.bfloat16 --> BF16, shape = {2560, 256}
INFO:hf-to-gguf:blk.0.proj.weight,                 torch.bfloat16 --> BF16, shape = {256, 2560}
INFO:hf-to-gguf:blk.0.post_attention_norm.weight,  torch.bfloat16 --> F32, shape = {2560}
INFO:hf-to-gguf:blk.0.post_ffw_norm.weight,        torch.bfloat16 --> F32, shape = {2560}
INFO:hf-to-gguf:blk.0.post_norm.weight,            torch.bfloat16 --> F32, shape = {2560}
INFO:hf-to-gguf:blk.0.ffn_norm.weight,             torch.bfloat16 --> F32, shape = {2560}
INFO:hf-to-gguf:blk.0.attn_k_norm.weight,          torch.bfloat16 --> F32, shape = {256}
INFO:hf-to-gguf:blk.0.attn_k.weight,               torch.bfloat16 --> BF16, shape = {2560, 512}
INFO:hf-to-gguf:blk.0.attn_output.weight,          torch.bfloat16 --> BF16, shape = {2048, 2560}
INFO:hf-to-gguf:blk.0.attn_q_norm.weight,          torch.bfloat16 --> F32, shape = {256}
INFO:hf-to-gguf:blk.0.attn_q.weight,               torch.bfloat16 --> BF16, shape = {2560, 2048}
INFO:hf-to-gguf:blk.0.attn_v.weight,               torch.bfloat16 --> BF16, shape = {2560, 512}
INFO:hf-to-gguf:blk.1.attn_norm.weight,            torch.bfloat16 --> F32, shape = {2560}
INFO:hf-to-gguf:blk.1.layer_output_scale.weight,   torch.bfloat16 --> F32, shape = {1}
INFO:hf-to-gguf:blk.1.ffn_down.weight,             torch.bfloat16 --> BF16, shape = {10240, 2560}
INFO:hf-to-gguf:blk.1.ffn_gate.weight,             torch.bfloat16 --> BF16, shape = {2560, 10240}
INFO:hf-to-gguf:blk.1.ffn_up.weight,               torch.bfloat16 --> BF16, shape = {2560, 10240}
INFO:hf-to-gguf:blk.1.inp_gate.weight,             torch.bfloat16 --> BF16, shape = {2560, 256}
INFO:hf-to-gguf:blk.1.proj.weight,                 torch.bfloat16 --> BF16, shape = {256, 2560}
INFO:hf-to-gguf:blk.1.post_attention_norm.weight,  torch.bfloat16 --> F32, shape = {2560}
INFO:hf-to-gguf:blk.1.post_ffw_norm.weight,        torch.bfloat16 --> F32, shape = {2560}
INFO:hf-to-gguf:blk.1.post_norm.weight,            torch.bfloat16 --> F32, shape = {2560}
INFO:hf-to-gguf:blk.1.ffn_norm.weight,             torch.bfloat16 --> F32, shape = {2560}
INFO:hf-to-gguf:blk.1.attn_k_norm.weight,          torch.bfloat16 --> F32, shape = {256}
INFO:hf-to-gguf:blk.1.attn_k.weight,               torch.bfloat16 --> BF16, shape = {2560, 512}
INFO:hf-to-gguf:blk.1.attn_output.weight,          torch.bfloat16 --> BF16, shape = {2048, 2560}
INFO:hf-to-gguf:blk.1.attn_q_norm.weight,          torch.bfloat16 --> F32, shape = {256}
INFO:hf-to-gguf:blk.1.attn_q.weight,               torch.bfloat16 --> BF16, shape = {2560, 2048}
INFO:hf-to-gguf:blk.1.attn_v.weight,               torch.bfloat16 --> BF16, shape = {2560, 512}
INFO:hf-to-gguf:blk.10.attn_norm.weight,           torch.bfloat16 --> F32, shape = {2560}
INFO:hf-to-gguf:blk.10.layer_output_scale.weight,  torch.bfloat16 --> F32, shape = {1}
INFO:hf-to-gguf:blk.10.ffn_down.weight,            torch.bfloat16 --> BF16, shape = {10240, 2560}
INFO:hf-to-gguf:blk.10.ffn_gate.weight,            torch.bfloat16 --> BF16, shape = {2560, 10240}
INFO:hf-to-gguf:blk.10.ffn_up.weight,              torch.bfloat16 --> BF16, shape = {2560, 10240}
INFO:hf-to-gguf:blk.10.inp_gate.weight,            torch.bfloat16 --> BF16, shape = {2560, 256}
INFO:hf-to-gguf:blk.10.proj.weight,                torch.bfloat16 --> BF16, shape = {256, 2560}
INFO:hf-to-gguf:blk.10.post_attention_norm.weight, torch.bfloat16 --> F32, shape = {2560}
INFO:hf-to-gguf:blk.10.post_ffw_norm.weight,       torch.bfloat16 --> F32, shape = {2560}
INFO:hf-to-gguf:blk.10.post_norm.weight,           torch.bfloat16 --> F32, shape = {2560}
INFO:hf-to-gguf:blk.10.ffn_norm.weight,            torch.bfloat16 --> F32, shape = {2560}
INFO:hf-to-gguf:blk.10.attn_k_norm.weight,         torch.bfloat16 --> F32, shape = {256}
INFO:hf-to-gguf:blk.10.attn_k.weight,              torch.bfloat16 --> BF16, shape = {2560, 512}
INFO:hf-to-gguf:blk.10.attn_output.weight,         torch.bfloat16 --> BF16, shape = {2048, 2560}
INFO:hf-to-gguf:blk.10.attn_q_norm.weight,         torch.bfloat16 --> F32, shape = {256}
INFO:hf-to-gguf:blk.10.attn_q.weight,              torch.bfloat16 --> BF16, shape = {2560, 2048}
INFO:hf-to-gguf:blk.10.attn_v.weight,              torch.bfloat16 --> BF16, shape = {2560, 512}
INFO:hf-to-gguf:blk.11.attn_norm.weight,           torch.bfloat16 --> F32, shape = {2560}
INFO:hf-to-gguf:blk.11.layer_output_scale.weight,  torch.bfloat16 --> F32, shape = {1}
INFO:hf-to-gguf:blk.11.ffn_down.weight,            torch.bfloat16 --> BF16, shape = {10240, 2560}
INFO:hf-to-gguf:blk.11.ffn_gate.weight,            torch.bfloat16 --> BF16, shape = {2560, 10240}
INFO:hf-to-gguf:blk.11.ffn_up.weight,              torch.bfloat16 --> BF16, shape = {2560, 10240}
INFO:hf-to-gguf:blk.11.inp_gate.weight,            torch.bfloat16 --> BF16, shape = {2560, 256}
INFO:hf-to-gguf:blk.11.proj.weight,                torch.bfloat16 --> BF16, shape = {256, 2560}
INFO:hf-to-gguf:blk.11.post_attention_norm.weight, torch.bfloat16 --> F32, shape = {2560}
INFO:hf-to-gguf:blk.11.post_ffw_norm.weight,       torch.bfloat16 --> F32, shape = {2560}
INFO:hf-to-gguf:blk.11.post_norm.weight,           torch.bfloat16 --> F32, shape = {2560}
INFO:hf-to-gguf:blk.11.ffn_norm.weight,            torch.bfloat16 --> F32, shape = {2560}
INFO:hf-to-gguf:blk.11.attn_k_norm.weight,         torch.bfloat16 --> F32, shape = {512}
INFO:hf-to-gguf:blk.11.attn_k.weight,              torch.bfloat16 --> BF16, shape = {2560, 1024}
INFO:hf-to-gguf:blk.11.attn_output.weight,         torch.bfloat16 --> BF16, shape = {4096, 2560}
INFO:hf-to-gguf:blk.11.attn_q_norm.weight,         torch.bfloat16 --> F32, shape = {512}
INFO:hf-to-gguf:blk.11.attn_q.weight,              torch.bfloat16 --> BF16, shape = {2560, 4096}
INFO:hf-to-gguf:blk.11.attn_v.weight,              torch.bfloat16 --> BF16, shape = {2560, 1024}
INFO:hf-to-gguf:blk.12.attn_norm.weight,           torch.bfloat16 --> F32, shape = {2560}
INFO:hf-to-gguf:blk.12.layer_output_scale.weight,  torch.bfloat16 --> F32, shape = {1}
INFO:hf-to-gguf:blk.12.ffn_down.weight,            torch.bfloat16 --> BF16, shape = {10240, 2560}
INFO:hf-to-gguf:blk.12.ffn_gate.weight,            torch.bfloat16 --> BF16, shape = {2560, 10240}
INFO:hf-to-gguf:blk.12.ffn_up.weight,              torch.bfloat16 --> BF16, shape = {2560, 10240}
INFO:hf-to-gguf:blk.12.inp_gate.weight,            torch.bfloat16 --> BF16, shape = {2560, 256}
INFO:hf-to-gguf:blk.12.proj.weight,                torch.bfloat16 --> BF16, shape = {256, 2560}
INFO:hf-to-gguf:blk.12.post_attention_norm.weight, torch.bfloat16 --> F32, shape = {2560}
INFO:hf-to-gguf:blk.12.post_ffw_norm.weight,       torch.bfloat16 --> F32, shape = {2560}
INFO:hf-to-gguf:blk.12.post_norm.weight,           torch.bfloat16 --> F32, shape = {2560}
INFO:hf-to-gguf:blk.12.ffn_norm.weight,            torch.bfloat16 --> F32, shape = {2560}
INFO:hf-to-gguf:blk.12.attn_k_norm.weight,         torch.bfloat16 --> F32, shape = {256}
INFO:hf-to-gguf:blk.12.attn_k.weight,              torch.bfloat16 --> BF16, shape = {2560, 512}
INFO:hf-to-gguf:blk.12.attn_output.weight,         torch.bfloat16 --> BF16, shape = {2048, 2560}
INFO:hf-to-gguf:blk.12.attn_q_norm.weight,         torch.bfloat16 --> F32, shape = {256}
INFO:hf-to-gguf:blk.12.attn_q.weight,              torch.bfloat16 --> BF16, shape = {2560, 2048}
INFO:hf-to-gguf:blk.12.attn_v.weight,              torch.bfloat16 --> BF16, shape = {2560, 512}
INFO:hf-to-gguf:blk.13.attn_norm.weight,           torch.bfloat16 --> F32, shape = {2560}
INFO:hf-to-gguf:blk.13.layer_output_scale.weight,  torch.bfloat16 --> F32, shape = {1}
INFO:hf-to-gguf:blk.13.ffn_down.weight,            torch.bfloat16 --> BF16, shape = {10240, 2560}
INFO:hf-to-gguf:blk.13.ffn_gate.weight,            torch.bfloat16 --> BF16, shape = {2560, 10240}
INFO:hf-to-gguf:blk.13.ffn_up.weight,              torch.bfloat16 --> BF16, shape = {2560, 10240}
INFO:hf-to-gguf:blk.13.inp_gate.weight,            torch.bfloat16 --> BF16, shape = {2560, 256}
INFO:hf-to-gguf:blk.13.proj.weight,                torch.bfloat16 --> BF16, shape = {256, 2560}
INFO:hf-to-gguf:blk.13.post_attention_norm.weight, torch.bfloat16 --> F32, shape = {2560}
INFO:hf-to-gguf:blk.13.post_ffw_norm.weight,       torch.bfloat16 --> F32, shape = {2560}
INFO:hf-to-gguf:blk.13.post_norm.weight,           torch.bfloat16 --> F32, shape = {2560}
INFO:hf-to-gguf:blk.13.ffn_norm.weight,            torch.bfloat16 --> F32, shape = {2560}
INFO:hf-to-gguf:blk.13.attn_k_norm.weight,         torch.bfloat16 --> F32, shape = {256}
INFO:hf-to-gguf:blk.13.attn_k.weight,              torch.bfloat16 --> BF16, shape = {2560, 512}
INFO:hf-to-gguf:blk.13.attn_output.weight,         torch.bfloat16 --> BF16, shape = {2048, 2560}
INFO:hf-to-gguf:blk.13.attn_q_norm.weight,         torch.bfloat16 --> F32, shape = {256}
INFO:hf-to-gguf:blk.13.attn_q.weight,              torch.bfloat16 --> BF16, shape = {2560, 2048}
INFO:hf-to-gguf:blk.13.attn_v.weight,              torch.bfloat16 --> BF16, shape = {2560, 512}
INFO:hf-to-gguf:blk.14.attn_norm.weight,           torch.bfloat16 --> F32, shape = {2560}
INFO:hf-to-gguf:blk.14.layer_output_scale.weight,  torch.bfloat16 --> F32, shape = {1}
INFO:hf-to-gguf:blk.14.ffn_down.weight,            torch.bfloat16 --> BF16, shape = {10240, 2560}
INFO:hf-to-gguf:blk.14.ffn_gate.weight,            torch.bfloat16 --> BF16, shape = {2560, 10240}
INFO:hf-to-gguf:blk.14.ffn_up.weight,              torch.bfloat16 --> BF16, shape = {2560, 10240}
INFO:hf-to-gguf:blk.14.inp_gate.weight,            torch.bfloat16 --> BF16, shape = {2560, 256}
INFO:hf-to-gguf:blk.14.proj.weight,                torch.bfloat16 --> BF16, shape = {256, 2560}
INFO:hf-to-gguf:blk.14.post_attention_norm.weight, torch.bfloat16 --> F32, shape = {2560}
INFO:hf-to-gguf:blk.14.post_ffw_norm.weight,       torch.bfloat16 --> F32, shape = {2560}
INFO:hf-to-gguf:blk.14.post_norm.weight,           torch.bfloat16 --> F32, shape = {2560}
INFO:hf-to-gguf:blk.14.ffn_norm.weight,            torch.bfloat16 --> F32, shape = {2560}
INFO:hf-to-gguf:blk.14.attn_k_norm.weight,         torch.bfloat16 --> F32, shape = {256}
INFO:hf-to-gguf:blk.14.attn_k.weight,              torch.bfloat16 --> BF16, shape = {2560, 512}
INFO:hf-to-gguf:blk.14.attn_output.weight,         torch.bfloat16 --> BF16, shape = {2048, 2560}
INFO:hf-to-gguf:blk.14.attn_q_norm.weight,         torch.bfloat16 --> F32, shape = {256}
INFO:hf-to-gguf:blk.14.attn_q.weight,              torch.bfloat16 --> BF16, shape = {2560, 2048}
INFO:hf-to-gguf:blk.14.attn_v.weight,              torch.bfloat16 --> BF16, shape = {2560, 512}
INFO:hf-to-gguf:blk.15.attn_norm.weight,           torch.bfloat16 --> F32, shape = {2560}
INFO:hf-to-gguf:blk.15.layer_output_scale.weight,  torch.bfloat16 --> F32, shape = {1}
INFO:hf-to-gguf:blk.15.ffn_down.weight,            torch.bfloat16 --> BF16, shape = {10240, 2560}
INFO:hf-to-gguf:blk.15.ffn_gate.weight,            torch.bfloat16 --> BF16, shape = {2560, 10240}
INFO:hf-to-gguf:blk.15.ffn_up.weight,              torch.bfloat16 --> BF16, shape = {2560, 10240}
INFO:hf-to-gguf:blk.15.inp_gate.weight,            torch.bfloat16 --> BF16, shape = {2560, 256}
INFO:hf-to-gguf:blk.15.proj.weight,                torch.bfloat16 --> BF16, shape = {256, 2560}
INFO:hf-to-gguf:blk.15.post_attention_norm.weight, torch.bfloat16 --> F32, shape = {2560}
INFO:hf-to-gguf:blk.15.post_ffw_norm.weight,       torch.bfloat16 --> F32, shape = {2560}
INFO:hf-to-gguf:blk.15.post_norm.weight,           torch.bfloat16 --> F32, shape = {2560}
INFO:hf-to-gguf:blk.15.ffn_norm.weight,            torch.bfloat16 --> F32, shape = {2560}
INFO:hf-to-gguf:blk.15.attn_k_norm.weight,         torch.bfloat16 --> F32, shape = {256}
INFO:hf-to-gguf:blk.15.attn_k.weight,              torch.bfloat16 --> BF16, shape = {2560, 512}
INFO:hf-to-gguf:blk.15.attn_output.weight,         torch.bfloat16 --> BF16, shape = {2048, 2560}
INFO:hf-to-gguf:blk.15.attn_q_norm.weight,         torch.bfloat16 --> F32, shape = {256}
INFO:hf-to-gguf:blk.15.attn_q.weight,              torch.bfloat16 --> BF16, shape = {2560, 2048}
INFO:hf-to-gguf:blk.15.attn_v.weight,              torch.bfloat16 --> BF16, shape = {2560, 512}
INFO:hf-to-gguf:blk.16.attn_norm.weight,           torch.bfloat16 --> F32, shape = {2560}
INFO:hf-to-gguf:blk.16.layer_output_scale.weight,  torch.bfloat16 --> F32, shape = {1}
INFO:hf-to-gguf:blk.16.ffn_down.weight,            torch.bfloat16 --> BF16, shape = {10240, 2560}
INFO:hf-to-gguf:blk.16.ffn_gate.weight,            torch.bfloat16 --> BF16, shape = {2560, 10240}
INFO:hf-to-gguf:blk.16.ffn_up.weight,              torch.bfloat16 --> BF16, shape = {2560, 10240}
INFO:hf-to-gguf:blk.16.inp_gate.weight,            torch.bfloat16 --> BF16, shape = {2560, 256}
INFO:hf-to-gguf:blk.16.proj.weight,                torch.bfloat16 --> BF16, shape = {256, 2560}
INFO:hf-to-gguf:blk.16.post_attention_norm.weight, torch.bfloat16 --> F32, shape = {2560}
INFO:hf-to-gguf:blk.16.post_ffw_norm.weight,       torch.bfloat16 --> F32, shape = {2560}
INFO:hf-to-gguf:blk.16.post_norm.weight,           torch.bfloat16 --> F32, shape = {2560}
INFO:hf-to-gguf:blk.16.ffn_norm.weight,            torch.bfloat16 --> F32, shape = {2560}
INFO:hf-to-gguf:blk.16.attn_k_norm.weight,         torch.bfloat16 --> F32, shape = {256}
INFO:hf-to-gguf:blk.16.attn_k.weight,              torch.bfloat16 --> BF16, shape = {2560, 512}
INFO:hf-to-gguf:blk.16.attn_output.weight,         torch.bfloat16 --> BF16, shape = {2048, 2560}
INFO:hf-to-gguf:blk.16.attn_q_norm.weight,         torch.bfloat16 --> F32, shape = {256}
INFO:hf-to-gguf:blk.16.attn_q.weight,              torch.bfloat16 --> BF16, shape = {2560, 2048}
INFO:hf-to-gguf:blk.16.attn_v.weight,              torch.bfloat16 --> BF16, shape = {2560, 512}
INFO:hf-to-gguf:blk.17.attn_norm.weight,           torch.bfloat16 --> F32, shape = {2560}
INFO:hf-to-gguf:blk.17.layer_output_scale.weight,  torch.bfloat16 --> F32, shape = {1}
INFO:hf-to-gguf:blk.17.ffn_down.weight,            torch.bfloat16 --> BF16, shape = {10240, 2560}
INFO:hf-to-gguf:blk.17.ffn_gate.weight,            torch.bfloat16 --> BF16, shape = {2560, 10240}
INFO:hf-to-gguf:blk.17.ffn_up.weight,              torch.bfloat16 --> BF16, shape = {2560, 10240}
INFO:hf-to-gguf:blk.17.inp_gate.weight,            torch.bfloat16 --> BF16, shape = {2560, 256}
INFO:hf-to-gguf:blk.17.proj.weight,                torch.bfloat16 --> BF16, shape = {256, 2560}
INFO:hf-to-gguf:blk.17.post_attention_norm.weight, torch.bfloat16 --> F32, shape = {2560}
INFO:hf-to-gguf:blk.17.post_ffw_norm.weight,       torch.bfloat16 --> F32, shape = {2560}
INFO:hf-to-gguf:blk.17.post_norm.weight,           torch.bfloat16 --> F32, shape = {2560}
INFO:hf-to-gguf:blk.17.ffn_norm.weight,            torch.bfloat16 --> F32, shape = {2560}
INFO:hf-to-gguf:blk.17.attn_k_norm.weight,         torch.bfloat16 --> F32, shape = {512}
INFO:hf-to-gguf:blk.17.attn_k.weight,              torch.bfloat16 --> BF16, shape = {2560, 1024}
INFO:hf-to-gguf:blk.17.attn_output.weight,         torch.bfloat16 --> BF16, shape = {4096, 2560}
INFO:hf-to-gguf:blk.17.attn_q_norm.weight,         torch.bfloat16 --> F32, shape = {512}
INFO:hf-to-gguf:blk.17.attn_q.weight,              torch.bfloat16 --> BF16, shape = {2560, 4096}
INFO:hf-to-gguf:blk.17.attn_v.weight,              torch.bfloat16 --> BF16, shape = {2560, 1024}
INFO:hf-to-gguf:blk.18.attn_norm.weight,           torch.bfloat16 --> F32, shape = {2560}
INFO:hf-to-gguf:blk.18.layer_output_scale.weight,  torch.bfloat16 --> F32, shape = {1}
INFO:hf-to-gguf:blk.18.ffn_down.weight,            torch.bfloat16 --> BF16, shape = {10240, 2560}
INFO:hf-to-gguf:blk.18.ffn_gate.weight,            torch.bfloat16 --> BF16, shape = {2560, 10240}
INFO:hf-to-gguf:blk.18.ffn_up.weight,              torch.bfloat16 --> BF16, shape = {2560, 10240}
INFO:hf-to-gguf:blk.18.inp_gate.weight,            torch.bfloat16 --> BF16, shape = {2560, 256}
INFO:hf-to-gguf:blk.18.proj.weight,                torch.bfloat16 --> BF16, shape = {256, 2560}
INFO:hf-to-gguf:blk.18.post_attention_norm.weight, torch.bfloat16 --> F32, shape = {2560}
INFO:hf-to-gguf:blk.18.post_ffw_norm.weight,       torch.bfloat16 --> F32, shape = {2560}
INFO:hf-to-gguf:blk.18.post_norm.weight,           torch.bfloat16 --> F32, shape = {2560}
INFO:hf-to-gguf:blk.18.ffn_norm.weight,            torch.bfloat16 --> F32, shape = {2560}
INFO:hf-to-gguf:blk.18.attn_k_norm.weight,         torch.bfloat16 --> F32, shape = {256}
INFO:hf-to-gguf:blk.18.attn_k.weight,              torch.bfloat16 --> BF16, shape = {2560, 512}
INFO:hf-to-gguf:blk.18.attn_output.weight,         torch.bfloat16 --> BF16, shape = {2048, 2560}
INFO:hf-to-gguf:blk.18.attn_q_norm.weight,         torch.bfloat16 --> F32, shape = {256}
INFO:hf-to-gguf:blk.18.attn_q.weight,              torch.bfloat16 --> BF16, shape = {2560, 2048}
INFO:hf-to-gguf:blk.18.attn_v.weight,              torch.bfloat16 --> BF16, shape = {2560, 512}
INFO:hf-to-gguf:blk.19.attn_norm.weight,           torch.bfloat16 --> F32, shape = {2560}
INFO:hf-to-gguf:blk.19.layer_output_scale.weight,  torch.bfloat16 --> F32, shape = {1}
INFO:hf-to-gguf:blk.19.ffn_down.weight,            torch.bfloat16 --> BF16, shape = {10240, 2560}
INFO:hf-to-gguf:blk.19.ffn_gate.weight,            torch.bfloat16 --> BF16, shape = {2560, 10240}
INFO:hf-to-gguf:blk.19.ffn_up.weight,              torch.bfloat16 --> BF16, shape = {2560, 10240}
INFO:hf-to-gguf:blk.19.inp_gate.weight,            torch.bfloat16 --> BF16, shape = {2560, 256}
INFO:hf-to-gguf:blk.19.proj.weight,                torch.bfloat16 --> BF16, shape = {256, 2560}
INFO:hf-to-gguf:blk.19.post_attention_norm.weight, torch.bfloat16 --> F32, shape = {2560}
INFO:hf-to-gguf:blk.19.post_ffw_norm.weight,       torch.bfloat16 --> F32, shape = {2560}
INFO:hf-to-gguf:blk.19.post_norm.weight,           torch.bfloat16 --> F32, shape = {2560}
INFO:hf-to-gguf:blk.19.ffn_norm.weight,            torch.bfloat16 --> F32, shape = {2560}
INFO:hf-to-gguf:blk.19.attn_k_norm.weight,         torch.bfloat16 --> F32, shape = {256}
INFO:hf-to-gguf:blk.19.attn_k.weight,              torch.bfloat16 --> BF16, shape = {2560, 512}
INFO:hf-to-gguf:blk.19.attn_output.weight,         torch.bfloat16 --> BF16, shape = {2048, 2560}
INFO:hf-to-gguf:blk.19.attn_q_norm.weight,         torch.bfloat16 --> F32, shape = {256}
INFO:hf-to-gguf:blk.19.attn_q.weight,              torch.bfloat16 --> BF16, shape = {2560, 2048}
INFO:hf-to-gguf:blk.19.attn_v.weight,              torch.bfloat16 --> BF16, shape = {2560, 512}
INFO:hf-to-gguf:blk.2.attn_norm.weight,            torch.bfloat16 --> F32, shape = {2560}
INFO:hf-to-gguf:blk.2.layer_output_scale.weight,   torch.bfloat16 --> F32, shape = {1}
INFO:hf-to-gguf:blk.2.ffn_down.weight,             torch.bfloat16 --> BF16, shape = {10240, 2560}
INFO:hf-to-gguf:blk.2.ffn_gate.weight,             torch.bfloat16 --> BF16, shape = {2560, 10240}
INFO:hf-to-gguf:blk.2.ffn_up.weight,               torch.bfloat16 --> BF16, shape = {2560, 10240}
INFO:hf-to-gguf:blk.2.inp_gate.weight,             torch.bfloat16 --> BF16, shape = {2560, 256}
INFO:hf-to-gguf:blk.2.proj.weight,                 torch.bfloat16 --> BF16, shape = {256, 2560}
INFO:hf-to-gguf:blk.2.post_attention_norm.weight,  torch.bfloat16 --> F32, shape = {2560}
INFO:hf-to-gguf:blk.2.post_ffw_norm.weight,        torch.bfloat16 --> F32, shape = {2560}
INFO:hf-to-gguf:blk.2.post_norm.weight,            torch.bfloat16 --> F32, shape = {2560}
INFO:hf-to-gguf:blk.2.ffn_norm.weight,             torch.bfloat16 --> F32, shape = {2560}
INFO:hf-to-gguf:blk.2.attn_k_norm.weight,          torch.bfloat16 --> F32, shape = {256}
INFO:hf-to-gguf:blk.2.attn_k.weight,               torch.bfloat16 --> BF16, shape = {2560, 512}
INFO:hf-to-gguf:blk.2.attn_output.weight,          torch.bfloat16 --> BF16, shape = {2048, 2560}
INFO:hf-to-gguf:blk.2.attn_q_norm.weight,          torch.bfloat16 --> F32, shape = {256}
INFO:hf-to-gguf:blk.2.attn_q.weight,               torch.bfloat16 --> BF16, shape = {2560, 2048}
INFO:hf-to-gguf:blk.2.attn_v.weight,               torch.bfloat16 --> BF16, shape = {2560, 512}
INFO:hf-to-gguf:blk.20.attn_norm.weight,           torch.bfloat16 --> F32, shape = {2560}
INFO:hf-to-gguf:blk.20.layer_output_scale.weight,  torch.bfloat16 --> F32, shape = {1}
INFO:hf-to-gguf:blk.20.ffn_down.weight,            torch.bfloat16 --> BF16, shape = {10240, 2560}
INFO:hf-to-gguf:blk.20.ffn_gate.weight,            torch.bfloat16 --> BF16, shape = {2560, 10240}
INFO:hf-to-gguf:blk.20.ffn_up.weight,              torch.bfloat16 --> BF16, shape = {2560, 10240}
INFO:hf-to-gguf:blk.20.inp_gate.weight,            torch.bfloat16 --> BF16, shape = {2560, 256}
INFO:hf-to-gguf:blk.20.proj.weight,                torch.bfloat16 --> BF16, shape = {256, 2560}
INFO:hf-to-gguf:blk.20.post_attention_norm.weight, torch.bfloat16 --> F32, shape = {2560}
INFO:hf-to-gguf:blk.20.post_ffw_norm.weight,       torch.bfloat16 --> F32, shape = {2560}
INFO:hf-to-gguf:blk.20.post_norm.weight,           torch.bfloat16 --> F32, shape = {2560}
INFO:hf-to-gguf:blk.20.ffn_norm.weight,            torch.bfloat16 --> F32, shape = {2560}
INFO:hf-to-gguf:blk.20.attn_k_norm.weight,         torch.bfloat16 --> F32, shape = {256}
INFO:hf-to-gguf:blk.20.attn_k.weight,              torch.bfloat16 --> BF16, shape = {2560, 512}
INFO:hf-to-gguf:blk.20.attn_output.weight,         torch.bfloat16 --> BF16, shape = {2048, 2560}
INFO:hf-to-gguf:blk.20.attn_q_norm.weight,         torch.bfloat16 --> F32, shape = {256}
INFO:hf-to-gguf:blk.20.attn_q.weight,              torch.bfloat16 --> BF16, shape = {2560, 2048}
INFO:hf-to-gguf:blk.20.attn_v.weight,              torch.bfloat16 --> BF16, shape = {2560, 512}
INFO:hf-to-gguf:blk.21.attn_norm.weight,           torch.bfloat16 --> F32, shape = {2560}
INFO:hf-to-gguf:blk.21.layer_output_scale.weight,  torch.bfloat16 --> F32, shape = {1}
INFO:hf-to-gguf:blk.21.ffn_down.weight,            torch.bfloat16 --> BF16, shape = {10240, 2560}
INFO:hf-to-gguf:blk.21.ffn_gate.weight,            torch.bfloat16 --> BF16, shape = {2560, 10240}
INFO:hf-to-gguf:blk.21.ffn_up.weight,              torch.bfloat16 --> BF16, shape = {2560, 10240}
INFO:hf-to-gguf:blk.21.inp_gate.weight,            torch.bfloat16 --> BF16, shape = {2560, 256}
INFO:hf-to-gguf:blk.21.proj.weight,                torch.bfloat16 --> BF16, shape = {256, 2560}
INFO:hf-to-gguf:blk.21.post_attention_norm.weight, torch.bfloat16 --> F32, shape = {2560}
INFO:hf-to-gguf:blk.21.post_ffw_norm.weight,       torch.bfloat16 --> F32, shape = {2560}
INFO:hf-to-gguf:blk.21.post_norm.weight,           torch.bfloat16 --> F32, shape = {2560}
INFO:hf-to-gguf:blk.21.ffn_norm.weight,            torch.bfloat16 --> F32, shape = {2560}
INFO:hf-to-gguf:blk.21.attn_k_norm.weight,         torch.bfloat16 --> F32, shape = {256}
INFO:hf-to-gguf:blk.21.attn_k.weight,              torch.bfloat16 --> BF16, shape = {2560, 512}
INFO:hf-to-gguf:blk.21.attn_output.weight,         torch.bfloat16 --> BF16, shape = {2048, 2560}
INFO:hf-to-gguf:blk.21.attn_q_norm.weight,         torch.bfloat16 --> F32, shape = {256}
INFO:hf-to-gguf:blk.21.attn_q.weight,              torch.bfloat16 --> BF16, shape = {2560, 2048}
INFO:hf-to-gguf:blk.21.attn_v.weight,              torch.bfloat16 --> BF16, shape = {2560, 512}
INFO:hf-to-gguf:blk.22.attn_norm.weight,           torch.bfloat16 --> F32, shape = {2560}
INFO:hf-to-gguf:blk.22.layer_output_scale.weight,  torch.bfloat16 --> F32, shape = {1}
INFO:hf-to-gguf:blk.22.ffn_down.weight,            torch.bfloat16 --> BF16, shape = {10240, 2560}
INFO:hf-to-gguf:blk.22.ffn_gate.weight,            torch.bfloat16 --> BF16, shape = {2560, 10240}
INFO:hf-to-gguf:blk.22.ffn_up.weight,              torch.bfloat16 --> BF16, shape = {2560, 10240}
INFO:hf-to-gguf:blk.22.inp_gate.weight,            torch.bfloat16 --> BF16, shape = {2560, 256}
INFO:hf-to-gguf:blk.22.proj.weight,                torch.bfloat16 --> BF16, shape = {256, 2560}
INFO:hf-to-gguf:blk.22.post_attention_norm.weight, torch.bfloat16 --> F32, shape = {2560}
INFO:hf-to-gguf:blk.22.post_ffw_norm.weight,       torch.bfloat16 --> F32, shape = {2560}
INFO:hf-to-gguf:blk.22.post_norm.weight,           torch.bfloat16 --> F32, shape = {2560}
INFO:hf-to-gguf:blk.22.ffn_norm.weight,            torch.bfloat16 --> F32, shape = {2560}
INFO:hf-to-gguf:blk.22.attn_k_norm.weight,         torch.bfloat16 --> F32, shape = {256}
INFO:hf-to-gguf:blk.22.attn_k.weight,              torch.bfloat16 --> BF16, shape = {2560, 512}
INFO:hf-to-gguf:blk.22.attn_output.weight,         torch.bfloat16 --> BF16, shape = {2048, 2560}
INFO:hf-to-gguf:blk.22.attn_q_norm.weight,         torch.bfloat16 --> F32, shape = {256}
INFO:hf-to-gguf:blk.22.attn_q.weight,              torch.bfloat16 --> BF16, shape = {2560, 2048}
INFO:hf-to-gguf:blk.22.attn_v.weight,              torch.bfloat16 --> BF16, shape = {2560, 512}
INFO:hf-to-gguf:blk.23.attn_norm.weight,           torch.bfloat16 --> F32, shape = {2560}
INFO:hf-to-gguf:blk.23.layer_output_scale.weight,  torch.bfloat16 --> F32, shape = {1}
INFO:hf-to-gguf:blk.23.ffn_down.weight,            torch.bfloat16 --> BF16, shape = {10240, 2560}
INFO:hf-to-gguf:blk.23.ffn_gate.weight,            torch.bfloat16 --> BF16, shape = {2560, 10240}
INFO:hf-to-gguf:blk.23.ffn_up.weight,              torch.bfloat16 --> BF16, shape = {2560, 10240}
INFO:hf-to-gguf:blk.23.inp_gate.weight,            torch.bfloat16 --> BF16, shape = {2560, 256}
INFO:hf-to-gguf:blk.23.proj.weight,                torch.bfloat16 --> BF16, shape = {256, 2560}
INFO:hf-to-gguf:blk.23.post_attention_norm.weight, torch.bfloat16 --> F32, shape = {2560}
INFO:hf-to-gguf:blk.23.post_ffw_norm.weight,       torch.bfloat16 --> F32, shape = {2560}
INFO:hf-to-gguf:blk.23.post_norm.weight,           torch.bfloat16 --> F32, shape = {2560}
INFO:hf-to-gguf:blk.23.ffn_norm.weight,            torch.bfloat16 --> F32, shape = {2560}
INFO:hf-to-gguf:blk.23.attn_k_norm.weight,         torch.bfloat16 --> F32, shape = {512}
INFO:hf-to-gguf:blk.23.attn_k.weight,              torch.bfloat16 --> BF16, shape = {2560, 1024}
INFO:hf-to-gguf:blk.23.attn_output.weight,         torch.bfloat16 --> BF16, shape = {4096, 2560}
INFO:hf-to-gguf:blk.23.attn_q_norm.weight,         torch.bfloat16 --> F32, shape = {512}
INFO:hf-to-gguf:blk.23.attn_q.weight,              torch.bfloat16 --> BF16, shape = {2560, 4096}
INFO:hf-to-gguf:blk.23.attn_v.weight,              torch.bfloat16 --> BF16, shape = {2560, 1024}
INFO:hf-to-gguf:blk.24.attn_norm.weight,           torch.bfloat16 --> F32, shape = {2560}
INFO:hf-to-gguf:blk.24.layer_output_scale.weight,  torch.bfloat16 --> F32, shape = {1}
INFO:hf-to-gguf:blk.24.ffn_down.weight,            torch.bfloat16 --> BF16, shape = {10240, 2560}
INFO:hf-to-gguf:blk.24.ffn_gate.weight,            torch.bfloat16 --> BF16, shape = {2560, 10240}
INFO:hf-to-gguf:blk.24.ffn_up.weight,              torch.bfloat16 --> BF16, shape = {2560, 10240}
INFO:hf-to-gguf:blk.24.inp_gate.weight,            torch.bfloat16 --> BF16, shape = {2560, 256}
INFO:hf-to-gguf:blk.24.proj.weight,                torch.bfloat16 --> BF16, shape = {256, 2560}
INFO:hf-to-gguf:blk.24.post_attention_norm.weight, torch.bfloat16 --> F32, shape = {2560}
INFO:hf-to-gguf:blk.24.post_ffw_norm.weight,       torch.bfloat16 --> F32, shape = {2560}
INFO:hf-to-gguf:blk.24.post_norm.weight,           torch.bfloat16 --> F32, shape = {2560}
INFO:hf-to-gguf:blk.24.ffn_norm.weight,            torch.bfloat16 --> F32, shape = {2560}
INFO:hf-to-gguf:blk.24.attn_output.weight,         torch.bfloat16 --> BF16, shape = {2048, 2560}
INFO:hf-to-gguf:blk.24.attn_q_norm.weight,         torch.bfloat16 --> F32, shape = {256}
INFO:hf-to-gguf:blk.24.attn_q.weight,              torch.bfloat16 --> BF16, shape = {2560, 2048}
INFO:hf-to-gguf:blk.25.attn_norm.weight,           torch.bfloat16 --> F32, shape = {2560}
INFO:hf-to-gguf:blk.25.layer_output_scale.weight,  torch.bfloat16 --> F32, shape = {1}
INFO:hf-to-gguf:blk.25.ffn_down.weight,            torch.bfloat16 --> BF16, shape = {10240, 2560}
INFO:hf-to-gguf:blk.25.ffn_gate.weight,            torch.bfloat16 --> BF16, shape = {2560, 10240}
INFO:hf-to-gguf:blk.25.ffn_up.weight,              torch.bfloat16 --> BF16, shape = {2560, 10240}
INFO:hf-to-gguf:blk.25.inp_gate.weight,            torch.bfloat16 --> BF16, shape = {2560, 256}
INFO:hf-to-gguf:blk.25.proj.weight,                torch.bfloat16 --> BF16, shape = {256, 2560}
INFO:hf-to-gguf:blk.25.post_attention_norm.weight, torch.bfloat16 --> F32, shape = {2560}
INFO:hf-to-gguf:blk.25.post_ffw_norm.weight,       torch.bfloat16 --> F32, shape = {2560}
INFO:hf-to-gguf:blk.25.post_norm.weight,           torch.bfloat16 --> F32, shape = {2560}
INFO:hf-to-gguf:blk.25.ffn_norm.weight,            torch.bfloat16 --> F32, shape = {2560}
INFO:hf-to-gguf:blk.25.attn_output.weight,         torch.bfloat16 --> BF16, shape = {2048, 2560}
INFO:hf-to-gguf:blk.25.attn_q_norm.weight,         torch.bfloat16 --> F32, shape = {256}
INFO:hf-to-gguf:blk.25.attn_q.weight,              torch.bfloat16 --> BF16, shape = {2560, 2048}
INFO:hf-to-gguf:blk.26.attn_norm.weight,           torch.bfloat16 --> F32, shape = {2560}
INFO:hf-to-gguf:blk.26.layer_output_scale.weight,  torch.bfloat16 --> F32, shape = {1}
INFO:hf-to-gguf:blk.26.ffn_down.weight,            torch.bfloat16 --> BF16, shape = {10240, 2560}
INFO:hf-to-gguf:blk.26.ffn_gate.weight,            torch.bfloat16 --> BF16, shape = {2560, 10240}
INFO:hf-to-gguf:blk.26.ffn_up.weight,              torch.bfloat16 --> BF16, shape = {2560, 10240}
INFO:hf-to-gguf:blk.26.inp_gate.weight,            torch.bfloat16 --> BF16, shape = {2560, 256}
INFO:hf-to-gguf:blk.26.proj.weight,                torch.bfloat16 --> BF16, shape = {256, 2560}
INFO:hf-to-gguf:blk.26.post_attention_norm.weight, torch.bfloat16 --> F32, shape = {2560}
INFO:hf-to-gguf:blk.26.post_ffw_norm.weight,       torch.bfloat16 --> F32, shape = {2560}
INFO:hf-to-gguf:blk.26.post_norm.weight,           torch.bfloat16 --> F32, shape = {2560}
INFO:hf-to-gguf:blk.26.ffn_norm.weight,            torch.bfloat16 --> F32, shape = {2560}
INFO:hf-to-gguf:blk.26.attn_output.weight,         torch.bfloat16 --> BF16, shape = {2048, 2560}
INFO:hf-to-gguf:blk.26.attn_q_norm.weight,         torch.bfloat16 --> F32, shape = {256}
INFO:hf-to-gguf:blk.26.attn_q.weight,              torch.bfloat16 --> BF16, shape = {2560, 2048}
INFO:hf-to-gguf:blk.27.attn_norm.weight,           torch.bfloat16 --> F32, shape = {2560}
INFO:hf-to-gguf:blk.27.layer_output_scale.weight,  torch.bfloat16 --> F32, shape = {1}
INFO:hf-to-gguf:blk.27.ffn_down.weight,            torch.bfloat16 --> BF16, shape = {10240, 2560}
INFO:hf-to-gguf:blk.27.ffn_gate.weight,            torch.bfloat16 --> BF16, shape = {2560, 10240}
INFO:hf-to-gguf:blk.27.ffn_up.weight,              torch.bfloat16 --> BF16, shape = {2560, 10240}
INFO:hf-to-gguf:blk.27.inp_gate.weight,            torch.bfloat16 --> BF16, shape = {2560, 256}
INFO:hf-to-gguf:blk.27.proj.weight,                torch.bfloat16 --> BF16, shape = {256, 2560}
INFO:hf-to-gguf:blk.27.post_attention_norm.weight, torch.bfloat16 --> F32, shape = {2560}
INFO:hf-to-gguf:blk.27.post_ffw_norm.weight,       torch.bfloat16 --> F32, shape = {2560}
INFO:hf-to-gguf:blk.27.post_norm.weight,           torch.bfloat16 --> F32, shape = {2560}
INFO:hf-to-gguf:blk.27.ffn_norm.weight,            torch.bfloat16 --> F32, shape = {2560}
INFO:hf-to-gguf:blk.27.attn_output.weight,         torch.bfloat16 --> BF16, shape = {2048, 2560}
INFO:hf-to-gguf:blk.27.attn_q_norm.weight,         torch.bfloat16 --> F32, shape = {256}
INFO:hf-to-gguf:blk.27.attn_q.weight,              torch.bfloat16 --> BF16, shape = {2560, 2048}
INFO:hf-to-gguf:blk.28.attn_norm.weight,           torch.bfloat16 --> F32, shape = {2560}
INFO:hf-to-gguf:blk.28.layer_output_scale.weight,  torch.bfloat16 --> F32, shape = {1}
INFO:hf-to-gguf:blk.28.ffn_down.weight,            torch.bfloat16 --> BF16, shape = {10240, 2560}
INFO:hf-to-gguf:blk.28.ffn_gate.weight,            torch.bfloat16 --> BF16, shape = {2560, 10240}
INFO:hf-to-gguf:blk.28.ffn_up.weight,              torch.bfloat16 --> BF16, shape = {2560, 10240}
INFO:hf-to-gguf:blk.28.inp_gate.weight,            torch.bfloat16 --> BF16, shape = {2560, 256}
INFO:hf-to-gguf:blk.28.proj.weight,                torch.bfloat16 --> BF16, shape = {256, 2560}
INFO:hf-to-gguf:blk.28.post_attention_norm.weight, torch.bfloat16 --> F32, shape = {2560}
INFO:hf-to-gguf:blk.28.post_ffw_norm.weight,       torch.bfloat16 --> F32, shape = {2560}
INFO:hf-to-gguf:blk.28.post_norm.weight,           torch.bfloat16 --> F32, shape = {2560}
INFO:hf-to-gguf:blk.28.ffn_norm.weight,            torch.bfloat16 --> F32, shape = {2560}
INFO:hf-to-gguf:blk.28.attn_output.weight,         torch.bfloat16 --> BF16, shape = {2048, 2560}
INFO:hf-to-gguf:blk.28.attn_q_norm.weight,         torch.bfloat16 --> F32, shape = {256}
INFO:hf-to-gguf:blk.28.attn_q.weight,              torch.bfloat16 --> BF16, shape = {2560, 2048}
INFO:hf-to-gguf:blk.29.attn_norm.weight,           torch.bfloat16 --> F32, shape = {2560}
INFO:hf-to-gguf:blk.29.layer_output_scale.weight,  torch.bfloat16 --> F32, shape = {1}
INFO:hf-to-gguf:blk.29.ffn_down.weight,            torch.bfloat16 --> BF16, shape = {10240, 2560}
INFO:hf-to-gguf:blk.29.ffn_gate.weight,            torch.bfloat16 --> BF16, shape = {2560, 10240}
INFO:hf-to-gguf:blk.29.ffn_up.weight,              torch.bfloat16 --> BF16, shape = {2560, 10240}
INFO:hf-to-gguf:blk.29.inp_gate.weight,            torch.bfloat16 --> BF16, shape = {2560, 256}
INFO:hf-to-gguf:blk.29.proj.weight,                torch.bfloat16 --> BF16, shape = {256, 2560}
INFO:hf-to-gguf:blk.29.post_attention_norm.weight, torch.bfloat16 --> F32, shape = {2560}
INFO:hf-to-gguf:blk.29.post_ffw_norm.weight,       torch.bfloat16 --> F32, shape = {2560}
INFO:hf-to-gguf:blk.29.post_norm.weight,           torch.bfloat16 --> F32, shape = {2560}
INFO:hf-to-gguf:blk.29.ffn_norm.weight,            torch.bfloat16 --> F32, shape = {2560}
INFO:hf-to-gguf:blk.29.attn_output.weight,         torch.bfloat16 --> BF16, shape = {4096, 2560}
INFO:hf-to-gguf:blk.29.attn_q_norm.weight,         torch.bfloat16 --> F32, shape = {512}
INFO:hf-to-gguf:blk.29.attn_q.weight,              torch.bfloat16 --> BF16, shape = {2560, 4096}
INFO:hf-to-gguf:blk.3.attn_norm.weight,            torch.bfloat16 --> F32, shape = {2560}
INFO:hf-to-gguf:blk.3.layer_output_scale.weight,   torch.bfloat16 --> F32, shape = {1}
INFO:hf-to-gguf:blk.3.ffn_down.weight,             torch.bfloat16 --> BF16, shape = {10240, 2560}
INFO:hf-to-gguf:blk.3.ffn_gate.weight,             torch.bfloat16 --> BF16, shape = {2560, 10240}
INFO:hf-to-gguf:blk.3.ffn_up.weight,               torch.bfloat16 --> BF16, shape = {2560, 10240}
INFO:hf-to-gguf:blk.3.inp_gate.weight,             torch.bfloat16 --> BF16, shape = {2560, 256}
INFO:hf-to-gguf:blk.3.proj.weight,                 torch.bfloat16 --> BF16, shape = {256, 2560}
INFO:hf-to-gguf:blk.3.post_attention_norm.weight,  torch.bfloat16 --> F32, shape = {2560}
INFO:hf-to-gguf:blk.3.post_ffw_norm.weight,        torch.bfloat16 --> F32, shape = {2560}
INFO:hf-to-gguf:blk.3.post_norm.weight,            torch.bfloat16 --> F32, shape = {2560}
INFO:hf-to-gguf:blk.3.ffn_norm.weight,             torch.bfloat16 --> F32, shape = {2560}
INFO:hf-to-gguf:blk.3.attn_k_norm.weight,          torch.bfloat16 --> F32, shape = {256}
INFO:hf-to-gguf:blk.3.attn_k.weight,               torch.bfloat16 --> BF16, shape = {2560, 512}
INFO:hf-to-gguf:blk.3.attn_output.weight,          torch.bfloat16 --> BF16, shape = {2048, 2560}
INFO:hf-to-gguf:blk.3.attn_q_norm.weight,          torch.bfloat16 --> F32, shape = {256}
INFO:hf-to-gguf:blk.3.attn_q.weight,               torch.bfloat16 --> BF16, shape = {2560, 2048}
INFO:hf-to-gguf:blk.3.attn_v.weight,               torch.bfloat16 --> BF16, shape = {2560, 512}
INFO:hf-to-gguf:blk.30.attn_norm.weight,           torch.bfloat16 --> F32, shape = {2560}
INFO:hf-to-gguf:blk.30.layer_output_scale.weight,  torch.bfloat16 --> F32, shape = {1}
INFO:hf-to-gguf:blk.30.ffn_down.weight,            torch.bfloat16 --> BF16, shape = {10240, 2560}
INFO:hf-to-gguf:blk.30.ffn_gate.weight,            torch.bfloat16 --> BF16, shape = {2560, 10240}
INFO:hf-to-gguf:blk.30.ffn_up.weight,              torch.bfloat16 --> BF16, shape = {2560, 10240}
INFO:hf-to-gguf:blk.30.inp_gate.weight,            torch.bfloat16 --> BF16, shape = {2560, 256}
INFO:hf-to-gguf:blk.30.proj.weight,                torch.bfloat16 --> BF16, shape = {256, 2560}
INFO:hf-to-gguf:blk.30.post_attention_norm.weight, torch.bfloat16 --> F32, shape = {2560}
INFO:hf-to-gguf:blk.30.post_ffw_norm.weight,       torch.bfloat16 --> F32, shape = {2560}
INFO:hf-to-gguf:blk.30.post_norm.weight,           torch.bfloat16 --> F32, shape = {2560}
INFO:hf-to-gguf:blk.30.ffn_norm.weight,            torch.bfloat16 --> F32, shape = {2560}
INFO:hf-to-gguf:blk.30.attn_output.weight,         torch.bfloat16 --> BF16, shape = {2048, 2560}
INFO:hf-to-gguf:blk.30.attn_q_norm.weight,         torch.bfloat16 --> F32, shape = {256}
INFO:hf-to-gguf:blk.30.attn_q.weight,              torch.bfloat16 --> BF16, shape = {2560, 2048}
INFO:hf-to-gguf:blk.31.attn_norm.weight,           torch.bfloat16 --> F32, shape = {2560}
INFO:hf-to-gguf:blk.31.layer_output_scale.weight,  torch.bfloat16 --> F32, shape = {1}
INFO:hf-to-gguf:blk.31.ffn_down.weight,            torch.bfloat16 --> BF16, shape = {10240, 2560}
INFO:hf-to-gguf:blk.31.ffn_gate.weight,            torch.bfloat16 --> BF16, shape = {2560, 10240}
INFO:hf-to-gguf:blk.31.ffn_up.weight,              torch.bfloat16 --> BF16, shape = {2560, 10240}
INFO:hf-to-gguf:blk.31.inp_gate.weight,            torch.bfloat16 --> BF16, shape = {2560, 256}
INFO:hf-to-gguf:blk.31.proj.weight,                torch.bfloat16 --> BF16, shape = {256, 2560}
INFO:hf-to-gguf:blk.31.post_attention_norm.weight, torch.bfloat16 --> F32, shape = {2560}
INFO:hf-to-gguf:blk.31.post_ffw_norm.weight,       torch.bfloat16 --> F32, shape = {2560}
INFO:hf-to-gguf:blk.31.post_norm.weight,           torch.bfloat16 --> F32, shape = {2560}
INFO:hf-to-gguf:blk.31.ffn_norm.weight,            torch.bfloat16 --> F32, shape = {2560}
INFO:hf-to-gguf:blk.31.attn_output.weight,         torch.bfloat16 --> BF16, shape = {2048, 2560}
INFO:hf-to-gguf:blk.31.attn_q_norm.weight,         torch.bfloat16 --> F32, shape = {256}
INFO:hf-to-gguf:blk.31.attn_q.weight,              torch.bfloat16 --> BF16, shape = {2560, 2048}
INFO:hf-to-gguf:blk.32.attn_norm.weight,           torch.bfloat16 --> F32, shape = {2560}
INFO:hf-to-gguf:blk.32.layer_output_scale.weight,  torch.bfloat16 --> F32, shape = {1}
INFO:hf-to-gguf:blk.32.ffn_down.weight,            torch.bfloat16 --> BF16, shape = {10240, 2560}
INFO:hf-to-gguf:blk.32.ffn_gate.weight,            torch.bfloat16 --> BF16, shape = {2560, 10240}
INFO:hf-to-gguf:blk.32.ffn_up.weight,              torch.bfloat16 --> BF16, shape = {2560, 10240}
INFO:hf-to-gguf:blk.32.inp_gate.weight,            torch.bfloat16 --> BF16, shape = {2560, 256}
INFO:hf-to-gguf:blk.32.proj.weight,                torch.bfloat16 --> BF16, shape = {256, 2560}
INFO:hf-to-gguf:blk.32.post_attention_norm.weight, torch.bfloat16 --> F32, shape = {2560}
INFO:hf-to-gguf:blk.32.post_ffw_norm.weight,       torch.bfloat16 --> F32, shape = {2560}
INFO:hf-to-gguf:blk.32.post_norm.weight,           torch.bfloat16 --> F32, shape = {2560}
INFO:hf-to-gguf:blk.32.ffn_norm.weight,            torch.bfloat16 --> F32, shape = {2560}
INFO:hf-to-gguf:blk.32.attn_output.weight,         torch.bfloat16 --> BF16, shape = {2048, 2560}
INFO:hf-to-gguf:blk.32.attn_q_norm.weight,         torch.bfloat16 --> F32, shape = {256}
INFO:hf-to-gguf:blk.32.attn_q.weight,              torch.bfloat16 --> BF16, shape = {2560, 2048}
INFO:hf-to-gguf:blk.33.attn_norm.weight,           torch.bfloat16 --> F32, shape = {2560}
INFO:hf-to-gguf:blk.33.layer_output_scale.weight,  torch.bfloat16 --> F32, shape = {1}
INFO:hf-to-gguf:blk.33.ffn_down.weight,            torch.bfloat16 --> BF16, shape = {10240, 2560}
INFO:hf-to-gguf:blk.33.ffn_gate.weight,            torch.bfloat16 --> BF16, shape = {2560, 10240}
INFO:hf-to-gguf:blk.33.ffn_up.weight,              torch.bfloat16 --> BF16, shape = {2560, 10240}
INFO:hf-to-gguf:blk.33.inp_gate.weight,            torch.bfloat16 --> BF16, shape = {2560, 256}
INFO:hf-to-gguf:blk.33.proj.weight,                torch.bfloat16 --> BF16, shape = {256, 2560}
INFO:hf-to-gguf:blk.33.post_attention_norm.weight, torch.bfloat16 --> F32, shape = {2560}
INFO:hf-to-gguf:blk.33.post_ffw_norm.weight,       torch.bfloat16 --> F32, shape = {2560}
INFO:hf-to-gguf:blk.33.post_norm.weight,           torch.bfloat16 --> F32, shape = {2560}
INFO:hf-to-gguf:blk.33.ffn_norm.weight,            torch.bfloat16 --> F32, shape = {2560}
INFO:hf-to-gguf:blk.33.attn_output.weight,         torch.bfloat16 --> BF16, shape = {2048, 2560}
INFO:hf-to-gguf:blk.33.attn_q_norm.weight,         torch.bfloat16 --> F32, shape = {256}
INFO:hf-to-gguf:blk.33.attn_q.weight,              torch.bfloat16 --> BF16, shape = {2560, 2048}
INFO:hf-to-gguf:blk.34.attn_norm.weight,           torch.bfloat16 --> F32, shape = {2560}
INFO:hf-to-gguf:blk.34.layer_output_scale.weight,  torch.bfloat16 --> F32, shape = {1}
INFO:hf-to-gguf:blk.34.ffn_down.weight,            torch.bfloat16 --> BF16, shape = {10240, 2560}
INFO:hf-to-gguf:blk.34.ffn_gate.weight,            torch.bfloat16 --> BF16, shape = {2560, 10240}
INFO:hf-to-gguf:blk.34.ffn_up.weight,              torch.bfloat16 --> BF16, shape = {2560, 10240}
INFO:hf-to-gguf:blk.34.inp_gate.weight,            torch.bfloat16 --> BF16, shape = {2560, 256}
INFO:hf-to-gguf:blk.34.proj.weight,                torch.bfloat16 --> BF16, shape = {256, 2560}
INFO:hf-to-gguf:blk.34.post_attention_norm.weight, torch.bfloat16 --> F32, shape = {2560}
INFO:hf-to-gguf:blk.34.post_ffw_norm.weight,       torch.bfloat16 --> F32, shape = {2560}
INFO:hf-to-gguf:blk.34.post_norm.weight,           torch.bfloat16 --> F32, shape = {2560}
INFO:hf-to-gguf:blk.34.ffn_norm.weight,            torch.bfloat16 --> F32, shape = {2560}
INFO:hf-to-gguf:blk.34.attn_output.weight,         torch.bfloat16 --> BF16, shape = {2048, 2560}
INFO:hf-to-gguf:blk.34.attn_q_norm.weight,         torch.bfloat16 --> F32, shape = {256}
INFO:hf-to-gguf:blk.34.attn_q.weight,              torch.bfloat16 --> BF16, shape = {2560, 2048}
INFO:hf-to-gguf:blk.35.attn_norm.weight,           torch.bfloat16 --> F32, shape = {2560}
INFO:hf-to-gguf:blk.35.layer_output_scale.weight,  torch.bfloat16 --> F32, shape = {1}
INFO:hf-to-gguf:blk.35.ffn_down.weight,            torch.bfloat16 --> BF16, shape = {10240, 2560}
INFO:hf-to-gguf:blk.35.ffn_gate.weight,            torch.bfloat16 --> BF16, shape = {2560, 10240}
INFO:hf-to-gguf:blk.35.ffn_up.weight,              torch.bfloat16 --> BF16, shape = {2560, 10240}
INFO:hf-to-gguf:blk.35.inp_gate.weight,            torch.bfloat16 --> BF16, shape = {2560, 256}
INFO:hf-to-gguf:blk.35.proj.weight,                torch.bfloat16 --> BF16, shape = {256, 2560}
INFO:hf-to-gguf:blk.35.post_attention_norm.weight, torch.bfloat16 --> F32, shape = {2560}
INFO:hf-to-gguf:blk.35.post_ffw_norm.weight,       torch.bfloat16 --> F32, shape = {2560}
INFO:hf-to-gguf:blk.35.post_norm.weight,           torch.bfloat16 --> F32, shape = {2560}
INFO:hf-to-gguf:blk.35.ffn_norm.weight,            torch.bfloat16 --> F32, shape = {2560}
INFO:hf-to-gguf:blk.35.attn_output.weight,         torch.bfloat16 --> BF16, shape = {4096, 2560}
INFO:hf-to-gguf:blk.35.attn_q_norm.weight,         torch.bfloat16 --> F32, shape = {512}
INFO:hf-to-gguf:blk.35.attn_q.weight,              torch.bfloat16 --> BF16, shape = {2560, 4096}
INFO:hf-to-gguf:blk.36.attn_norm.weight,           torch.bfloat16 --> F32, shape = {2560}
INFO:hf-to-gguf:blk.36.layer_output_scale.weight,  torch.bfloat16 --> F32, shape = {1}
INFO:hf-to-gguf:blk.36.ffn_down.weight,            torch.bfloat16 --> BF16, shape = {10240, 2560}
INFO:hf-to-gguf:blk.36.ffn_gate.weight,            torch.bfloat16 --> BF16, shape = {2560, 10240}
INFO:hf-to-gguf:blk.36.ffn_up.weight,              torch.bfloat16 --> BF16, shape = {2560, 10240}
INFO:hf-to-gguf:blk.36.inp_gate.weight,            torch.bfloat16 --> BF16, shape = {2560, 256}
INFO:hf-to-gguf:blk.36.proj.weight,                torch.bfloat16 --> BF16, shape = {256, 2560}
INFO:hf-to-gguf:blk.36.post_attention_norm.weight, torch.bfloat16 --> F32, shape = {2560}
INFO:hf-to-gguf:blk.36.post_ffw_norm.weight,       torch.bfloat16 --> F32, shape = {2560}
INFO:hf-to-gguf:blk.36.post_norm.weight,           torch.bfloat16 --> F32, shape = {2560}
INFO:hf-to-gguf:blk.36.ffn_norm.weight,            torch.bfloat16 --> F32, shape = {2560}
INFO:hf-to-gguf:blk.36.attn_output.weight,         torch.bfloat16 --> BF16, shape = {2048, 2560}
INFO:hf-to-gguf:blk.36.attn_q_norm.weight,         torch.bfloat16 --> F32, shape = {256}
INFO:hf-to-gguf:blk.36.attn_q.weight,              torch.bfloat16 --> BF16, shape = {2560, 2048}
INFO:hf-to-gguf:blk.37.attn_norm.weight,           torch.bfloat16 --> F32, shape = {2560}
INFO:hf-to-gguf:blk.37.layer_output_scale.weight,  torch.bfloat16 --> F32, shape = {1}
INFO:hf-to-gguf:blk.37.ffn_down.weight,            torch.bfloat16 --> BF16, shape = {10240, 2560}
INFO:hf-to-gguf:blk.37.ffn_gate.weight,            torch.bfloat16 --> BF16, shape = {2560, 10240}
INFO:hf-to-gguf:blk.37.ffn_up.weight,              torch.bfloat16 --> BF16, shape = {2560, 10240}
INFO:hf-to-gguf:blk.37.inp_gate.weight,            torch.bfloat16 --> BF16, shape = {2560, 256}
INFO:hf-to-gguf:blk.37.proj.weight,                torch.bfloat16 --> BF16, shape = {256, 2560}
INFO:hf-to-gguf:blk.37.post_attention_norm.weight, torch.bfloat16 --> F32, shape = {2560}
INFO:hf-to-gguf:blk.37.post_ffw_norm.weight,       torch.bfloat16 --> F32, shape = {2560}
INFO:hf-to-gguf:blk.37.post_norm.weight,           torch.bfloat16 --> F32, shape = {2560}
INFO:hf-to-gguf:blk.37.ffn_norm.weight,            torch.bfloat16 --> F32, shape = {2560}
INFO:hf-to-gguf:blk.37.attn_output.weight,         torch.bfloat16 --> BF16, shape = {2048, 2560}
INFO:hf-to-gguf:blk.37.attn_q_norm.weight,         torch.bfloat16 --> F32, shape = {256}
INFO:hf-to-gguf:blk.37.attn_q.weight,              torch.bfloat16 --> BF16, shape = {2560, 2048}
INFO:hf-to-gguf:blk.38.attn_norm.weight,           torch.bfloat16 --> F32, shape = {2560}
INFO:hf-to-gguf:blk.38.layer_output_scale.weight,  torch.bfloat16 --> F32, shape = {1}
INFO:hf-to-gguf:blk.38.ffn_down.weight,            torch.bfloat16 --> BF16, shape = {10240, 2560}
INFO:hf-to-gguf:blk.38.ffn_gate.weight,            torch.bfloat16 --> BF16, shape = {2560, 10240}
INFO:hf-to-gguf:blk.38.ffn_up.weight,              torch.bfloat16 --> BF16, shape = {2560, 10240}
INFO:hf-to-gguf:blk.38.inp_gate.weight,            torch.bfloat16 --> BF16, shape = {2560, 256}
INFO:hf-to-gguf:blk.38.proj.weight,                torch.bfloat16 --> BF16, shape = {256, 2560}
INFO:hf-to-gguf:blk.38.post_attention_norm.weight, torch.bfloat16 --> F32, shape = {2560}
INFO:hf-to-gguf:blk.38.post_ffw_norm.weight,       torch.bfloat16 --> F32, shape = {2560}
INFO:hf-to-gguf:blk.38.post_norm.weight,           torch.bfloat16 --> F32, shape = {2560}
INFO:hf-to-gguf:blk.38.ffn_norm.weight,            torch.bfloat16 --> F32, shape = {2560}
INFO:hf-to-gguf:blk.38.attn_output.weight,         torch.bfloat16 --> BF16, shape = {2048, 2560}
INFO:hf-to-gguf:blk.38.attn_q_norm.weight,         torch.bfloat16 --> F32, shape = {256}
INFO:hf-to-gguf:blk.38.attn_q.weight,              torch.bfloat16 --> BF16, shape = {2560, 2048}
INFO:hf-to-gguf:blk.39.attn_norm.weight,           torch.bfloat16 --> F32, shape = {2560}
INFO:hf-to-gguf:blk.39.layer_output_scale.weight,  torch.bfloat16 --> F32, shape = {1}
INFO:hf-to-gguf:blk.39.ffn_down.weight,            torch.bfloat16 --> BF16, shape = {10240, 2560}
INFO:hf-to-gguf:blk.39.ffn_gate.weight,            torch.bfloat16 --> BF16, shape = {2560, 10240}
INFO:hf-to-gguf:blk.39.ffn_up.weight,              torch.bfloat16 --> BF16, shape = {2560, 10240}
INFO:hf-to-gguf:blk.39.inp_gate.weight,            torch.bfloat16 --> BF16, shape = {2560, 256}
INFO:hf-to-gguf:blk.39.proj.weight,                torch.bfloat16 --> BF16, shape = {256, 2560}
INFO:hf-to-gguf:blk.39.post_attention_norm.weight, torch.bfloat16 --> F32, shape = {2560}
INFO:hf-to-gguf:blk.39.post_ffw_norm.weight,       torch.bfloat16 --> F32, shape = {2560}
INFO:hf-to-gguf:blk.39.post_norm.weight,           torch.bfloat16 --> F32, shape = {2560}
INFO:hf-to-gguf:blk.39.ffn_norm.weight,            torch.bfloat16 --> F32, shape = {2560}
INFO:hf-to-gguf:blk.39.attn_output.weight,         torch.bfloat16 --> BF16, shape = {2048, 2560}
INFO:hf-to-gguf:blk.39.attn_q_norm.weight,         torch.bfloat16 --> F32, shape = {256}
INFO:hf-to-gguf:blk.39.attn_q.weight,              torch.bfloat16 --> BF16, shape = {2560, 2048}
INFO:hf-to-gguf:blk.4.attn_norm.weight,            torch.bfloat16 --> F32, shape = {2560}
INFO:hf-to-gguf:blk.4.layer_output_scale.weight,   torch.bfloat16 --> F32, shape = {1}
INFO:hf-to-gguf:blk.4.ffn_down.weight,             torch.bfloat16 --> BF16, shape = {10240, 2560}
INFO:hf-to-gguf:blk.4.ffn_gate.weight,             torch.bfloat16 --> BF16, shape = {2560, 10240}
INFO:hf-to-gguf:blk.4.ffn_up.weight,               torch.bfloat16 --> BF16, shape = {2560, 10240}
INFO:hf-to-gguf:blk.4.inp_gate.weight,             torch.bfloat16 --> BF16, shape = {2560, 256}
INFO:hf-to-gguf:blk.4.proj.weight,                 torch.bfloat16 --> BF16, shape = {256, 2560}
INFO:hf-to-gguf:blk.4.post_attention_norm.weight,  torch.bfloat16 --> F32, shape = {2560}
INFO:hf-to-gguf:blk.4.post_ffw_norm.weight,        torch.bfloat16 --> F32, shape = {2560}
INFO:hf-to-gguf:blk.4.post_norm.weight,            torch.bfloat16 --> F32, shape = {2560}
INFO:hf-to-gguf:blk.4.ffn_norm.weight,             torch.bfloat16 --> F32, shape = {2560}
INFO:hf-to-gguf:blk.4.attn_k_norm.weight,          torch.bfloat16 --> F32, shape = {256}
INFO:hf-to-gguf:blk.4.attn_k.weight,               torch.bfloat16 --> BF16, shape = {2560, 512}
INFO:hf-to-gguf:blk.4.attn_output.weight,          torch.bfloat16 --> BF16, shape = {2048, 2560}
INFO:hf-to-gguf:blk.4.attn_q_norm.weight,          torch.bfloat16 --> F32, shape = {256}
INFO:hf-to-gguf:blk.4.attn_q.weight,               torch.bfloat16 --> BF16, shape = {2560, 2048}
INFO:hf-to-gguf:blk.4.attn_v.weight,               torch.bfloat16 --> BF16, shape = {2560, 512}
INFO:hf-to-gguf:blk.40.attn_norm.weight,           torch.bfloat16 --> F32, shape = {2560}
INFO:hf-to-gguf:blk.40.layer_output_scale.weight,  torch.bfloat16 --> F32, shape = {1}
INFO:hf-to-gguf:blk.40.ffn_down.weight,            torch.bfloat16 --> BF16, shape = {10240, 2560}
INFO:hf-to-gguf:blk.40.ffn_gate.weight,            torch.bfloat16 --> BF16, shape = {2560, 10240}
INFO:hf-to-gguf:blk.40.ffn_up.weight,              torch.bfloat16 --> BF16, shape = {2560, 10240}
INFO:hf-to-gguf:blk.40.inp_gate.weight,            torch.bfloat16 --> BF16, shape = {2560, 256}
INFO:hf-to-gguf:blk.40.proj.weight,                torch.bfloat16 --> BF16, shape = {256, 2560}
INFO:hf-to-gguf:blk.40.post_attention_norm.weight, torch.bfloat16 --> F32, shape = {2560}
INFO:hf-to-gguf:blk.40.post_ffw_norm.weight,       torch.bfloat16 --> F32, shape = {2560}
INFO:hf-to-gguf:blk.40.post_norm.weight,           torch.bfloat16 --> F32, shape = {2560}
INFO:hf-to-gguf:blk.40.ffn_norm.weight,            torch.bfloat16 --> F32, shape = {2560}
INFO:hf-to-gguf:blk.40.attn_output.weight,         torch.bfloat16 --> BF16, shape = {2048, 2560}
INFO:hf-to-gguf:blk.40.attn_q_norm.weight,         torch.bfloat16 --> F32, shape = {256}
INFO:hf-to-gguf:blk.40.attn_q.weight,              torch.bfloat16 --> BF16, shape = {2560, 2048}
INFO:hf-to-gguf:blk.41.attn_norm.weight,           torch.bfloat16 --> F32, shape = {2560}
INFO:hf-to-gguf:blk.41.layer_output_scale.weight,  torch.bfloat16 --> F32, shape = {1}
INFO:hf-to-gguf:blk.41.ffn_down.weight,            torch.bfloat16 --> BF16, shape = {10240, 2560}
INFO:hf-to-gguf:blk.41.ffn_gate.weight,            torch.bfloat16 --> BF16, shape = {2560, 10240}
INFO:hf-to-gguf:blk.41.ffn_up.weight,              torch.bfloat16 --> BF16, shape = {2560, 10240}
INFO:hf-to-gguf:blk.41.inp_gate.weight,            torch.bfloat16 --> BF16, shape = {2560, 256}
INFO:hf-to-gguf:blk.41.proj.weight,                torch.bfloat16 --> BF16, shape = {256, 2560}
INFO:hf-to-gguf:blk.41.post_attention_norm.weight, torch.bfloat16 --> F32, shape = {2560}
INFO:hf-to-gguf:blk.41.post_ffw_norm.weight,       torch.bfloat16 --> F32, shape = {2560}
INFO:hf-to-gguf:blk.41.post_norm.weight,           torch.bfloat16 --> F32, shape = {2560}
INFO:hf-to-gguf:blk.41.ffn_norm.weight,            torch.bfloat16 --> F32, shape = {2560}
INFO:hf-to-gguf:blk.41.attn_output.weight,         torch.bfloat16 --> BF16, shape = {4096, 2560}
INFO:hf-to-gguf:blk.41.attn_q_norm.weight,         torch.bfloat16 --> F32, shape = {512}
INFO:hf-to-gguf:blk.41.attn_q.weight,              torch.bfloat16 --> BF16, shape = {2560, 4096}
INFO:hf-to-gguf:blk.5.attn_norm.weight,            torch.bfloat16 --> F32, shape = {2560}
INFO:hf-to-gguf:blk.5.layer_output_scale.weight,   torch.bfloat16 --> F32, shape = {1}
INFO:hf-to-gguf:blk.5.ffn_down.weight,             torch.bfloat16 --> BF16, shape = {10240, 2560}
INFO:hf-to-gguf:blk.5.ffn_gate.weight,             torch.bfloat16 --> BF16, shape = {2560, 10240}
INFO:hf-to-gguf:blk.5.ffn_up.weight,               torch.bfloat16 --> BF16, shape = {2560, 10240}
INFO:hf-to-gguf:blk.5.inp_gate.weight,             torch.bfloat16 --> BF16, shape = {2560, 256}
INFO:hf-to-gguf:blk.5.proj.weight,                 torch.bfloat16 --> BF16, shape = {256, 2560}
INFO:hf-to-gguf:blk.5.post_attention_norm.weight,  torch.bfloat16 --> F32, shape = {2560}
INFO:hf-to-gguf:blk.5.post_ffw_norm.weight,        torch.bfloat16 --> F32, shape = {2560}
INFO:hf-to-gguf:blk.5.post_norm.weight,            torch.bfloat16 --> F32, shape = {2560}
INFO:hf-to-gguf:blk.5.ffn_norm.weight,             torch.bfloat16 --> F32, shape = {2560}
INFO:hf-to-gguf:blk.5.attn_k_norm.weight,          torch.bfloat16 --> F32, shape = {512}
INFO:hf-to-gguf:blk.5.attn_k.weight,               torch.bfloat16 --> BF16, shape = {2560, 1024}
INFO:hf-to-gguf:blk.5.attn_output.weight,          torch.bfloat16 --> BF16, shape = {4096, 2560}
INFO:hf-to-gguf:blk.5.attn_q_norm.weight,          torch.bfloat16 --> F32, shape = {512}
INFO:hf-to-gguf:blk.5.attn_q.weight,               torch.bfloat16 --> BF16, shape = {2560, 4096}
INFO:hf-to-gguf:blk.5.attn_v.weight,               torch.bfloat16 --> BF16, shape = {2560, 1024}
INFO:hf-to-gguf:blk.6.attn_norm.weight,            torch.bfloat16 --> F32, shape = {2560}
INFO:hf-to-gguf:blk.6.layer_output_scale.weight,   torch.bfloat16 --> F32, shape = {1}
INFO:hf-to-gguf:blk.6.ffn_down.weight,             torch.bfloat16 --> BF16, shape = {10240, 2560}
INFO:hf-to-gguf:blk.6.ffn_gate.weight,             torch.bfloat16 --> BF16, shape = {2560, 10240}
INFO:hf-to-gguf:blk.6.ffn_up.weight,               torch.bfloat16 --> BF16, shape = {2560, 10240}
INFO:hf-to-gguf:blk.6.inp_gate.weight,             torch.bfloat16 --> BF16, shape = {2560, 256}
INFO:hf-to-gguf:blk.6.proj.weight,                 torch.bfloat16 --> BF16, shape = {256, 2560}
INFO:hf-to-gguf:blk.6.post_attention_norm.weight,  torch.bfloat16 --> F32, shape = {2560}
INFO:hf-to-gguf:blk.6.post_ffw_norm.weight,        torch.bfloat16 --> F32, shape = {2560}
INFO:hf-to-gguf:blk.6.post_norm.weight,            torch.bfloat16 --> F32, shape = {2560}
INFO:hf-to-gguf:blk.6.ffn_norm.weight,             torch.bfloat16 --> F32, shape = {2560}
INFO:hf-to-gguf:blk.6.attn_k_norm.weight,          torch.bfloat16 --> F32, shape = {256}
INFO:hf-to-gguf:blk.6.attn_k.weight,               torch.bfloat16 --> BF16, shape = {2560, 512}
INFO:hf-to-gguf:blk.6.attn_output.weight,          torch.bfloat16 --> BF16, shape = {2048, 2560}
INFO:hf-to-gguf:blk.6.attn_q_norm.weight,          torch.bfloat16 --> F32, shape = {256}
INFO:hf-to-gguf:blk.6.attn_q.weight,               torch.bfloat16 --> BF16, shape = {2560, 2048}
INFO:hf-to-gguf:blk.6.attn_v.weight,               torch.bfloat16 --> BF16, shape = {2560, 512}
INFO:hf-to-gguf:blk.7.attn_norm.weight,            torch.bfloat16 --> F32, shape = {2560}
INFO:hf-to-gguf:blk.7.layer_output_scale.weight,   torch.bfloat16 --> F32, shape = {1}
INFO:hf-to-gguf:blk.7.ffn_down.weight,             torch.bfloat16 --> BF16, shape = {10240, 2560}
INFO:hf-to-gguf:blk.7.ffn_gate.weight,             torch.bfloat16 --> BF16, shape = {2560, 10240}
INFO:hf-to-gguf:blk.7.ffn_up.weight,               torch.bfloat16 --> BF16, shape = {2560, 10240}
INFO:hf-to-gguf:blk.7.inp_gate.weight,             torch.bfloat16 --> BF16, shape = {2560, 256}
INFO:hf-to-gguf:blk.7.proj.weight,                 torch.bfloat16 --> BF16, shape = {256, 2560}
INFO:hf-to-gguf:blk.7.post_attention_norm.weight,  torch.bfloat16 --> F32, shape = {2560}
INFO:hf-to-gguf:blk.7.post_ffw_norm.weight,        torch.bfloat16 --> F32, shape = {2560}
INFO:hf-to-gguf:blk.7.post_norm.weight,            torch.bfloat16 --> F32, shape = {2560}
INFO:hf-to-gguf:blk.7.ffn_norm.weight,             torch.bfloat16 --> F32, shape = {2560}
INFO:hf-to-gguf:blk.7.attn_k_norm.weight,          torch.bfloat16 --> F32, shape = {256}
INFO:hf-to-gguf:blk.7.attn_k.weight,               torch.bfloat16 --> BF16, shape = {2560, 512}
INFO:hf-to-gguf:blk.7.attn_output.weight,          torch.bfloat16 --> BF16, shape = {2048, 2560}
INFO:hf-to-gguf:blk.7.attn_q_norm.weight,          torch.bfloat16 --> F32, shape = {256}
INFO:hf-to-gguf:blk.7.attn_q.weight,               torch.bfloat16 --> BF16, shape = {2560, 2048}
INFO:hf-to-gguf:blk.7.attn_v.weight,               torch.bfloat16 --> BF16, shape = {2560, 512}
INFO:hf-to-gguf:blk.8.attn_norm.weight,            torch.bfloat16 --> F32, shape = {2560}
INFO:hf-to-gguf:blk.8.layer_output_scale.weight,   torch.bfloat16 --> F32, shape = {1}
INFO:hf-to-gguf:blk.8.ffn_down.weight,             torch.bfloat16 --> BF16, shape = {10240, 2560}
INFO:hf-to-gguf:blk.8.ffn_gate.weight,             torch.bfloat16 --> BF16, shape = {2560, 10240}
INFO:hf-to-gguf:blk.8.ffn_up.weight,               torch.bfloat16 --> BF16, shape = {2560, 10240}
INFO:hf-to-gguf:blk.8.inp_gate.weight,             torch.bfloat16 --> BF16, shape = {2560, 256}
INFO:hf-to-gguf:blk.8.proj.weight,                 torch.bfloat16 --> BF16, shape = {256, 2560}
INFO:hf-to-gguf:blk.8.post_attention_norm.weight,  torch.bfloat16 --> F32, shape = {2560}
INFO:hf-to-gguf:blk.8.post_ffw_norm.weight,        torch.bfloat16 --> F32, shape = {2560}
INFO:hf-to-gguf:blk.8.post_norm.weight,            torch.bfloat16 --> F32, shape = {2560}
INFO:hf-to-gguf:blk.8.ffn_norm.weight,             torch.bfloat16 --> F32, shape = {2560}
INFO:hf-to-gguf:blk.8.attn_k_norm.weight,          torch.bfloat16 --> F32, shape = {256}
INFO:hf-to-gguf:blk.8.attn_k.weight,               torch.bfloat16 --> BF16, shape = {2560, 512}
INFO:hf-to-gguf:blk.8.attn_output.weight,          torch.bfloat16 --> BF16, shape = {2048, 2560}
INFO:hf-to-gguf:blk.8.attn_q_norm.weight,          torch.bfloat16 --> F32, shape = {256}
INFO:hf-to-gguf:blk.8.attn_q.weight,               torch.bfloat16 --> BF16, shape = {2560, 2048}
INFO:hf-to-gguf:blk.8.attn_v.weight,               torch.bfloat16 --> BF16, shape = {2560, 512}
INFO:hf-to-gguf:blk.9.attn_norm.weight,            torch.bfloat16 --> F32, shape = {2560}
INFO:hf-to-gguf:blk.9.layer_output_scale.weight,   torch.bfloat16 --> F32, shape = {1}
INFO:hf-to-gguf:blk.9.ffn_down.weight,             torch.bfloat16 --> BF16, shape = {10240, 2560}
INFO:hf-to-gguf:blk.9.ffn_gate.weight,             torch.bfloat16 --> BF16, shape = {2560, 10240}
INFO:hf-to-gguf:blk.9.ffn_up.weight,               torch.bfloat16 --> BF16, shape = {2560, 10240}
INFO:hf-to-gguf:blk.9.inp_gate.weight,             torch.bfloat16 --> BF16, shape = {2560, 256}
INFO:hf-to-gguf:blk.9.proj.weight,                 torch.bfloat16 --> BF16, shape = {256, 2560}
INFO:hf-to-gguf:blk.9.post_attention_norm.weight,  torch.bfloat16 --> F32, shape = {2560}
INFO:hf-to-gguf:blk.9.post_ffw_norm.weight,        torch.bfloat16 --> F32, shape = {2560}
INFO:hf-to-gguf:blk.9.post_norm.weight,            torch.bfloat16 --> F32, shape = {2560}
INFO:hf-to-gguf:blk.9.ffn_norm.weight,             torch.bfloat16 --> F32, shape = {2560}
INFO:hf-to-gguf:blk.9.attn_k_norm.weight,          torch.bfloat16 --> F32, shape = {256}
INFO:hf-to-gguf:blk.9.attn_k.weight,               torch.bfloat16 --> BF16, shape = {2560, 512}
INFO:hf-to-gguf:blk.9.attn_output.weight,          torch.bfloat16 --> BF16, shape = {2048, 2560}
INFO:hf-to-gguf:blk.9.attn_q_norm.weight,          torch.bfloat16 --> F32, shape = {256}
INFO:hf-to-gguf:blk.9.attn_q.weight,               torch.bfloat16 --> BF16, shape = {2560, 2048}
INFO:hf-to-gguf:blk.9.attn_v.weight,               torch.bfloat16 --> BF16, shape = {2560, 512}
INFO:hf-to-gguf:output_norm.weight,                torch.bfloat16 --> F32, shape = {2560}
INFO:hf-to-gguf:per_layer_model_proj.weight,       torch.bfloat16 --> BF16, shape = {2560, 10752}
INFO:hf-to-gguf:per_layer_proj_norm.weight,        torch.bfloat16 --> F32, shape = {256}
INFO:hf-to-gguf:Set meta model
INFO:hf-to-gguf:Set model parameters
INFO:hf-to-gguf:gguf: context length = 131072
INFO:hf-to-gguf:gguf: embedding length = 2560
INFO:hf-to-gguf:gguf: feed forward length = 10240
INFO:hf-to-gguf:gguf: head count = 8
INFO:hf-to-gguf:gguf: key-value head count = 2
WARNING:hf-to-gguf:Unknown RoPE type: proportional
INFO:hf-to-gguf:gguf: rope scaling type = NONE
INFO:hf-to-gguf:gguf: rope theta = 1000000.0
INFO:hf-to-gguf:gguf: rope theta swa = 10000.0
INFO:hf-to-gguf:gguf: rms norm epsilon = 1e-06
INFO:hf-to-gguf:gguf: file type = 32
WARNING:gguf.gguf_writer:Duplicated key name 'gemma4.context_length', overwriting it with new value 131072 of type UINT32
WARNING:gguf.gguf_writer:Duplicated key name 'gemma4.attention.head_count', overwriting it with new value 8 of type UINT32
WARNING:gguf.gguf_writer:Duplicated key name 'gemma4.attention.layer_norm_rms_epsilon', overwriting it with new value 1e-06 of type FLOAT32
WARNING:gguf.gguf_writer:Duplicated key name 'gemma4.attention.key_length', overwriting it with new value 256 of type UINT32
WARNING:gguf.gguf_writer:Duplicated key name 'gemma4.attention.value_length', overwriting it with new value 256 of type UINT32
WARNING:gguf.gguf_writer:Duplicated key name 'gemma4.rope.freq_base', overwriting it with new value 1000000.0 of type FLOAT32
WARNING:gguf.gguf_writer:Duplicated key name 'gemma4.attention.head_count_kv', overwriting it with new value 2 of type UINT32
WARNING:gguf.gguf_writer:Duplicated key name 'gemma4.attention.key_length', overwriting it with new value 512 of type UINT32
WARNING:gguf.gguf_writer:Duplicated key name 'gemma4.attention.value_length', overwriting it with new value 512 of type UINT32
INFO:hf-to-gguf:Set model quantization version
INFO:hf-to-gguf:Set model tokenizer
INFO:hf-to-gguf:Token '<|tool_call>' is set to USER_DEFINED
INFO:hf-to-gguf:Token '<tool_call|>' is set to USER_DEFINED
INFO:hf-to-gguf:Token '<|tool_response>' is set to USER_DEFINED
INFO:hf-to-gguf:Token '<tool_response|>' is set to USER_DEFINED
INFO:hf-to-gguf:Token '<|"|>' is set to USER_DEFINED
INFO:hf-to-gguf:Token '<|channel>' is set to USER_DEFINED
INFO:hf-to-gguf:Token '<channel|>' is set to USER_DEFINED
INFO:gguf.vocab:Adding 514906 merge(s).
INFO:gguf.vocab:Setting special token type bos to 2
INFO:gguf.vocab:Setting special token type eos to 1
INFO:gguf.vocab:Setting special token type unk to 3
INFO:gguf.vocab:Setting special token type pad to 0
INFO:gguf.vocab:Setting special token type mask to 4
INFO:gguf.vocab:Setting chat_template to {#
  Template: Google Gemma 4 Canonical Chat Template
  Author: Google Gemma Engineering Team
  Published: 2026-07-09
  Context: Fixed tool-calling loops, turn closures, and thinking content-ordering.
#}
{%- macro format_parameters(properties, required, filter_keys=false) -%}
    {%- set standard_keys = ['description', 'type', 'properties', 'required', 'nullable'] -%}
    {%- set ns = namespace(found_first=false) -%}
    {%- for key, value in properties | dictsort -%}
        {%- set add_comma = false -%}
        {%- if not filter_keys or key not in standard_keys -%}
            {%- if ns.found_first %},{% endif -%}
            {%- set ns.found_first = true -%}
            {{ key }}:{
            {%- if value['description'] -%}
                description:<|"|>{{ value['description'] }}<|"|>
                {%- set add_comma = true -%}
            {%- endif -%}
            {%- if value['type'] | upper == 'STRING' -%}
                {%- if value['enum'] -%}
                    {%- if add_comma %},{%- else -%} {%- set add_comma = true -%} {% endif -%}
                    enum:{{ format_argument(value['enum']) }}
                {%- endif -%}
            {%- elif value['type'] | upper == 'ARRAY' -%}
                {%- if value['items'] is mapping and value['items'] -%}
                    {%- if add_comma %},{%- else -%} {%- set add_comma = true -%} {% endif -%}
                    items:{
                    {%- set ns_items = namespace(found_first=false) -%}
                    {%- for item_key, item_value in value['items'] | dictsort -%}
                        {%- if item_value is not none -%}
                            {%- if ns_items.found_first %},{% endif -%}
                            {%- set ns_items.found_first = true -%}
                            {%- if item_key == 'properties' -%}
                                properties:{
                                {%- if item_value is mapping -%}
                                    {{- format_parameters(item_value, value['items']['required'] | default([])) -}}
                                {%- endif -%}
                                }
                            {%- elif item_key == 'required' -%}
                                required:[
                                {%- for req_item in item_value -%}
                                    <|"|>{{- req_item -}}<|"|>
                                    {%- if not loop.last %},{% endif -%}
                                {%- endfor -%}
                                ]
                            {%- elif item_key == 'type' -%}
                                {%- if item_value is string -%}
                                    type:{{ format_argument(item_value | upper) }}
                                {%- else -%}
                                    type:{{ format_argument(item_value | map('upper') | list) }}
                                {%- endif -%}
                            {%- else -%}
                                {{ item_key }}:{{ format_argument(item_value) }}
                            {%- endif -%}
                        {%- endif -%}
                    {%- endfor -%}
                    }
                {%- endif -%}
            {%- endif -%}
            {%- if value['nullable'] %}
                {%- if add_comma %},{%- else -%} {%- set add_comma = true -%} {% endif -%}
                nullable:true
            {%- endif -%}
            {%- if value['type'] | upper == 'OBJECT' -%}
                {%- if value['properties'] is defined and value['properties'] is mapping -%}
                    {%- if add_comma %},{%- else -%} {%- set add_comma = true -%} {% endif -%}
                    properties:{
                    {{- format_parameters(value['properties'], value['required'] | default([])) -}}
                    }
                {%- elif value is mapping -%}
                    {%- if add_comma %},{%- else -%} {%- set add_comma = true -%} {% endif -%}
                    properties:{
                    {{- format_parameters(value, value['required'] | default([]), filter_keys=true) -}}
                    }
                {%- endif -%}
                {%- if value['required'] -%}
                    {%- if add_comma %},{%- else -%} {%- set add_comma = true -%} {% endif -%}
                    required:[
                    {%- for item in value['required'] | default([]) -%}
                        <|"|>{{- item -}}<|"|>
                        {%- if not loop.last %},{% endif -%}
                    {%- endfor -%}
                    ]
                {%- endif -%}
            {%- endif -%}
            {%- if add_comma %},{%- else -%} {%- set add_comma = true -%} {% endif -%}
            type:<|"|>{{ value['type'] | upper }}<|"|>}
        {%- endif -%}
    {%- endfor -%}
{%- endmacro -%}
{%- macro format_function_declaration(tool_data) -%}
    declaration:{{- tool_data['function']['name'] -}}{description:<|"|>{{- tool_data['function']['description'] -}}<|"|>
    {%- set params = tool_data['function']['parameters'] -%}
    {%- if params -%}
        ,parameters:{
        {%- if params['properties'] -%}
            properties:{ {{- format_parameters(params['properties'], params['required']) -}} },
        {%- endif -%}
        {%- if params['required'] -%}
            required:[
            {%- for item in params['required'] -%}
                <|"|>{{- item -}}<|"|>
                {{- ',' if not loop.last -}}
            {%- endfor -%}
            ],
        {%- endif -%}
        {%- if params['type'] -%}
            type:<|"|>{{- params['type'] | upper -}}<|"|>}
        {%- endif -%}
    {%- endif -%}
    {%- if 'response' in tool_data['function'] -%}
        {%- set response_declaration = tool_data['function']['response'] -%}
        ,response:{
        {%- if response_declaration['description'] -%}
            description:<|"|>{{- response_declaration['description'] -}}<|"|>,
        {%- endif -%}
        {%- if response_declaration['type'] | upper == 'OBJECT' -%}
            type:<|"|>{{- response_declaration['type'] | upper -}}<|"|>}
        {%- endif -%}
    {%- endif -%}
    }
{%- endmacro -%}
{%- macro format_argument(argument, escape_keys=True) -%}
    {%- if argument is none -%}
        {{- 'null' -}}
    {%- elif argument is string -%}
        {{- '<|"|>' + argument + '<|"|>' -}}
    {%- elif argument is boolean -%}
        {{- 'true' if argument else 'false' -}}
    {%- elif argument is mapping -%}
        {{- '{' -}}
        {%- set ns = namespace(found_first=false) -%}
        {%- for key, value in argument | dictsort -%}
            {%- if ns.found_first %},{% endif -%}
            {%- set ns.found_first = true -%}
            {%- if escape_keys -%}
                {{- '<|"|>' + key + '<|"|>' -}}
            {%- else -%}
                {{- key -}}
            {%- endif -%}
            :{{- format_argument(value, escape_keys=escape_keys) -}}
        {%- endfor -%}
        {{- '}' -}}
    {%- elif argument is sequence -%}
        {{- '[' -}}
        {%- for item in argument -%}
            {{- format_argument(item, escape_keys=escape_keys) -}}
            {%- if not loop.last %},{% endif -%}
        {%- endfor -%}
        {{- ']' -}}
    {%- else -%}
        {{- argument -}}
    {%- endif -%}
{%- endmacro -%}
{%- macro strip_thinking(text) -%}
    {%- set ns = namespace(result='') -%}
    {%- for part in text.split('<channel|>') -%}
        {%- if '<|channel>' in part -%}
            {%- set ns.result = ns.result + part.split('<|channel>')[0] -%}
        {%- else -%}
            {%- set ns.result = ns.result + part -%}
        {%- endif -%}
    {%- endfor -%}
    {{- ns.result | trim -}}
{%- endmacro -%}

{%- macro format_tool_response_block(tool_name, response) -%}
    {{- '<|tool_response>' -}}
    {%- if response is mapping -%}
        {{- 'response:' + tool_name + '{' -}}
        {%- for key, value in response | dictsort -%}
            {{- key -}}:{{- format_argument(value, escape_keys=False) -}}
            {%- if not loop.last %},{% endif -%}
        {%- endfor -%}
        {{- '}' -}}
    {%- else -%}
        {{- 'response:' + tool_name + '{value:' + format_argument(response, escape_keys=False) + '}' -}}
    {%- endif -%}
    {{- '<tool_response|>' -}}
{%- endmacro -%}

{#- ===== SETUP ===== -#}
{%- set ns = namespace(prev_message_type=None, prev_non_tool_role=None) -%}
{%- set loop_messages = messages -%}
{%- set enable_thinking = enable_thinking | default(false) -%}
{%- set preserve_thinking = preserve_thinking | default(false) -%}
{{- bos_token -}}
{#- Handle System/Tool Definitions Block -#}
{%- if enable_thinking or tools or (messages and messages[0]['role'] in ['system', 'developer']) -%}
    {{- '<|turn>system\n' -}}
    {#- Inject Thinking token at the very top of the FIRST system turn -#}
    {%- if enable_thinking -%}
        {{- '<|think|>\n' -}}
        {%- set ns.prev_message_type = 'think' -%}
    {%- endif -%}
    {%- if messages and messages[0]['role'] in ['system', 'developer'] -%}
        {%- if messages[0]['content'] is string -%}
            {{- messages[0]['content'] | trim -}}
        {%- elif messages[0]['content'] is sequence -%}
            {%- for item in messages[0]['content'] -%}
                {{- item['text'] | trim + ' '-}}
            {%- endfor -%}
        {%- endif -%}
        {%- set loop_messages = messages[1:] -%}
    {%- endif -%}
    {%- if tools -%}
        {%- for tool in tools %}
            {{- '<|tool>' -}}
            {{- format_function_declaration(tool) | trim -}}
            {{- '<tool|>' -}}
        {%- endfor %}
        {%- set ns.prev_message_type = 'tool' -%}
    {%- endif -%}
    {{- '<turn|>\n' -}}
{%- endif %}

{#- Pre-scan: find last user message index for reasoning guard -#}
{%- set ns_turn = namespace(last_user_idx=-1) -%}
{%- for i in range(loop_messages | length) -%}
    {%- if loop_messages[i]['role'] == 'user' -%}
        {%- set ns_turn.last_user_idx = i -%}
    {%- endif -%}
{%- endfor -%}

{#- Loop through messages -#}
{%- for message in loop_messages -%}
    {%- if message['role'] != 'tool' -%}
    {%- set ns.prev_message_type = None -%}
    {%- set role = 'model' if message['role'] == 'assistant' else message['role'] -%}
    {#- Detect continuation using tracked state — O(1) instead of O(n) backward scan -#}
    {%- set continue_same_model_turn = (role == 'model' and ns.prev_non_tool_role == 'assistant') -%}
    {%- if not continue_same_model_turn -%}
        {{- '<|turn>' + role + '\n' }}
    {%- endif -%}

    {#- Render reasoning/reasoning_content as thinking channel -#}
    {%- set thinking_text = message.get('reasoning') or message.get('reasoning_content') -%}
    {%- set thinking_gate = (loop.index0 > ns_turn.last_user_idx) or (preserve_thinking and message.get('tool_calls')) -%}
    {%- if thinking_text and thinking_gate -%}
        {{- '<|channel>thought\n' + thinking_text + '\n<channel|>' -}}
    {%- endif -%}

            {%- if message.get('tool_calls') -%}
                {%- for tool_call in message.get('tool_calls') -%}
                    {%- set function = tool_call['function'] -%}
                    {{- '<|tool_call>call:' + function['name'] + '{' -}}
                    {%- if function['arguments'] is mapping -%}
                        {%- set ns_args = namespace(found_first=false) -%}
                        {%- for key, value in function['arguments'] | dictsort -%}
                            {%- if ns_args.found_first %},{% endif -%}
                            {%- set ns_args.found_first = true -%}
                            {{- key -}}:{{- format_argument(value, escape_keys=False) -}}
                        {%- endfor -%}
                    {%- elif function['arguments'] is none -%}
                    {%- else -%}
                        {{- raise_exception(
                            "chat_template: tool_calls[].function.arguments must be a "
                            "JSON object (mapping), not a string. Deserialize arguments "
                            "before passing to the template."
                        ) -}}
                    {%- endif -%}
                    {{- '}<tool_call|>' -}}
                {%- endfor -%}
                {%- set ns.prev_message_type = 'tool_call' -%}
            {%- endif -%}

            {%- set ns_tr_out = namespace(flag=false) -%}
            {%- if message.get('tool_responses') -%}
                {#- Legacy: tool_responses embedded on the assistant message (Google/Gemma native) -#}
                {%- for tool_response in message.get('tool_responses') -%}
                    {{- format_tool_response_block(tool_response['name'] | default('unknown', true), tool_response['response']) -}}
                    {%- set ns_tr_out.flag = true -%}
                    {%- set ns.prev_message_type = 'tool_response' -%}
                {%- endfor -%}
            {%- elif message.get('tool_calls') -%}
                {#- OpenAI Chat Completions: forward-scan consecutive role:tool messages -#}
                {%- set ns_tool_scan = namespace(stopped=false) -%}
                {%- for k in range(loop.index0 + 1, loop_messages | length) -%}
                    {%- if ns_tool_scan.stopped -%}
                    {%- elif loop_messages[k]['role'] != 'tool' -%}
                        {%- set ns_tool_scan.stopped = true -%}
                    {%- else -%}
                        {%- set follow = loop_messages[k] -%}
                        {#- Resolve tool_call_id to function name -#}
                        {%- set ns_tname = namespace(name=follow.get('name') or 'unknown') -%}
                        {%- for tc in message.get('tool_calls') -%}
                            {%- if tc.get('id') == follow.get('tool_call_id') -%}
                                {%- set ns_tname.name = tc['function']['name'] -%}
                            {%- endif -%}
                        {%- endfor -%}
                        {#- Handle content as string or content-parts array -#}
                        {%- set tool_body = follow.get('content') -%}
                        {%- if tool_body is string -%}
                            {{- format_tool_response_block(ns_tname.name, tool_body) -}}
                        {%- elif tool_body is sequence and tool_body is not string -%}
                            {%- set ns_txt = namespace(s='') -%}
                            {%- for part in tool_body -%}
                                {%- if part.get('type') == 'text' -%}
                                    {%- set ns_txt.s = ns_txt.s + (part.get('text') | default('')) -%}
                                {%- endif -%}
                            {%- endfor -%}
                            {{- format_tool_response_block(ns_tname.name, ns_txt.s) -}}
                            {%- for part in tool_body -%}
                                {%- if part.get('type') in ['image', 'image_url'] -%}
                                    {{- '<|image|>' -}}
                                {%- elif part.get('type') in ['audio', 'input_audio'] -%}
                                    {{- '<|audio|>' -}}
                                {%- elif part.get('type') == 'video' -%}
                                    {{- '<|video|>' -}}
                                {%- endif -%}
                            {%- endfor -%}
                        {%- else -%}
                            {{- format_tool_response_block(ns_tname.name, tool_body) -}}
                        {%- endif -%}
                        {%- set ns_tr_out.flag = true -%}
                        {%- set ns.prev_message_type = 'tool_response' -%}
                    {%- endif -%}
                {%- endfor -%}
            {%- endif -%}

            {%- set captured_content -%}
            {%- if message.get('content') is string -%}
                {%- if role == 'model' -%}
                    {{- strip_thinking(message['content']) -}}
                {%- else -%}
                    {{- message['content'] | trim -}}
                {%- endif -%}
            {%- elif message.get('content') is sequence -%}
                {%- for item in message['content'] -%}
                    {%- if item.get('type') == 'text' -%}
                        {%- if role == 'model' -%}
                            {{- strip_thinking(item['text']) -}}
                        {%- else -%}
                            {{- item['text'] | trim -}}
                        {%- endif -%}
                    {%- elif item.get('type') in ['image', 'image_url'] -%}
                        {{- '<|image|>' -}}
                    {%- elif item.get('type') in ['audio', 'input_audio'] -%}
                        {{- '<|audio|>' -}}
                    {%- elif item.get('type') == 'video' -%}
                        {{- '<|video|>' -}}
                    {%- endif -%}
                {%- endfor -%}
            {%- endif -%}
            {%- endset -%}

            {{- captured_content -}}
            {%- set has_content = captured_content | trim | length > 0 -%}

        {#- Forward-scan: find next non-tool message role for continuation detection -#}
        {%- set next_nt = namespace(role=None, found=false) -%}
        {%- for j in range(loop.index0 + 1, loop_messages | length) -%}
            {%- if not next_nt.found -%}
                {%- if loop_messages[j]['role'] != 'tool' -%}
                    {%- set next_nt.role = loop_messages[j]['role'] -%}
                    {%- set next_nt.found = true -%}
                {%- endif -%}
            {%- endif -%}
        {%- endfor -%}

        {%- set continues_into_next = (
            role == 'model'
            and next_nt.role == 'assistant'
            and (not message.get('tool_calls') or ns_tr_out.flag)
        ) -%}

        {%- if ns.prev_message_type == 'tool_call' and not ns_tr_out.flag -%}
            {{- '<|tool_response>' -}}
        {%- elif continues_into_next -%}
        {%- elif not (ns_tr_out.flag and not has_content and not next_nt.found) -%}
            {{- '<turn|>\n' -}}
        {%- endif -%}

    {#- Track previous non-tool role for next iteration (avoids O(n) backward scan) -#}
    {%- set ns.prev_non_tool_role = message['role'] -%}
    {%- endif -%}
{%- endfor -%}

{%- if add_generation_prompt -%}
    {%- if ns.prev_message_type != 'tool_response' and ns.prev_message_type != 'tool_call' -%}
        {{- '<|turn>model\n' -}}
    {%- elif ns.prev_message_type == 'tool_response' and enable_thinking -%}
        {{- '<|channel>thought\n' -}}
    {%- endif -%}
{%- endif -%}

INFO:gguf.gguf_writer:Writing the following files:
INFO:gguf.gguf_writer:upload-gemma_4_E4B_it/gemma-4-E4B-it-QAT-BF16.gguf: n_tensors = 666, total_size = 14.9G

Writing:   0%|          | 0.00/14.9G [00:00<?, ?byte/s][A
Writing:   9%|▉         | 1.34G/14.9G [00:03<00:35, 382Mbyte/s][A
Writing:  47%|████▋     | 6.98G/14.9G [00:16<00:18, 428Mbyte/s][A
Writing:  50%|████▉     | 7.46G/14.9G [00:18<00:18, 397Mbyte/s][A
Writing:  53%|█████▎    | 7.91G/14.9G [00:19<00:17, 402Mbyte/s][A
Writing:  56%|█████▋    | 8.41G/14.9G [00:20<00:15, 411Mbyte/s][A
Writing:  59%|█████▉    | 8.87G/14.9G [00:21<00:14, 417Mbyte/s][A
Writing:  63%|██████▎   | 9.37G/14.9G [00:22<00:13, 424Mbyte/s][A
Writing:  66%|██████▌   | 9.81G/14.9G [00:23<00:12, 425Mbyte/s][A
Writing:  69%|██████▉   | 10.3G/14.9G [00:24<00:10, 436Mbyte/s][A
Writing:  72%|███████▏  | 10.8G/14.9G [00:25<00:09, 440Mbyte/s][A
Writing:  76%|███████▌  | 11.3G/14.9G [00:26<00:08, 443Mbyte/s][A
Writing:  79%|███████▊  | 11.7G/14.9G [00:27<00:07, 442Mbyte/s][A
Writing:  82%|████████▏ | 12.2G/14.9G [00:28<00:06, 446Mbyte/s][A
Writing:  85%|████████▌ | 12.7G/14.9G [00:30<00:04, 452Mbyte/s][A
Writing:  89%|████████▊ | 13.2G/14.9G [00:31<00:03, 457Mbyte/s][A
Writing:  92%|█████████▏| 13.7G/14.9G [00:32<00:02, 456Mbyte/s][A
Writing:  95%|█████████▍| 14.2G/14.9G [00:33<00:01, 454Mbyte/s][A
Writing:  98%|█████████▊| 14.7G/14.9G [00:34<00:00, 448Mbyte/s][AWriting: 100%|██████████| 14.9G/14.9G [00:34<00:00, 427Mbyte/s]
INFO:hf-to-gguf:Model successfully exported to upload-gemma_4_E4B_it/gemma-4-E4B-it-QAT-BF16.gguf
+ ./llama.cpp/build/bin/llama-quantize --pure --tensor-type '^token_embd=q8_0' ./upload-gemma_4_E4B_it/gemma-4-E4B-it-QAT-BF16.gguf ./upload-gemma_4_E4B_it/gemma-4-E4B-it-Q4_0.gguf Q4_0
llama_print_build_info: build = 1 (7cdd557)
llama_print_build_info: built with GNU 14.2.0 for Linux x86_64
llama_quantize: quantizing './upload-gemma_4_E4B_it/gemma-4-E4B-it-QAT-BF16.gguf' to './upload-gemma_4_E4B_it/gemma-4-E4B-it-Q4_0.gguf' as Q4_0
llama_model_loader: loaded meta data with 49 key-value pairs and 666 tensors from ./upload-gemma_4_E4B_it/gemma-4-E4B-it-QAT-BF16.gguf (version GGUF V3 (latest))
llama_model_loader: Dumping metadata keys/values. Note: KV overrides do not apply in this output.
llama_model_loader: - kv   0:                       general.architecture str              = gemma4
llama_model_loader: - kv   1:                               general.type str              = model
llama_model_loader: - kv   2:                     general.sampling.top_k i32              = 64
llama_model_loader: - kv   3:                     general.sampling.top_p f32              = 0.950000
llama_model_loader: - kv   4:                      general.sampling.temp f32              = 1.000000
llama_model_loader: - kv   5:                               general.name str              = gemma-4-E4B-it
llama_model_loader: - kv   6:                         general.size_label str              = 7.5B
llama_model_loader: - kv   7:                            general.license str              = apache-2.0
llama_model_loader: - kv   8:                       general.license.link str              = https://ai.google.dev/gemma/docs/gemm...
llama_model_loader: - kv   9:                   general.base_model.count u32              = 1
llama_model_loader: - kv  10:                  general.base_model.0.name str              = Gemma 4 E4B It
llama_model_loader: - kv  11:          general.base_model.0.organization str              = Google
llama_model_loader: - kv  12:              general.base_model.0.repo_url str              = https://huggingface.co/google/gemma-4...
llama_model_loader: - kv  13:                               general.tags arr[str,1]       = ["any-to-any"]
llama_model_loader: - kv  14:                         gemma4.block_count u32              = 42
llama_model_loader: - kv  15:                      gemma4.context_length u32              = 131072
llama_model_loader: - kv  16:                    gemma4.embedding_length u32              = 2560
llama_model_loader: - kv  17:                 gemma4.feed_forward_length u32              = 10240
llama_model_loader: - kv  18:                gemma4.attention.head_count u32              = 8
llama_model_loader: - kv  19:             gemma4.attention.head_count_kv u32              = 2
llama_model_loader: - kv  20:                      gemma4.rope.freq_base f32              = 1000000.000000
llama_model_loader: - kv  21:                  gemma4.rope.freq_base_swa f32              = 10000.000000
llama_model_loader: - kv  22:    gemma4.attention.layer_norm_rms_epsilon f32              = 0.000001
llama_model_loader: - kv  23:                gemma4.attention.key_length u32              = 512
llama_model_loader: - kv  24:              gemma4.attention.value_length u32              = 512
llama_model_loader: - kv  25:                          general.file_type u32              = 32
llama_model_loader: - kv  26:             gemma4.final_logit_softcapping f32              = 30.000000
llama_model_loader: - kv  27:            gemma4.attention.sliding_window u32              = 512
llama_model_loader: - kv  28:          gemma4.attention.shared_kv_layers u32              = 18
llama_model_loader: - kv  29:    gemma4.embedding_length_per_layer_input u32              = 256
llama_model_loader: - kv  30:    gemma4.attention.sliding_window_pattern arr[bool,42]     = [true, true, true, true, true, false,...
llama_model_loader: - kv  31:            gemma4.attention.key_length_swa u32              = 256
llama_model_loader: - kv  32:          gemma4.attention.value_length_swa u32              = 256
llama_model_loader: - kv  33:                gemma4.rope.dimension_count u32              = 512
llama_model_loader: - kv  34:            gemma4.rope.dimension_count_swa u32              = 256
llama_model_loader: - kv  35:               general.quantization_version u32              = 2
llama_model_loader: - kv  36:                       tokenizer.ggml.model str              = gemma4
llama_model_loader: - kv  37:                      tokenizer.ggml.tokens arr[str,262144]  = ["<pad>", "<eos>", "<bos>", "<unk>", ...
llama_model_loader: - kv  38:                      tokenizer.ggml.scores arr[f32,262144]  = [-1000.000000, -1000.000000, -1000.00...
llama_model_loader: - kv  39:                  tokenizer.ggml.token_type arr[i32,262144]  = [3, 3, 3, 3, 3, 1, 1, 1, 1, 1, 1, 1, ...
llama_model_loader: - kv  40:                      tokenizer.ggml.merges arr[str,514906]  = ["\n\n\n\n\n\n\n\n\n\n\n\n\n\n\n\n\n\n\n\n\n\n\n\n\n\n\n\n\n\n \n", ...
llama_model_loader: - kv  41:                tokenizer.ggml.bos_token_id u32              = 2
llama_model_loader: - kv  42:                tokenizer.ggml.eos_token_id u32              = 1
llama_model_loader: - kv  43:            tokenizer.ggml.unknown_token_id u32              = 3
llama_model_loader: - kv  44:            tokenizer.ggml.padding_token_id u32              = 0
llama_model_loader: - kv  45:               tokenizer.ggml.mask_token_id u32              = 4
llama_model_loader: - kv  46:                    tokenizer.chat_template str              = {#\n  Template: Google Gemma 4 Canonic...
llama_model_loader: - kv  47:            tokenizer.ggml.add_space_prefix bool             = false
llama_model_loader: - kv  48:               tokenizer.ggml.add_bos_token bool             = true
llama_model_loader: - type  f32:  321 tensors
llama_model_loader: - type bf16:  345 tensors
llama_tensor_get_type: token_embd.weight                    - applying manual override: q4_0 -> q8_0
[   1/ 666] output_norm.weight                   - [  2560,      1,      1,      1], type =    f32, size =    0.010 MiB
[   2/ 666] per_layer_model_proj.weight          - [  2560,  10752,      1,      1], type =   bf16, size =   52.500 MiB
[   3/ 666] per_layer_proj_norm.weight           - [   256,      1,      1,      1], type =    f32, size =    0.001 MiB
[   4/ 666] per_layer_token_embd.weight          - [ 10752, 262144,      1,      1], type =   bf16, converting to q4_0 .. size =  5376.00 MiB ->  1512.00 MiB
[   5/ 666] rope_freqs.weight                    - [   256,      1,      1,      1], type =    f32, size =    0.001 MiB
[   6/ 666] token_embd.weight                    - [  2560, 262144,      1,      1], type =   bf16, converting to q8_0 .. size =  1280.00 MiB ->   680.00 MiB
[   7/ 666] blk.0.attn_k.weight                  - [  2560,    512,      1,      1], type =   bf16, converting to q4_0 .. size =     2.50 MiB ->     0.70 MiB
[   8/ 666] blk.0.attn_k_norm.weight             - [   256,      1,      1,      1], type =    f32, size =    0.001 MiB
[   9/ 666] blk.0.attn_norm.weight               - [  2560,      1,      1,      1], type =    f32, size =    0.010 MiB
[  10/ 666] blk.0.attn_output.weight             - [  2048,   2560,      1,      1], type =   bf16, converting to q4_0 .. size =    10.00 MiB ->     2.81 MiB
[  11/ 666] blk.0.attn_q.weight                  - [  2560,   2048,      1,      1], type =   bf16, converting to q4_0 .. size =    10.00 MiB ->     2.81 MiB
[  12/ 666] blk.0.attn_q_norm.weight             - [   256,      1,      1,      1], type =    f32, size =    0.001 MiB
[  13/ 666] blk.0.attn_v.weight                  - [  2560,    512,      1,      1], type =   bf16, converting to q4_0 .. size =     2.50 MiB ->     0.70 MiB
[  14/ 666] blk.0.ffn_down.weight                - [ 10240,   2560,      1,      1], type =   bf16, converting to q4_0 .. size =    50.00 MiB ->    14.06 MiB
[  15/ 666] blk.0.ffn_gate.weight                - [  2560,  10240,      1,      1], type =   bf16, converting to q4_0 .. size =    50.00 MiB ->    14.06 MiB
[  16/ 666] blk.0.ffn_norm.weight                - [  2560,      1,      1,      1], type =    f32, size =    0.010 MiB
[  17/ 666] blk.0.ffn_up.weight                  - [  2560,  10240,      1,      1], type =   bf16, converting to q4_0 .. size =    50.00 MiB ->    14.06 MiB
[  18/ 666] blk.0.inp_gate.weight                - [  2560,    256,      1,      1], type =   bf16, converting to q4_0 .. size =     1.25 MiB ->     0.35 MiB
[  19/ 666] blk.0.layer_output_scale.weight      - [     1,      1,      1,      1], type =    f32, size =    0.000 MiB
[  20/ 666] blk.0.post_attention_norm.weight     - [  2560,      1,      1,      1], type =    f32, size =    0.010 MiB
[  21/ 666] blk.0.post_ffw_norm.weight           - [  2560,      1,      1,      1], type =    f32, size =    0.010 MiB
[  22/ 666] blk.0.post_norm.weight               - [  2560,      1,      1,      1], type =    f32, size =    0.010 MiB
[  23/ 666] blk.0.proj.weight                    - [   256,   2560,      1,      1], type =   bf16, converting to q4_0 .. size =     1.25 MiB ->     0.35 MiB
[  24/ 666] blk.1.attn_k.weight                  - [  2560,    512,      1,      1], type =   bf16, converting to q4_0 .. size =     2.50 MiB ->     0.70 MiB
[  25/ 666] blk.1.attn_k_norm.weight             - [   256,      1,      1,      1], type =    f32, size =    0.001 MiB
[  26/ 666] blk.1.attn_norm.weight               - [  2560,      1,      1,      1], type =    f32, size =    0.010 MiB
[  27/ 666] blk.1.attn_output.weight             - [  2048,   2560,      1,      1], type =   bf16, converting to q4_0 .. size =    10.00 MiB ->     2.81 MiB
[  28/ 666] blk.1.attn_q.weight                  - [  2560,   2048,      1,      1], type =   bf16, converting to q4_0 .. size =    10.00 MiB ->     2.81 MiB
[  29/ 666] blk.1.attn_q_norm.weight             - [   256,      1,      1,      1], type =    f32, size =    0.001 MiB
[  30/ 666] blk.1.attn_v.weight                  - [  2560,    512,      1,      1], type =   bf16, converting to q4_0 .. size =     2.50 MiB ->     0.70 MiB
[  31/ 666] blk.1.ffn_down.weight                - [ 10240,   2560,      1,      1], type =   bf16, converting to q4_0 .. size =    50.00 MiB ->    14.06 MiB
[  32/ 666] blk.1.ffn_gate.weight                - [  2560,  10240,      1,      1], type =   bf16, converting to q4_0 .. size =    50.00 MiB ->    14.06 MiB
[  33/ 666] blk.1.ffn_norm.weight                - [  2560,      1,      1,      1], type =    f32, size =    0.010 MiB
[  34/ 666] blk.1.ffn_up.weight                  - [  2560,  10240,      1,      1], type =   bf16, converting to q4_0 .. size =    50.00 MiB ->    14.06 MiB
[  35/ 666] blk.1.inp_gate.weight                - [  2560,    256,      1,      1], type =   bf16, converting to q4_0 .. size =     1.25 MiB ->     0.35 MiB
[  36/ 666] blk.1.layer_output_scale.weight      - [     1,      1,      1,      1], type =    f32, size =    0.000 MiB
[  37/ 666] blk.1.post_attention_norm.weight     - [  2560,      1,      1,      1], type =    f32, size =    0.010 MiB
[  38/ 666] blk.1.post_ffw_norm.weight           - [  2560,      1,      1,      1], type =    f32, size =    0.010 MiB
[  39/ 666] blk.1.post_norm.weight               - [  2560,      1,      1,      1], type =    f32, size =    0.010 MiB
[  40/ 666] blk.1.proj.weight                    - [   256,   2560,      1,      1], type =   bf16, converting to q4_0 .. size =     1.25 MiB ->     0.35 MiB
[  41/ 666] blk.2.attn_k.weight                  - [  2560,    512,      1,      1], type =   bf16, converting to q4_0 .. size =     2.50 MiB ->     0.70 MiB
[  42/ 666] blk.2.attn_k_norm.weight             - [   256,      1,      1,      1], type =    f32, size =    0.001 MiB
[  43/ 666] blk.2.attn_norm.weight               - [  2560,      1,      1,      1], type =    f32, size =    0.010 MiB
[  44/ 666] blk.2.attn_output.weight             - [  2048,   2560,      1,      1], type =   bf16, converting to q4_0 .. size =    10.00 MiB ->     2.81 MiB
[  45/ 666] blk.2.attn_q.weight                  - [  2560,   2048,      1,      1], type =   bf16, converting to q4_0 .. size =    10.00 MiB ->     2.81 MiB
[  46/ 666] blk.2.attn_q_norm.weight             - [   256,      1,      1,      1], type =    f32, size =    0.001 MiB
[  47/ 666] blk.2.attn_v.weight                  - [  2560,    512,      1,      1], type =   bf16, converting to q4_0 .. size =     2.50 MiB ->     0.70 MiB
[  48/ 666] blk.2.ffn_down.weight                - [ 10240,   2560,      1,      1], type =   bf16, converting to q4_0 .. size =    50.00 MiB ->    14.06 MiB
[  49/ 666] blk.2.ffn_gate.weight                - [  2560,  10240,      1,      1], type =   bf16, converting to q4_0 .. size =    50.00 MiB ->    14.06 MiB
[  50/ 666] blk.2.ffn_norm.weight                - [  2560,      1,      1,      1], type =    f32, size =    0.010 MiB
[  51/ 666] blk.2.ffn_up.weight                  - [  2560,  10240,      1,      1], type =   bf16, converting to q4_0 .. size =    50.00 MiB ->    14.06 MiB
[  52/ 666] blk.2.inp_gate.weight                - [  2560,    256,      1,      1], type =   bf16, converting to q4_0 .. size =     1.25 MiB ->     0.35 MiB
[  53/ 666] blk.2.layer_output_scale.weight      - [     1,      1,      1,      1], type =    f32, size =    0.000 MiB
[  54/ 666] blk.2.post_attention_norm.weight     - [  2560,      1,      1,      1], type =    f32, size =    0.010 MiB
[  55/ 666] blk.2.post_ffw_norm.weight           - [  2560,      1,      1,      1], type =    f32, size =    0.010 MiB
[  56/ 666] blk.2.post_norm.weight               - [  2560,      1,      1,      1], type =    f32, size =    0.010 MiB
[  57/ 666] blk.2.proj.weight                    - [   256,   2560,      1,      1], type =   bf16, converting to q4_0 .. size =     1.25 MiB ->     0.35 MiB
[  58/ 666] blk.3.attn_k.weight                  - [  2560,    512,      1,      1], type =   bf16, converting to q4_0 .. size =     2.50 MiB ->     0.70 MiB
[  59/ 666] blk.3.attn_k_norm.weight             - [   256,      1,      1,      1], type =    f32, size =    0.001 MiB
[  60/ 666] blk.3.attn_norm.weight               - [  2560,      1,      1,      1], type =    f32, size =    0.010 MiB
[  61/ 666] blk.3.attn_output.weight             - [  2048,   2560,      1,      1], type =   bf16, converting to q4_0 .. size =    10.00 MiB ->     2.81 MiB
[  62/ 666] blk.3.attn_q.weight                  - [  2560,   2048,      1,      1], type =   bf16, converting to q4_0 .. size =    10.00 MiB ->     2.81 MiB
[  63/ 666] blk.3.attn_q_norm.weight             - [   256,      1,      1,      1], type =    f32, size =    0.001 MiB
[  64/ 666] blk.3.attn_v.weight                  - [  2560,    512,      1,      1], type =   bf16, converting to q4_0 .. size =     2.50 MiB ->     0.70 MiB
[  65/ 666] blk.3.ffn_down.weight                - [ 10240,   2560,      1,      1], type =   bf16, converting to q4_0 .. size =    50.00 MiB ->    14.06 MiB
[  66/ 666] blk.3.ffn_gate.weight                - [  2560,  10240,      1,      1], type =   bf16, converting to q4_0 .. size =    50.00 MiB ->    14.06 MiB
[  67/ 666] blk.3.ffn_norm.weight                - [  2560,      1,      1,      1], type =    f32, size =    0.010 MiB
[  68/ 666] blk.3.ffn_up.weight                  - [  2560,  10240,      1,      1], type =   bf16, converting to q4_0 .. size =    50.00 MiB ->    14.06 MiB
[  69/ 666] blk.3.inp_gate.weight                - [  2560,    256,      1,      1], type =   bf16, converting to q4_0 .. size =     1.25 MiB ->     0.35 MiB
[  70/ 666] blk.3.layer_output_scale.weight      - [     1,      1,      1,      1], type =    f32, size =    0.000 MiB
[  71/ 666] blk.3.post_attention_norm.weight     - [  2560,      1,      1,      1], type =    f32, size =    0.010 MiB
[  72/ 666] blk.3.post_ffw_norm.weight           - [  2560,      1,      1,      1], type =    f32, size =    0.010 MiB
[  73/ 666] blk.3.post_norm.weight               - [  2560,      1,      1,      1], type =    f32, size =    0.010 MiB
[  74/ 666] blk.3.proj.weight                    - [   256,   2560,      1,      1], type =   bf16, converting to q4_0 .. size =     1.25 MiB ->     0.35 MiB
[  75/ 666] blk.4.attn_k.weight                  - [  2560,    512,      1,      1], type =   bf16, converting to q4_0 .. size =     2.50 MiB ->     0.70 MiB
[  76/ 666] blk.4.attn_k_norm.weight             - [   256,      1,      1,      1], type =    f32, size =    0.001 MiB
[  77/ 666] blk.4.attn_norm.weight               - [  2560,      1,      1,      1], type =    f32, size =    0.010 MiB
[  78/ 666] blk.4.attn_output.weight             - [  2048,   2560,      1,      1], type =   bf16, converting to q4_0 .. size =    10.00 MiB ->     2.81 MiB
[  79/ 666] blk.4.attn_q.weight                  - [  2560,   2048,      1,      1], type =   bf16, converting to q4_0 .. size =    10.00 MiB ->     2.81 MiB
[  80/ 666] blk.4.attn_q_norm.weight             - [   256,      1,      1,      1], type =    f32, size =    0.001 MiB
[  81/ 666] blk.4.attn_v.weight                  - [  2560,    512,      1,      1], type =   bf16, converting to q4_0 .. size =     2.50 MiB ->     0.70 MiB
[  82/ 666] blk.4.ffn_down.weight                - [ 10240,   2560,      1,      1], type =   bf16, converting to q4_0 .. size =    50.00 MiB ->    14.06 MiB
[  83/ 666] blk.4.ffn_gate.weight                - [  2560,  10240,      1,      1], type =   bf16, converting to q4_0 .. size =    50.00 MiB ->    14.06 MiB
[  84/ 666] blk.4.ffn_norm.weight                - [  2560,      1,      1,      1], type =    f32, size =    0.010 MiB
[  85/ 666] blk.4.ffn_up.weight                  - [  2560,  10240,      1,      1], type =   bf16, converting to q4_0 .. size =    50.00 MiB ->    14.06 MiB
[  86/ 666] blk.4.inp_gate.weight                - [  2560,    256,      1,      1], type =   bf16, converting to q4_0 .. size =     1.25 MiB ->     0.35 MiB
[  87/ 666] blk.4.layer_output_scale.weight      - [     1,      1,      1,      1], type =    f32, size =    0.000 MiB
[  88/ 666] blk.4.post_attention_norm.weight     - [  2560,      1,      1,      1], type =    f32, size =    0.010 MiB
[  89/ 666] blk.4.post_ffw_norm.weight           - [  2560,      1,      1,      1], type =    f32, size =    0.010 MiB
[  90/ 666] blk.4.post_norm.weight               - [  2560,      1,      1,      1], type =    f32, size =    0.010 MiB
[  91/ 666] blk.4.proj.weight                    - [   256,   2560,      1,      1], type =   bf16, converting to q4_0 .. size =     1.25 MiB ->     0.35 MiB
[  92/ 666] blk.5.attn_k.weight                  - [  2560,   1024,      1,      1], type =   bf16, converting to q4_0 .. size =     5.00 MiB ->     1.41 MiB
[  93/ 666] blk.5.attn_k_norm.weight             - [   512,      1,      1,      1], type =    f32, size =    0.002 MiB
[  94/ 666] blk.5.attn_norm.weight               - [  2560,      1,      1,      1], type =    f32, size =    0.010 MiB
[  95/ 666] blk.5.attn_output.weight             - [  4096,   2560,      1,      1], type =   bf16, converting to q4_0 .. size =    20.00 MiB ->     5.62 MiB
[  96/ 666] blk.5.attn_q.weight                  - [  2560,   4096,      1,      1], type =   bf16, converting to q4_0 .. size =    20.00 MiB ->     5.62 MiB
[  97/ 666] blk.5.attn_q_norm.weight             - [   512,      1,      1,      1], type =    f32, size =    0.002 MiB
[  98/ 666] blk.5.attn_v.weight                  - [  2560,   1024,      1,      1], type =   bf16, converting to q4_0 .. size =     5.00 MiB ->     1.41 MiB
[  99/ 666] blk.5.ffn_down.weight                - [ 10240,   2560,      1,      1], type =   bf16, converting to q4_0 .. size =    50.00 MiB ->    14.06 MiB
[ 100/ 666] blk.5.ffn_gate.weight                - [  2560,  10240,      1,      1], type =   bf16, converting to q4_0 .. size =    50.00 MiB ->    14.06 MiB
[ 101/ 666] blk.5.ffn_norm.weight                - [  2560,      1,      1,      1], type =    f32, size =    0.010 MiB
[ 102/ 666] blk.5.ffn_up.weight                  - [  2560,  10240,      1,      1], type =   bf16, converting to q4_0 .. size =    50.00 MiB ->    14.06 MiB
[ 103/ 666] blk.5.inp_gate.weight                - [  2560,    256,      1,      1], type =   bf16, converting to q4_0 .. size =     1.25 MiB ->     0.35 MiB
[ 104/ 666] blk.5.layer_output_scale.weight      - [     1,      1,      1,      1], type =    f32, size =    0.000 MiB
[ 105/ 666] blk.5.post_attention_norm.weight     - [  2560,      1,      1,      1], type =    f32, size =    0.010 MiB
[ 106/ 666] blk.5.post_ffw_norm.weight           - [  2560,      1,      1,      1], type =    f32, size =    0.010 MiB
[ 107/ 666] blk.5.post_norm.weight               - [  2560,      1,      1,      1], type =    f32, size =    0.010 MiB
[ 108/ 666] blk.5.proj.weight                    - [   256,   2560,      1,      1], type =   bf16, converting to q4_0 .. size =     1.25 MiB ->     0.35 MiB
[ 109/ 666] blk.6.attn_k.weight                  - [  2560,    512,      1,      1], type =   bf16, converting to q4_0 .. size =     2.50 MiB ->     0.70 MiB
[ 110/ 666] blk.6.attn_k_norm.weight             - [   256,      1,      1,      1], type =    f32, size =    0.001 MiB
[ 111/ 666] blk.6.attn_norm.weight               - [  2560,      1,      1,      1], type =    f32, size =    0.010 MiB
[ 112/ 666] blk.6.attn_output.weight             - [  2048,   2560,      1,      1], type =   bf16, converting to q4_0 .. size =    10.00 MiB ->     2.81 MiB
[ 113/ 666] blk.6.attn_q.weight                  - [  2560,   2048,      1,      1], type =   bf16, converting to q4_0 .. size =    10.00 MiB ->     2.81 MiB
[ 114/ 666] blk.6.attn_q_norm.weight             - [   256,      1,      1,      1], type =    f32, size =    0.001 MiB
[ 115/ 666] blk.6.attn_v.weight                  - [  2560,    512,      1,      1], type =   bf16, converting to q4_0 .. size =     2.50 MiB ->     0.70 MiB
[ 116/ 666] blk.6.ffn_down.weight                - [ 10240,   2560,      1,      1], type =   bf16, converting to q4_0 .. size =    50.00 MiB ->    14.06 MiB
[ 117/ 666] blk.6.ffn_gate.weight                - [  2560,  10240,      1,      1], type =   bf16, converting to q4_0 .. size =    50.00 MiB ->    14.06 MiB
[ 118/ 666] blk.6.ffn_norm.weight                - [  2560,      1,      1,      1], type =    f32, size =    0.010 MiB
[ 119/ 666] blk.6.ffn_up.weight                  - [  2560,  10240,      1,      1], type =   bf16, converting to q4_0 .. size =    50.00 MiB ->    14.06 MiB
[ 120/ 666] blk.6.inp_gate.weight                - [  2560,    256,      1,      1], type =   bf16, converting to q4_0 .. size =     1.25 MiB ->     0.35 MiB
[ 121/ 666] blk.6.layer_output_scale.weight      - [     1,      1,      1,      1], type =    f32, size =    0.000 MiB
[ 122/ 666] blk.6.post_attention_norm.weight     - [  2560,      1,      1,      1], type =    f32, size =    0.010 MiB
[ 123/ 666] blk.6.post_ffw_norm.weight           - [  2560,      1,      1,      1], type =    f32, size =    0.010 MiB
[ 124/ 666] blk.6.post_norm.weight               - [  2560,      1,      1,      1], type =    f32, size =    0.010 MiB
[ 125/ 666] blk.6.proj.weight                    - [   256,   2560,      1,      1], type =   bf16, converting to q4_0 .. size =     1.25 MiB ->     0.35 MiB
[ 126/ 666] blk.7.attn_k.weight                  - [  2560,    512,      1,      1], type =   bf16, converting to q4_0 .. size =     2.50 MiB ->     0.70 MiB
[ 127/ 666] blk.7.attn_k_norm.weight             - [   256,      1,      1,      1], type =    f32, size =    0.001 MiB
[ 128/ 666] blk.7.attn_norm.weight               - [  2560,      1,      1,      1], type =    f32, size =    0.010 MiB
[ 129/ 666] blk.7.attn_output.weight             - [  2048,   2560,      1,      1], type =   bf16, converting to q4_0 .. size =    10.00 MiB ->     2.81 MiB
[ 130/ 666] blk.7.attn_q.weight                  - [  2560,   2048,      1,      1], type =   bf16, converting to q4_0 .. size =    10.00 MiB ->     2.81 MiB
[ 131/ 666] blk.7.attn_q_norm.weight             - [   256,      1,      1,      1], type =    f32, size =    0.001 MiB
[ 132/ 666] blk.7.attn_v.weight                  - [  2560,    512,      1,      1], type =   bf16, converting to q4_0 .. size =     2.50 MiB ->     0.70 MiB
[ 133/ 666] blk.7.ffn_down.weight                - [ 10240,   2560,      1,      1], type =   bf16, converting to q4_0 .. size =    50.00 MiB ->    14.06 MiB
[ 134/ 666] blk.7.ffn_gate.weight                - [  2560,  10240,      1,      1], type =   bf16, converting to q4_0 .. size =    50.00 MiB ->    14.06 MiB
[ 135/ 666] blk.7.ffn_norm.weight                - [  2560,      1,      1,      1], type =    f32, size =    0.010 MiB
[ 136/ 666] blk.7.ffn_up.weight                  - [  2560,  10240,      1,      1], type =   bf16, converting to q4_0 .. size =    50.00 MiB ->    14.06 MiB
[ 137/ 666] blk.7.inp_gate.weight                - [  2560,    256,      1,      1], type =   bf16, converting to q4_0 .. size =     1.25 MiB ->     0.35 MiB
[ 138/ 666] blk.7.layer_output_scale.weight      - [     1,      1,      1,      1], type =    f32, size =    0.000 MiB
[ 139/ 666] blk.7.post_attention_norm.weight     - [  2560,      1,      1,      1], type =    f32, size =    0.010 MiB
[ 140/ 666] blk.7.post_ffw_norm.weight           - [  2560,      1,      1,      1], type =    f32, size =    0.010 MiB
[ 141/ 666] blk.7.post_norm.weight               - [  2560,      1,      1,      1], type =    f32, size =    0.010 MiB
[ 142/ 666] blk.7.proj.weight                    - [   256,   2560,      1,      1], type =   bf16, converting to q4_0 .. size =     1.25 MiB ->     0.35 MiB
[ 143/ 666] blk.8.attn_k.weight                  - [  2560,    512,      1,      1], type =   bf16, converting to q4_0 .. size =     2.50 MiB ->     0.70 MiB
[ 144/ 666] blk.8.attn_k_norm.weight             - [   256,      1,      1,      1], type =    f32, size =    0.001 MiB
[ 145/ 666] blk.8.attn_norm.weight               - [  2560,      1,      1,      1], type =    f32, size =    0.010 MiB
[ 146/ 666] blk.8.attn_output.weight             - [  2048,   2560,      1,      1], type =   bf16, converting to q4_0 .. size =    10.00 MiB ->     2.81 MiB
[ 147/ 666] blk.8.attn_q.weight                  - [  2560,   2048,      1,      1], type =   bf16, converting to q4_0 .. size =    10.00 MiB ->     2.81 MiB
[ 148/ 666] blk.8.attn_q_norm.weight             - [   256,      1,      1,      1], type =    f32, size =    0.001 MiB
[ 149/ 666] blk.8.attn_v.weight                  - [  2560,    512,      1,      1], type =   bf16, converting to q4_0 .. size =     2.50 MiB ->     0.70 MiB
[ 150/ 666] blk.8.ffn_down.weight                - [ 10240,   2560,      1,      1], type =   bf16, converting to q4_0 .. size =    50.00 MiB ->    14.06 MiB
[ 151/ 666] blk.8.ffn_gate.weight                - [  2560,  10240,      1,      1], type =   bf16, converting to q4_0 .. size =    50.00 MiB ->    14.06 MiB
[ 152/ 666] blk.8.ffn_norm.weight                - [  2560,      1,      1,      1], type =    f32, size =    0.010 MiB
[ 153/ 666] blk.8.ffn_up.weight                  - [  2560,  10240,      1,      1], type =   bf16, converting to q4_0 .. size =    50.00 MiB ->    14.06 MiB
[ 154/ 666] blk.8.inp_gate.weight                - [  2560,    256,      1,      1], type =   bf16, converting to q4_0 .. size =     1.25 MiB ->     0.35 MiB
[ 155/ 666] blk.8.layer_output_scale.weight      - [     1,      1,      1,      1], type =    f32, size =    0.000 MiB
[ 156/ 666] blk.8.post_attention_norm.weight     - [  2560,      1,      1,      1], type =    f32, size =    0.010 MiB
[ 157/ 666] blk.8.post_ffw_norm.weight           - [  2560,      1,      1,      1], type =    f32, size =    0.010 MiB
[ 158/ 666] blk.8.post_norm.weight               - [  2560,      1,      1,      1], type =    f32, size =    0.010 MiB
[ 159/ 666] blk.8.proj.weight                    - [   256,   2560,      1,      1], type =   bf16, converting to q4_0 .. size =     1.25 MiB ->     0.35 MiB
[ 160/ 666] blk.9.attn_k.weight                  - [  2560,    512,      1,      1], type =   bf16, converting to q4_0 .. size =     2.50 MiB ->     0.70 MiB
[ 161/ 666] blk.9.attn_k_norm.weight             - [   256,      1,      1,      1], type =    f32, size =    0.001 MiB
[ 162/ 666] blk.9.attn_norm.weight               - [  2560,      1,      1,      1], type =    f32, size =    0.010 MiB
[ 163/ 666] blk.9.attn_output.weight             - [  2048,   2560,      1,      1], type =   bf16, converting to q4_0 .. size =    10.00 MiB ->     2.81 MiB
[ 164/ 666] blk.9.attn_q.weight                  - [  2560,   2048,      1,      1], type =   bf16, converting to q4_0 .. size =    10.00 MiB ->     2.81 MiB
[ 165/ 666] blk.9.attn_q_norm.weight             - [   256,      1,      1,      1], type =    f32, size =    0.001 MiB
[ 166/ 666] blk.9.attn_v.weight                  - [  2560,    512,      1,      1], type =   bf16, converting to q4_0 .. size =     2.50 MiB ->     0.70 MiB
[ 167/ 666] blk.9.ffn_down.weight                - [ 10240,   2560,      1,      1], type =   bf16, converting to q4_0 .. size =    50.00 MiB ->    14.06 MiB
[ 168/ 666] blk.9.ffn_gate.weight                - [  2560,  10240,      1,      1], type =   bf16, converting to q4_0 .. size =    50.00 MiB ->    14.06 MiB
[ 169/ 666] blk.9.ffn_norm.weight                - [  2560,      1,      1,      1], type =    f32, size =    0.010 MiB
[ 170/ 666] blk.9.ffn_up.weight                  - [  2560,  10240,      1,      1], type =   bf16, converting to q4_0 .. size =    50.00 MiB ->    14.06 MiB
[ 171/ 666] blk.9.inp_gate.weight                - [  2560,    256,      1,      1], type =   bf16, converting to q4_0 .. size =     1.25 MiB ->     0.35 MiB
[ 172/ 666] blk.9.layer_output_scale.weight      - [     1,      1,      1,      1], type =    f32, size =    0.000 MiB
[ 173/ 666] blk.9.post_attention_norm.weight     - [  2560,      1,      1,      1], type =    f32, size =    0.010 MiB
[ 174/ 666] blk.9.post_ffw_norm.weight           - [  2560,      1,      1,      1], type =    f32, size =    0.010 MiB
[ 175/ 666] blk.9.post_norm.weight               - [  2560,      1,      1,      1], type =    f32, size =    0.010 MiB
[ 176/ 666] blk.9.proj.weight                    - [   256,   2560,      1,      1], type =   bf16, converting to q4_0 .. size =     1.25 MiB ->     0.35 MiB
[ 177/ 666] blk.10.attn_k.weight                 - [  2560,    512,      1,      1], type =   bf16, converting to q4_0 .. size =     2.50 MiB ->     0.70 MiB
[ 178/ 666] blk.10.attn_k_norm.weight            - [   256,      1,      1,      1], type =    f32, size =    0.001 MiB
[ 179/ 666] blk.10.attn_norm.weight              - [  2560,      1,      1,      1], type =    f32, size =    0.010 MiB
[ 180/ 666] blk.10.attn_output.weight            - [  2048,   2560,      1,      1], type =   bf16, converting to q4_0 .. size =    10.00 MiB ->     2.81 MiB
[ 181/ 666] blk.10.attn_q.weight                 - [  2560,   2048,      1,      1], type =   bf16, converting to q4_0 .. size =    10.00 MiB ->     2.81 MiB
[ 182/ 666] blk.10.attn_q_norm.weight            - [   256,      1,      1,      1], type =    f32, size =    0.001 MiB
[ 183/ 666] blk.10.attn_v.weight                 - [  2560,    512,      1,      1], type =   bf16, converting to q4_0 .. size =     2.50 MiB ->     0.70 MiB
[ 184/ 666] blk.10.ffn_down.weight               - [ 10240,   2560,      1,      1], type =   bf16, converting to q4_0 .. size =    50.00 MiB ->    14.06 MiB
[ 185/ 666] blk.10.ffn_gate.weight               - [  2560,  10240,      1,      1], type =   bf16, converting to q4_0 .. size =    50.00 MiB ->    14.06 MiB
[ 186/ 666] blk.10.ffn_norm.weight               - [  2560,      1,      1,      1], type =    f32, size =    0.010 MiB
[ 187/ 666] blk.10.ffn_up.weight                 - [  2560,  10240,      1,      1], type =   bf16, converting to q4_0 .. size =    50.00 MiB ->    14.06 MiB
[ 188/ 666] blk.10.inp_gate.weight               - [  2560,    256,      1,      1], type =   bf16, converting to q4_0 .. size =     1.25 MiB ->     0.35 MiB
[ 189/ 666] blk.10.layer_output_scale.weight     - [     1,      1,      1,      1], type =    f32, size =    0.000 MiB
[ 190/ 666] blk.10.post_attention_norm.weight    - [  2560,      1,      1,      1], type =    f32, size =    0.010 MiB
[ 191/ 666] blk.10.post_ffw_norm.weight          - [  2560,      1,      1,      1], type =    f32, size =    0.010 MiB
[ 192/ 666] blk.10.post_norm.weight              - [  2560,      1,      1,      1], type =    f32, size =    0.010 MiB
[ 193/ 666] blk.10.proj.weight                   - [   256,   2560,      1,      1], type =   bf16, converting to q4_0 .. size =     1.25 MiB ->     0.35 MiB
[ 194/ 666] blk.11.attn_k.weight                 - [  2560,   1024,      1,      1], type =   bf16, converting to q4_0 .. size =     5.00 MiB ->     1.41 MiB
[ 195/ 666] blk.11.attn_k_norm.weight            - [   512,      1,      1,      1], type =    f32, size =    0.002 MiB
[ 196/ 666] blk.11.attn_norm.weight              - [  2560,      1,      1,      1], type =    f32, size =    0.010 MiB
[ 197/ 666] blk.11.attn_output.weight            - [  4096,   2560,      1,      1], type =   bf16, converting to q4_0 .. size =    20.00 MiB ->     5.62 MiB
[ 198/ 666] blk.11.attn_q.weight                 - [  2560,   4096,      1,      1], type =   bf16, converting to q4_0 .. size =    20.00 MiB ->     5.62 MiB
[ 199/ 666] blk.11.attn_q_norm.weight            - [   512,      1,      1,      1], type =    f32, size =    0.002 MiB
[ 200/ 666] blk.11.attn_v.weight                 - [  2560,   1024,      1,      1], type =   bf16, converting to q4_0 .. size =     5.00 MiB ->     1.41 MiB
[ 201/ 666] blk.11.ffn_down.weight               - [ 10240,   2560,      1,      1], type =   bf16, converting to q4_0 .. size =    50.00 MiB ->    14.06 MiB
[ 202/ 666] blk.11.ffn_gate.weight               - [  2560,  10240,      1,      1], type =   bf16, converting to q4_0 .. size =    50.00 MiB ->    14.06 MiB
[ 203/ 666] blk.11.ffn_norm.weight               - [  2560,      1,      1,      1], type =    f32, size =    0.010 MiB
[ 204/ 666] blk.11.ffn_up.weight                 - [  2560,  10240,      1,      1], type =   bf16, converting to q4_0 .. size =    50.00 MiB ->    14.06 MiB
[ 205/ 666] blk.11.inp_gate.weight               - [  2560,    256,      1,      1], type =   bf16, converting to q4_0 .. size =     1.25 MiB ->     0.35 MiB
[ 206/ 666] blk.11.layer_output_scale.weight     - [     1,      1,      1,      1], type =    f32, size =    0.000 MiB
[ 207/ 666] blk.11.post_attention_norm.weight    - [  2560,      1,      1,      1], type =    f32, size =    0.010 MiB
[ 208/ 666] blk.11.post_ffw_norm.weight          - [  2560,      1,      1,      1], type =    f32, size =    0.010 MiB
[ 209/ 666] blk.11.post_norm.weight              - [  2560,      1,      1,      1], type =    f32, size =    0.010 MiB
[ 210/ 666] blk.11.proj.weight                   - [   256,   2560,      1,      1], type =   bf16, converting to q4_0 .. size =     1.25 MiB ->     0.35 MiB
[ 211/ 666] blk.12.attn_k.weight                 - [  2560,    512,      1,      1], type =   bf16, converting to q4_0 .. size =     2.50 MiB ->     0.70 MiB
[ 212/ 666] blk.12.attn_k_norm.weight            - [   256,      1,      1,      1], type =    f32, size =    0.001 MiB
[ 213/ 666] blk.12.attn_norm.weight              - [  2560,      1,      1,      1], type =    f32, size =    0.010 MiB
[ 214/ 666] blk.12.attn_output.weight            - [  2048,   2560,      1,      1], type =   bf16, converting to q4_0 .. size =    10.00 MiB ->     2.81 MiB
[ 215/ 666] blk.12.attn_q.weight                 - [  2560,   2048,      1,      1], type =   bf16, converting to q4_0 .. size =    10.00 MiB ->     2.81 MiB
[ 216/ 666] blk.12.attn_q_norm.weight            - [   256,      1,      1,      1], type =    f32, size =    0.001 MiB
[ 217/ 666] blk.12.attn_v.weight                 - [  2560,    512,      1,      1], type =   bf16, converting to q4_0 .. size =     2.50 MiB ->     0.70 MiB
[ 218/ 666] blk.12.ffn_down.weight               - [ 10240,   2560,      1,      1], type =   bf16, converting to q4_0 .. size =    50.00 MiB ->    14.06 MiB
[ 219/ 666] blk.12.ffn_gate.weight               - [  2560,  10240,      1,      1], type =   bf16, converting to q4_0 .. size =    50.00 MiB ->    14.06 MiB
[ 220/ 666] blk.12.ffn_norm.weight               - [  2560,      1,      1,      1], type =    f32, size =    0.010 MiB
[ 221/ 666] blk.12.ffn_up.weight                 - [  2560,  10240,      1,      1], type =   bf16, converting to q4_0 .. size =    50.00 MiB ->    14.06 MiB
[ 222/ 666] blk.12.inp_gate.weight               - [  2560,    256,      1,      1], type =   bf16, converting to q4_0 .. size =     1.25 MiB ->     0.35 MiB
[ 223/ 666] blk.12.layer_output_scale.weight     - [     1,      1,      1,      1], type =    f32, size =    0.000 MiB
[ 224/ 666] blk.12.post_attention_norm.weight    - [  2560,      1,      1,      1], type =    f32, size =    0.010 MiB
[ 225/ 666] blk.12.post_ffw_norm.weight          - [  2560,      1,      1,      1], type =    f32, size =    0.010 MiB
[ 226/ 666] blk.12.post_norm.weight              - [  2560,      1,      1,      1], type =    f32, size =    0.010 MiB
[ 227/ 666] blk.12.proj.weight                   - [   256,   2560,      1,      1], type =   bf16, converting to q4_0 .. size =     1.25 MiB ->     0.35 MiB
[ 228/ 666] blk.13.attn_k.weight                 - [  2560,    512,      1,      1], type =   bf16, converting to q4_0 .. size =     2.50 MiB ->     0.70 MiB
[ 229/ 666] blk.13.attn_k_norm.weight            - [   256,      1,      1,      1], type =    f32, size =    0.001 MiB
[ 230/ 666] blk.13.attn_norm.weight              - [  2560,      1,      1,      1], type =    f32, size =    0.010 MiB
[ 231/ 666] blk.13.attn_output.weight            - [  2048,   2560,      1,      1], type =   bf16, converting to q4_0 .. size =    10.00 MiB ->     2.81 MiB
[ 232/ 666] blk.13.attn_q.weight                 - [  2560,   2048,      1,      1], type =   bf16, converting to q4_0 .. size =    10.00 MiB ->     2.81 MiB
[ 233/ 666] blk.13.attn_q_norm.weight            - [   256,      1,      1,      1], type =    f32, size =    0.001 MiB
[ 234/ 666] blk.13.attn_v.weight                 - [  2560,    512,      1,      1], type =   bf16, converting to q4_0 .. size =     2.50 MiB ->     0.70 MiB
[ 235/ 666] blk.13.ffn_down.weight               - [ 10240,   2560,      1,      1], type =   bf16, converting to q4_0 .. size =    50.00 MiB ->    14.06 MiB
[ 236/ 666] blk.13.ffn_gate.weight               - [  2560,  10240,      1,      1], type =   bf16, converting to q4_0 .. size =    50.00 MiB ->    14.06 MiB
[ 237/ 666] blk.13.ffn_norm.weight               - [  2560,      1,      1,      1], type =    f32, size =    0.010 MiB
[ 238/ 666] blk.13.ffn_up.weight                 - [  2560,  10240,      1,      1], type =   bf16, converting to q4_0 .. size =    50.00 MiB ->    14.06 MiB
[ 239/ 666] blk.13.inp_gate.weight               - [  2560,    256,      1,      1], type =   bf16, converting to q4_0 .. size =     1.25 MiB ->     0.35 MiB
[ 240/ 666] blk.13.layer_output_scale.weight     - [     1,      1,      1,      1], type =    f32, size =    0.000 MiB
[ 241/ 666] blk.13.post_attention_norm.weight    - [  2560,      1,      1,      1], type =    f32, size =    0.010 MiB
[ 242/ 666] blk.13.post_ffw_norm.weight          - [  2560,      1,      1,      1], type =    f32, size =    0.010 MiB
[ 243/ 666] blk.13.post_norm.weight              - [  2560,      1,      1,      1], type =    f32, size =    0.010 MiB
[ 244/ 666] blk.13.proj.weight                   - [   256,   2560,      1,      1], type =   bf16, converting to q4_0 .. size =     1.25 MiB ->     0.35 MiB
[ 245/ 666] blk.14.attn_k.weight                 - [  2560,    512,      1,      1], type =   bf16, converting to q4_0 .. size =     2.50 MiB ->     0.70 MiB
[ 246/ 666] blk.14.attn_k_norm.weight            - [   256,      1,      1,      1], type =    f32, size =    0.001 MiB
[ 247/ 666] blk.14.attn_norm.weight              - [  2560,      1,      1,      1], type =    f32, size =    0.010 MiB
[ 248/ 666] blk.14.attn_output.weight            - [  2048,   2560,      1,      1], type =   bf16, converting to q4_0 .. size =    10.00 MiB ->     2.81 MiB
[ 249/ 666] blk.14.attn_q.weight                 - [  2560,   2048,      1,      1], type =   bf16, converting to q4_0 .. size =    10.00 MiB ->     2.81 MiB
[ 250/ 666] blk.14.attn_q_norm.weight            - [   256,      1,      1,      1], type =    f32, size =    0.001 MiB
[ 251/ 666] blk.14.attn_v.weight                 - [  2560,    512,      1,      1], type =   bf16, converting to q4_0 .. size =     2.50 MiB ->     0.70 MiB
[ 252/ 666] blk.14.ffn_down.weight               - [ 10240,   2560,      1,      1], type =   bf16, converting to q4_0 .. size =    50.00 MiB ->    14.06 MiB
[ 253/ 666] blk.14.ffn_gate.weight               - [  2560,  10240,      1,      1], type =   bf16, converting to q4_0 .. size =    50.00 MiB ->    14.06 MiB
[ 254/ 666] blk.14.ffn_norm.weight               - [  2560,      1,      1,      1], type =    f32, size =    0.010 MiB
[ 255/ 666] blk.14.ffn_up.weight                 - [  2560,  10240,      1,      1], type =   bf16, converting to q4_0 .. size =    50.00 MiB ->    14.06 MiB
[ 256/ 666] blk.14.inp_gate.weight               - [  2560,    256,      1,      1], type =   bf16, converting to q4_0 .. size =     1.25 MiB ->     0.35 MiB
[ 257/ 666] blk.14.layer_output_scale.weight     - [     1,      1,      1,      1], type =    f32, size =    0.000 MiB
[ 258/ 666] blk.14.post_attention_norm.weight    - [  2560,      1,      1,      1], type =    f32, size =    0.010 MiB
[ 259/ 666] blk.14.post_ffw_norm.weight          - [  2560,      1,      1,      1], type =    f32, size =    0.010 MiB
[ 260/ 666] blk.14.post_norm.weight              - [  2560,      1,      1,      1], type =    f32, size =    0.010 MiB
[ 261/ 666] blk.14.proj.weight                   - [   256,   2560,      1,      1], type =   bf16, converting to q4_0 .. size =     1.25 MiB ->     0.35 MiB
[ 262/ 666] blk.15.attn_k.weight                 - [  2560,    512,      1,      1], type =   bf16, converting to q4_0 .. size =     2.50 MiB ->     0.70 MiB
[ 263/ 666] blk.15.attn_k_norm.weight            - [   256,      1,      1,      1], type =    f32, size =    0.001 MiB
[ 264/ 666] blk.15.attn_norm.weight              - [  2560,      1,      1,      1], type =    f32, size =    0.010 MiB
[ 265/ 666] blk.15.attn_output.weight            - [  2048,   2560,      1,      1], type =   bf16, converting to q4_0 .. size =    10.00 MiB ->     2.81 MiB
[ 266/ 666] blk.15.attn_q.weight                 - [  2560,   2048,      1,      1], type =   bf16, converting to q4_0 .. size =    10.00 MiB ->     2.81 MiB
[ 267/ 666] blk.15.attn_q_norm.weight            - [   256,      1,      1,      1], type =    f32, size =    0.001 MiB
[ 268/ 666] blk.15.attn_v.weight                 - [  2560,    512,      1,      1], type =   bf16, converting to q4_0 .. size =     2.50 MiB ->     0.70 MiB
[ 269/ 666] blk.15.ffn_down.weight               - [ 10240,   2560,      1,      1], type =   bf16, converting to q4_0 .. size =    50.00 MiB ->    14.06 MiB
[ 270/ 666] blk.15.ffn_gate.weight               - [  2560,  10240,      1,      1], type =   bf16, converting to q4_0 .. size =    50.00 MiB ->    14.06 MiB
[ 271/ 666] blk.15.ffn_norm.weight               - [  2560,      1,      1,      1], type =    f32, size =    0.010 MiB
[ 272/ 666] blk.15.ffn_up.weight                 - [  2560,  10240,      1,      1], type =   bf16, converting to q4_0 .. size =    50.00 MiB ->    14.06 MiB
[ 273/ 666] blk.15.inp_gate.weight               - [  2560,    256,      1,      1], type =   bf16, converting to q4_0 .. size =     1.25 MiB ->     0.35 MiB
[ 274/ 666] blk.15.layer_output_scale.weight     - [     1,      1,      1,      1], type =    f32, size =    0.000 MiB
[ 275/ 666] blk.15.post_attention_norm.weight    - [  2560,      1,      1,      1], type =    f32, size =    0.010 MiB
[ 276/ 666] blk.15.post_ffw_norm.weight          - [  2560,      1,      1,      1], type =    f32, size =    0.010 MiB
[ 277/ 666] blk.15.post_norm.weight              - [  2560,      1,      1,      1], type =    f32, size =    0.010 MiB
[ 278/ 666] blk.15.proj.weight                   - [   256,   2560,      1,      1], type =   bf16, converting to q4_0 .. size =     1.25 MiB ->     0.35 MiB
[ 279/ 666] blk.16.attn_k.weight                 - [  2560,    512,      1,      1], type =   bf16, converting to q4_0 .. size =     2.50 MiB ->     0.70 MiB
[ 280/ 666] blk.16.attn_k_norm.weight            - [   256,      1,      1,      1], type =    f32, size =    0.001 MiB
[ 281/ 666] blk.16.attn_norm.weight              - [  2560,      1,      1,      1], type =    f32, size =    0.010 MiB
[ 282/ 666] blk.16.attn_output.weight            - [  2048,   2560,      1,      1], type =   bf16, converting to q4_0 .. size =    10.00 MiB ->     2.81 MiB
[ 283/ 666] blk.16.attn_q.weight                 - [  2560,   2048,      1,      1], type =   bf16, converting to q4_0 .. size =    10.00 MiB ->     2.81 MiB
[ 284/ 666] blk.16.attn_q_norm.weight            - [   256,      1,      1,      1], type =    f32, size =    0.001 MiB
[ 285/ 666] blk.16.attn_v.weight                 - [  2560,    512,      1,      1], type =   bf16, converting to q4_0 .. size =     2.50 MiB ->     0.70 MiB
[ 286/ 666] blk.16.ffn_down.weight               - [ 10240,   2560,      1,      1], type =   bf16, converting to q4_0 .. size =    50.00 MiB ->    14.06 MiB
[ 287/ 666] blk.16.ffn_gate.weight               - [  2560,  10240,      1,      1], type =   bf16, converting to q4_0 .. size =    50.00 MiB ->    14.06 MiB
[ 288/ 666] blk.16.ffn_norm.weight               - [  2560,      1,      1,      1], type =    f32, size =    0.010 MiB
[ 289/ 666] blk.16.ffn_up.weight                 - [  2560,  10240,      1,      1], type =   bf16, converting to q4_0 .. size =    50.00 MiB ->    14.06 MiB
[ 290/ 666] blk.16.inp_gate.weight               - [  2560,    256,      1,      1], type =   bf16, converting to q4_0 .. size =     1.25 MiB ->     0.35 MiB
[ 291/ 666] blk.16.layer_output_scale.weight     - [     1,      1,      1,      1], type =    f32, size =    0.000 MiB
[ 292/ 666] blk.16.post_attention_norm.weight    - [  2560,      1,      1,      1], type =    f32, size =    0.010 MiB
[ 293/ 666] blk.16.post_ffw_norm.weight          - [  2560,      1,      1,      1], type =    f32, size =    0.010 MiB
[ 294/ 666] blk.16.post_norm.weight              - [  2560,      1,      1,      1], type =    f32, size =    0.010 MiB
[ 295/ 666] blk.16.proj.weight                   - [   256,   2560,      1,      1], type =   bf16, converting to q4_0 .. size =     1.25 MiB ->     0.35 MiB
[ 296/ 666] blk.17.attn_k.weight                 - [  2560,   1024,      1,      1], type =   bf16, converting to q4_0 .. size =     5.00 MiB ->     1.41 MiB
[ 297/ 666] blk.17.attn_k_norm.weight            - [   512,      1,      1,      1], type =    f32, size =    0.002 MiB
[ 298/ 666] blk.17.attn_norm.weight              - [  2560,      1,      1,      1], type =    f32, size =    0.010 MiB
[ 299/ 666] blk.17.attn_output.weight            - [  4096,   2560,      1,      1], type =   bf16, converting to q4_0 .. size =    20.00 MiB ->     5.62 MiB
[ 300/ 666] blk.17.attn_q.weight                 - [  2560,   4096,      1,      1], type =   bf16, converting to q4_0 .. size =    20.00 MiB ->     5.62 MiB
[ 301/ 666] blk.17.attn_q_norm.weight            - [   512,      1,      1,      1], type =    f32, size =    0.002 MiB
[ 302/ 666] blk.17.attn_v.weight                 - [  2560,   1024,      1,      1], type =   bf16, converting to q4_0 .. size =     5.00 MiB ->     1.41 MiB
[ 303/ 666] blk.17.ffn_down.weight               - [ 10240,   2560,      1,      1], type =   bf16, converting to q4_0 .. size =    50.00 MiB ->    14.06 MiB
[ 304/ 666] blk.17.ffn_gate.weight               - [  2560,  10240,      1,      1], type =   bf16, converting to q4_0 .. size =    50.00 MiB ->    14.06 MiB
[ 305/ 666] blk.17.ffn_norm.weight               - [  2560,      1,      1,      1], type =    f32, size =    0.010 MiB
[ 306/ 666] blk.17.ffn_up.weight                 - [  2560,  10240,      1,      1], type =   bf16, converting to q4_0 .. size =    50.00 MiB ->    14.06 MiB
[ 307/ 666] blk.17.inp_gate.weight               - [  2560,    256,      1,      1], type =   bf16, converting to q4_0 .. size =     1.25 MiB ->     0.35 MiB
[ 308/ 666] blk.17.layer_output_scale.weight     - [     1,      1,      1,      1], type =    f32, size =    0.000 MiB
[ 309/ 666] blk.17.post_attention_norm.weight    - [  2560,      1,      1,      1], type =    f32, size =    0.010 MiB
[ 310/ 666] blk.17.post_ffw_norm.weight          - [  2560,      1,      1,      1], type =    f32, size =    0.010 MiB
[ 311/ 666] blk.17.post_norm.weight              - [  2560,      1,      1,      1], type =    f32, size =    0.010 MiB
[ 312/ 666] blk.17.proj.weight                   - [   256,   2560,      1,      1], type =   bf16, converting to q4_0 .. size =     1.25 MiB ->     0.35 MiB
[ 313/ 666] blk.18.attn_k.weight                 - [  2560,    512,      1,      1], type =   bf16, converting to q4_0 .. size =     2.50 MiB ->     0.70 MiB
[ 314/ 666] blk.18.attn_k_norm.weight            - [   256,      1,      1,      1], type =    f32, size =    0.001 MiB
[ 315/ 666] blk.18.attn_norm.weight              - [  2560,      1,      1,      1], type =    f32, size =    0.010 MiB
[ 316/ 666] blk.18.attn_output.weight            - [  2048,   2560,      1,      1], type =   bf16, converting to q4_0 .. size =    10.00 MiB ->     2.81 MiB
[ 317/ 666] blk.18.attn_q.weight                 - [  2560,   2048,      1,      1], type =   bf16, converting to q4_0 .. size =    10.00 MiB ->     2.81 MiB
[ 318/ 666] blk.18.attn_q_norm.weight            - [   256,      1,      1,      1], type =    f32, size =    0.001 MiB
[ 319/ 666] blk.18.attn_v.weight                 - [  2560,    512,      1,      1], type =   bf16, converting to q4_0 .. size =     2.50 MiB ->     0.70 MiB
[ 320/ 666] blk.18.ffn_down.weight               - [ 10240,   2560,      1,      1], type =   bf16, converting to q4_0 .. size =    50.00 MiB ->    14.06 MiB
[ 321/ 666] blk.18.ffn_gate.weight               - [  2560,  10240,      1,      1], type =   bf16, converting to q4_0 .. size =    50.00 MiB ->    14.06 MiB
[ 322/ 666] blk.18.ffn_norm.weight               - [  2560,      1,      1,      1], type =    f32, size =    0.010 MiB
[ 323/ 666] blk.18.ffn_up.weight                 - [  2560,  10240,      1,      1], type =   bf16, converting to q4_0 .. size =    50.00 MiB ->    14.06 MiB
[ 324/ 666] blk.18.inp_gate.weight               - [  2560,    256,      1,      1], type =   bf16, converting to q4_0 .. size =     1.25 MiB ->     0.35 MiB
[ 325/ 666] blk.18.layer_output_scale.weight     - [     1,      1,      1,      1], type =    f32, size =    0.000 MiB
[ 326/ 666] blk.18.post_attention_norm.weight    - [  2560,      1,      1,      1], type =    f32, size =    0.010 MiB
[ 327/ 666] blk.18.post_ffw_norm.weight          - [  2560,      1,      1,      1], type =    f32, size =    0.010 MiB
[ 328/ 666] blk.18.post_norm.weight              - [  2560,      1,      1,      1], type =    f32, size =    0.010 MiB
[ 329/ 666] blk.18.proj.weight                   - [   256,   2560,      1,      1], type =   bf16, converting to q4_0 .. size =     1.25 MiB ->     0.35 MiB
[ 330/ 666] blk.19.attn_k.weight                 - [  2560,    512,      1,      1], type =   bf16, converting to q4_0 .. size =     2.50 MiB ->     0.70 MiB
[ 331/ 666] blk.19.attn_k_norm.weight            - [   256,      1,      1,      1], type =    f32, size =    0.001 MiB
[ 332/ 666] blk.19.attn_norm.weight              - [  2560,      1,      1,      1], type =    f32, size =    0.010 MiB
[ 333/ 666] blk.19.attn_output.weight            - [  2048,   2560,      1,      1], type =   bf16, converting to q4_0 .. size =    10.00 MiB ->     2.81 MiB
[ 334/ 666] blk.19.attn_q.weight                 - [  2560,   2048,      1,      1], type =   bf16, converting to q4_0 .. size =    10.00 MiB ->     2.81 MiB
[ 335/ 666] blk.19.attn_q_norm.weight            - [   256,      1,      1,      1], type =    f32, size =    0.001 MiB
[ 336/ 666] blk.19.attn_v.weight                 - [  2560,    512,      1,      1], type =   bf16, converting to q4_0 .. size =     2.50 MiB ->     0.70 MiB
[ 337/ 666] blk.19.ffn_down.weight               - [ 10240,   2560,      1,      1], type =   bf16, converting to q4_0 .. size =    50.00 MiB ->    14.06 MiB
[ 338/ 666] blk.19.ffn_gate.weight               - [  2560,  10240,      1,      1], type =   bf16, converting to q4_0 .. size =    50.00 MiB ->    14.06 MiB
[ 339/ 666] blk.19.ffn_norm.weight               - [  2560,      1,      1,      1], type =    f32, size =    0.010 MiB
[ 340/ 666] blk.19.ffn_up.weight                 - [  2560,  10240,      1,      1], type =   bf16, converting to q4_0 .. size =    50.00 MiB ->    14.06 MiB
[ 341/ 666] blk.19.inp_gate.weight               - [  2560,    256,      1,      1], type =   bf16, converting to q4_0 .. size =     1.25 MiB ->     0.35 MiB
[ 342/ 666] blk.19.layer_output_scale.weight     - [     1,      1,      1,      1], type =    f32, size =    0.000 MiB
[ 343/ 666] blk.19.post_attention_norm.weight    - [  2560,      1,      1,      1], type =    f32, size =    0.010 MiB
[ 344/ 666] blk.19.post_ffw_norm.weight          - [  2560,      1,      1,      1], type =    f32, size =    0.010 MiB
[ 345/ 666] blk.19.post_norm.weight              - [  2560,      1,      1,      1], type =    f32, size =    0.010 MiB
[ 346/ 666] blk.19.proj.weight                   - [   256,   2560,      1,      1], type =   bf16, converting to q4_0 .. size =     1.25 MiB ->     0.35 MiB
[ 347/ 666] blk.20.attn_k.weight                 - [  2560,    512,      1,      1], type =   bf16, converting to q4_0 .. size =     2.50 MiB ->     0.70 MiB
[ 348/ 666] blk.20.attn_k_norm.weight            - [   256,      1,      1,      1], type =    f32, size =    0.001 MiB
[ 349/ 666] blk.20.attn_norm.weight              - [  2560,      1,      1,      1], type =    f32, size =    0.010 MiB
[ 350/ 666] blk.20.attn_output.weight            - [  2048,   2560,      1,      1], type =   bf16, converting to q4_0 .. size =    10.00 MiB ->     2.81 MiB
[ 351/ 666] blk.20.attn_q.weight                 - [  2560,   2048,      1,      1], type =   bf16, converting to q4_0 .. size =    10.00 MiB ->     2.81 MiB
[ 352/ 666] blk.20.attn_q_norm.weight            - [   256,      1,      1,      1], type =    f32, size =    0.001 MiB
[ 353/ 666] blk.20.attn_v.weight                 - [  2560,    512,      1,      1], type =   bf16, converting to q4_0 .. size =     2.50 MiB ->     0.70 MiB
[ 354/ 666] blk.20.ffn_down.weight               - [ 10240,   2560,      1,      1], type =   bf16, converting to q4_0 .. size =    50.00 MiB ->    14.06 MiB
[ 355/ 666] blk.20.ffn_gate.weight               - [  2560,  10240,      1,      1], type =   bf16, converting to q4_0 .. size =    50.00 MiB ->    14.06 MiB
[ 356/ 666] blk.20.ffn_norm.weight               - [  2560,      1,      1,      1], type =    f32, size =    0.010 MiB
[ 357/ 666] blk.20.ffn_up.weight                 - [  2560,  10240,      1,      1], type =   bf16, converting to q4_0 .. size =    50.00 MiB ->    14.06 MiB
[ 358/ 666] blk.20.inp_gate.weight               - [  2560,    256,      1,      1], type =   bf16, converting to q4_0 .. size =     1.25 MiB ->     0.35 MiB
[ 359/ 666] blk.20.layer_output_scale.weight     - [     1,      1,      1,      1], type =    f32, size =    0.000 MiB
[ 360/ 666] blk.20.post_attention_norm.weight    - [  2560,      1,      1,      1], type =    f32, size =    0.010 MiB
[ 361/ 666] blk.20.post_ffw_norm.weight          - [  2560,      1,      1,      1], type =    f32, size =    0.010 MiB
[ 362/ 666] blk.20.post_norm.weight              - [  2560,      1,      1,      1], type =    f32, size =    0.010 MiB
[ 363/ 666] blk.20.proj.weight                   - [   256,   2560,      1,      1], type =   bf16, converting to q4_0 .. size =     1.25 MiB ->     0.35 MiB
[ 364/ 666] blk.21.attn_k.weight                 - [  2560,    512,      1,      1], type =   bf16, converting to q4_0 .. size =     2.50 MiB ->     0.70 MiB
[ 365/ 666] blk.21.attn_k_norm.weight            - [   256,      1,      1,      1], type =    f32, size =    0.001 MiB
[ 366/ 666] blk.21.attn_norm.weight              - [  2560,      1,      1,      1], type =    f32, size =    0.010 MiB
[ 367/ 666] blk.21.attn_output.weight            - [  2048,   2560,      1,      1], type =   bf16, converting to q4_0 .. size =    10.00 MiB ->     2.81 MiB
[ 368/ 666] blk.21.attn_q.weight                 - [  2560,   2048,      1,      1], type =   bf16, converting to q4_0 .. size =    10.00 MiB ->     2.81 MiB
[ 369/ 666] blk.21.attn_q_norm.weight            - [   256,      1,      1,      1], type =    f32, size =    0.001 MiB
[ 370/ 666] blk.21.attn_v.weight                 - [  2560,    512,      1,      1], type =   bf16, converting to q4_0 .. size =     2.50 MiB ->     0.70 MiB
[ 371/ 666] blk.21.ffn_down.weight               - [ 10240,   2560,      1,      1], type =   bf16, converting to q4_0 .. size =    50.00 MiB ->    14.06 MiB
[ 372/ 666] blk.21.ffn_gate.weight               - [  2560,  10240,      1,      1], type =   bf16, converting to q4_0 .. size =    50.00 MiB ->    14.06 MiB
[ 373/ 666] blk.21.ffn_norm.weight               - [  2560,      1,      1,      1], type =    f32, size =    0.010 MiB
[ 374/ 666] blk.21.ffn_up.weight                 - [  2560,  10240,      1,      1], type =   bf16, converting to q4_0 .. size =    50.00 MiB ->    14.06 MiB
[ 375/ 666] blk.21.inp_gate.weight               - [  2560,    256,      1,      1], type =   bf16, converting to q4_0 .. size =     1.25 MiB ->     0.35 MiB
[ 376/ 666] blk.21.layer_output_scale.weight     - [     1,      1,      1,      1], type =    f32, size =    0.000 MiB
[ 377/ 666] blk.21.post_attention_norm.weight    - [  2560,      1,      1,      1], type =    f32, size =    0.010 MiB
[ 378/ 666] blk.21.post_ffw_norm.weight          - [  2560,      1,      1,      1], type =    f32, size =    0.010 MiB
[ 379/ 666] blk.21.post_norm.weight              - [  2560,      1,      1,      1], type =    f32, size =    0.010 MiB
[ 380/ 666] blk.21.proj.weight                   - [   256,   2560,      1,      1], type =   bf16, converting to q4_0 .. size =     1.25 MiB ->     0.35 MiB
[ 381/ 666] blk.22.attn_k.weight                 - [  2560,    512,      1,      1], type =   bf16, converting to q4_0 .. size =     2.50 MiB ->     0.70 MiB
[ 382/ 666] blk.22.attn_k_norm.weight            - [   256,      1,      1,      1], type =    f32, size =    0.001 MiB
[ 383/ 666] blk.22.attn_norm.weight              - [  2560,      1,      1,      1], type =    f32, size =    0.010 MiB
[ 384/ 666] blk.22.attn_output.weight            - [  2048,   2560,      1,      1], type =   bf16, converting to q4_0 .. size =    10.00 MiB ->     2.81 MiB
[ 385/ 666] blk.22.attn_q.weight                 - [  2560,   2048,      1,      1], type =   bf16, converting to q4_0 .. size =    10.00 MiB ->     2.81 MiB
[ 386/ 666] blk.22.attn_q_norm.weight            - [   256,      1,      1,      1], type =    f32, size =    0.001 MiB
[ 387/ 666] blk.22.attn_v.weight                 - [  2560,    512,      1,      1], type =   bf16, converting to q4_0 .. size =     2.50 MiB ->     0.70 MiB
[ 388/ 666] blk.22.ffn_down.weight               - [ 10240,   2560,      1,      1], type =   bf16, converting to q4_0 .. size =    50.00 MiB ->    14.06 MiB
[ 389/ 666] blk.22.ffn_gate.weight               - [  2560,  10240,      1,      1], type =   bf16, converting to q4_0 .. size =    50.00 MiB ->    14.06 MiB
[ 390/ 666] blk.22.ffn_norm.weight               - [  2560,      1,      1,      1], type =    f32, size =    0.010 MiB
[ 391/ 666] blk.22.ffn_up.weight                 - [  2560,  10240,      1,      1], type =   bf16, converting to q4_0 .. size =    50.00 MiB ->    14.06 MiB
[ 392/ 666] blk.22.inp_gate.weight               - [  2560,    256,      1,      1], type =   bf16, converting to q4_0 .. size =     1.25 MiB ->     0.35 MiB
[ 393/ 666] blk.22.layer_output_scale.weight     - [     1,      1,      1,      1], type =    f32, size =    0.000 MiB
[ 394/ 666] blk.22.post_attention_norm.weight    - [  2560,      1,      1,      1], type =    f32, size =    0.010 MiB
[ 395/ 666] blk.22.post_ffw_norm.weight          - [  2560,      1,      1,      1], type =    f32, size =    0.010 MiB
[ 396/ 666] blk.22.post_norm.weight              - [  2560,      1,      1,      1], type =    f32, size =    0.010 MiB
[ 397/ 666] blk.22.proj.weight                   - [   256,   2560,      1,      1], type =   bf16, converting to q4_0 .. size =     1.25 MiB ->     0.35 MiB
[ 398/ 666] blk.23.attn_k.weight                 - [  2560,   1024,      1,      1], type =   bf16, converting to q4_0 .. size =     5.00 MiB ->     1.41 MiB
[ 399/ 666] blk.23.attn_k_norm.weight            - [   512,      1,      1,      1], type =    f32, size =    0.002 MiB
[ 400/ 666] blk.23.attn_norm.weight              - [  2560,      1,      1,      1], type =    f32, size =    0.010 MiB
[ 401/ 666] blk.23.attn_output.weight            - [  4096,   2560,      1,      1], type =   bf16, converting to q4_0 .. size =    20.00 MiB ->     5.62 MiB
[ 402/ 666] blk.23.attn_q.weight                 - [  2560,   4096,      1,      1], type =   bf16, converting to q4_0 .. size =    20.00 MiB ->     5.62 MiB
[ 403/ 666] blk.23.attn_q_norm.weight            - [   512,      1,      1,      1], type =    f32, size =    0.002 MiB
[ 404/ 666] blk.23.attn_v.weight                 - [  2560,   1024,      1,      1], type =   bf16, converting to q4_0 .. size =     5.00 MiB ->     1.41 MiB
[ 405/ 666] blk.23.ffn_down.weight               - [ 10240,   2560,      1,      1], type =   bf16, converting to q4_0 .. size =    50.00 MiB ->    14.06 MiB
[ 406/ 666] blk.23.ffn_gate.weight               - [  2560,  10240,      1,      1], type =   bf16, converting to q4_0 .. size =    50.00 MiB ->    14.06 MiB
[ 407/ 666] blk.23.ffn_norm.weight               - [  2560,      1,      1,      1], type =    f32, size =    0.010 MiB
[ 408/ 666] blk.23.ffn_up.weight                 - [  2560,  10240,      1,      1], type =   bf16, converting to q4_0 .. size =    50.00 MiB ->    14.06 MiB
[ 409/ 666] blk.23.inp_gate.weight               - [  2560,    256,      1,      1], type =   bf16, converting to q4_0 .. size =     1.25 MiB ->     0.35 MiB
[ 410/ 666] blk.23.layer_output_scale.weight     - [     1,      1,      1,      1], type =    f32, size =    0.000 MiB
[ 411/ 666] blk.23.post_attention_norm.weight    - [  2560,      1,      1,      1], type =    f32, size =    0.010 MiB
[ 412/ 666] blk.23.post_ffw_norm.weight          - [  2560,      1,      1,      1], type =    f32, size =    0.010 MiB
[ 413/ 666] blk.23.post_norm.weight              - [  2560,      1,      1,      1], type =    f32, size =    0.010 MiB
[ 414/ 666] blk.23.proj.weight                   - [   256,   2560,      1,      1], type =   bf16, converting to q4_0 .. size =     1.25 MiB ->     0.35 MiB
[ 415/ 666] blk.24.attn_norm.weight              - [  2560,      1,      1,      1], type =    f32, size =    0.010 MiB
[ 416/ 666] blk.24.attn_output.weight            - [  2048,   2560,      1,      1], type =   bf16, converting to q4_0 .. size =    10.00 MiB ->     2.81 MiB
[ 417/ 666] blk.24.attn_q.weight                 - [  2560,   2048,      1,      1], type =   bf16, converting to q4_0 .. size =    10.00 MiB ->     2.81 MiB
[ 418/ 666] blk.24.attn_q_norm.weight            - [   256,      1,      1,      1], type =    f32, size =    0.001 MiB
[ 419/ 666] blk.24.ffn_down.weight               - [ 10240,   2560,      1,      1], type =   bf16, converting to q4_0 .. size =    50.00 MiB ->    14.06 MiB
[ 420/ 666] blk.24.ffn_gate.weight               - [  2560,  10240,      1,      1], type =   bf16, converting to q4_0 .. size =    50.00 MiB ->    14.06 MiB
[ 421/ 666] blk.24.ffn_norm.weight               - [  2560,      1,      1,      1], type =    f32, size =    0.010 MiB
[ 422/ 666] blk.24.ffn_up.weight                 - [  2560,  10240,      1,      1], type =   bf16, converting to q4_0 .. size =    50.00 MiB ->    14.06 MiB
[ 423/ 666] blk.24.inp_gate.weight               - [  2560,    256,      1,      1], type =   bf16, converting to q4_0 .. size =     1.25 MiB ->     0.35 MiB
[ 424/ 666] blk.24.layer_output_scale.weight     - [     1,      1,      1,      1], type =    f32, size =    0.000 MiB
[ 425/ 666] blk.24.post_attention_norm.weight    - [  2560,      1,      1,      1], type =    f32, size =    0.010 MiB
[ 426/ 666] blk.24.post_ffw_norm.weight          - [  2560,      1,      1,      1], type =    f32, size =    0.010 MiB
[ 427/ 666] blk.24.post_norm.weight              - [  2560,      1,      1,      1], type =    f32, size =    0.010 MiB
[ 428/ 666] blk.24.proj.weight                   - [   256,   2560,      1,      1], type =   bf16, converting to q4_0 .. size =     1.25 MiB ->     0.35 MiB
[ 429/ 666] blk.25.attn_norm.weight              - [  2560,      1,      1,      1], type =    f32, size =    0.010 MiB
[ 430/ 666] blk.25.attn_output.weight            - [  2048,   2560,      1,      1], type =   bf16, converting to q4_0 .. size =    10.00 MiB ->     2.81 MiB
[ 431/ 666] blk.25.attn_q.weight                 - [  2560,   2048,      1,      1], type =   bf16, converting to q4_0 .. size =    10.00 MiB ->     2.81 MiB
[ 432/ 666] blk.25.attn_q_norm.weight            - [   256,      1,      1,      1], type =    f32, size =    0.001 MiB
[ 433/ 666] blk.25.ffn_down.weight               - [ 10240,   2560,      1,      1], type =   bf16, converting to q4_0 .. size =    50.00 MiB ->    14.06 MiB
[ 434/ 666] blk.25.ffn_gate.weight               - [  2560,  10240,      1,      1], type =   bf16, converting to q4_0 .. size =    50.00 MiB ->    14.06 MiB
[ 435/ 666] blk.25.ffn_norm.weight               - [  2560,      1,      1,      1], type =    f32, size =    0.010 MiB
[ 436/ 666] blk.25.ffn_up.weight                 - [  2560,  10240,      1,      1], type =   bf16, converting to q4_0 .. size =    50.00 MiB ->    14.06 MiB
[ 437/ 666] blk.25.inp_gate.weight               - [  2560,    256,      1,      1], type =   bf16, converting to q4_0 .. size =     1.25 MiB ->     0.35 MiB
[ 438/ 666] blk.25.layer_output_scale.weight     - [     1,      1,      1,      1], type =    f32, size =    0.000 MiB
[ 439/ 666] blk.25.post_attention_norm.weight    - [  2560,      1,      1,      1], type =    f32, size =    0.010 MiB
[ 440/ 666] blk.25.post_ffw_norm.weight          - [  2560,      1,      1,      1], type =    f32, size =    0.010 MiB
[ 441/ 666] blk.25.post_norm.weight              - [  2560,      1,      1,      1], type =    f32, size =    0.010 MiB
[ 442/ 666] blk.25.proj.weight                   - [   256,   2560,      1,      1], type =   bf16, converting to q4_0 .. size =     1.25 MiB ->     0.35 MiB
[ 443/ 666] blk.26.attn_norm.weight              - [  2560,      1,      1,      1], type =    f32, size =    0.010 MiB
[ 444/ 666] blk.26.attn_output.weight            - [  2048,   2560,      1,      1], type =   bf16, converting to q4_0 .. size =    10.00 MiB ->     2.81 MiB
[ 445/ 666] blk.26.attn_q.weight                 - [  2560,   2048,      1,      1], type =   bf16, converting to q4_0 .. size =    10.00 MiB ->     2.81 MiB
[ 446/ 666] blk.26.attn_q_norm.weight            - [   256,      1,      1,      1], type =    f32, size =    0.001 MiB
[ 447/ 666] blk.26.ffn_down.weight               - [ 10240,   2560,      1,      1], type =   bf16, converting to q4_0 .. size =    50.00 MiB ->    14.06 MiB
[ 448/ 666] blk.26.ffn_gate.weight               - [  2560,  10240,      1,      1], type =   bf16, converting to q4_0 .. size =    50.00 MiB ->    14.06 MiB
[ 449/ 666] blk.26.ffn_norm.weight               - [  2560,      1,      1,      1], type =    f32, size =    0.010 MiB
[ 450/ 666] blk.26.ffn_up.weight                 - [  2560,  10240,      1,      1], type =   bf16, converting to q4_0 .. size =    50.00 MiB ->    14.06 MiB
[ 451/ 666] blk.26.inp_gate.weight               - [  2560,    256,      1,      1], type =   bf16, converting to q4_0 .. size =     1.25 MiB ->     0.35 MiB
[ 452/ 666] blk.26.layer_output_scale.weight     - [     1,      1,      1,      1], type =    f32, size =    0.000 MiB
[ 453/ 666] blk.26.post_attention_norm.weight    - [  2560,      1,      1,      1], type =    f32, size =    0.010 MiB
[ 454/ 666] blk.26.post_ffw_norm.weight          - [  2560,      1,      1,      1], type =    f32, size =    0.010 MiB
[ 455/ 666] blk.26.post_norm.weight              - [  2560,      1,      1,      1], type =    f32, size =    0.010 MiB
[ 456/ 666] blk.26.proj.weight                   - [   256,   2560,      1,      1], type =   bf16, converting to q4_0 .. size =     1.25 MiB ->     0.35 MiB
[ 457/ 666] blk.27.attn_norm.weight              - [  2560,      1,      1,      1], type =    f32, size =    0.010 MiB
[ 458/ 666] blk.27.attn_output.weight            - [  2048,   2560,      1,      1], type =   bf16, converting to q4_0 .. size =    10.00 MiB ->     2.81 MiB
[ 459/ 666] blk.27.attn_q.weight                 - [  2560,   2048,      1,      1], type =   bf16, converting to q4_0 .. size =    10.00 MiB ->     2.81 MiB
[ 460/ 666] blk.27.attn_q_norm.weight            - [   256,      1,      1,      1], type =    f32, size =    0.001 MiB
[ 461/ 666] blk.27.ffn_down.weight               - [ 10240,   2560,      1,      1], type =   bf16, converting to q4_0 .. size =    50.00 MiB ->    14.06 MiB
[ 462/ 666] blk.27.ffn_gate.weight               - [  2560,  10240,      1,      1], type =   bf16, converting to q4_0 .. size =    50.00 MiB ->    14.06 MiB
[ 463/ 666] blk.27.ffn_norm.weight               - [  2560,      1,      1,      1], type =    f32, size =    0.010 MiB
[ 464/ 666] blk.27.ffn_up.weight                 - [  2560,  10240,      1,      1], type =   bf16, converting to q4_0 .. size =    50.00 MiB ->    14.06 MiB
[ 465/ 666] blk.27.inp_gate.weight               - [  2560,    256,      1,      1], type =   bf16, converting to q4_0 .. size =     1.25 MiB ->     0.35 MiB
[ 466/ 666] blk.27.layer_output_scale.weight     - [     1,      1,      1,      1], type =    f32, size =    0.000 MiB
[ 467/ 666] blk.27.post_attention_norm.weight    - [  2560,      1,      1,      1], type =    f32, size =    0.010 MiB
[ 468/ 666] blk.27.post_ffw_norm.weight          - [  2560,      1,      1,      1], type =    f32, size =    0.010 MiB
[ 469/ 666] blk.27.post_norm.weight              - [  2560,      1,      1,      1], type =    f32, size =    0.010 MiB
[ 470/ 666] blk.27.proj.weight                   - [   256,   2560,      1,      1], type =   bf16, converting to q4_0 .. size =     1.25 MiB ->     0.35 MiB
[ 471/ 666] blk.28.attn_norm.weight              - [  2560,      1,      1,      1], type =    f32, size =    0.010 MiB
[ 472/ 666] blk.28.attn_output.weight            - [  2048,   2560,      1,      1], type =   bf16, converting to q4_0 .. size =    10.00 MiB ->     2.81 MiB
[ 473/ 666] blk.28.attn_q.weight                 - [  2560,   2048,      1,      1], type =   bf16, converting to q4_0 .. size =    10.00 MiB ->     2.81 MiB
[ 474/ 666] blk.28.attn_q_norm.weight            - [   256,      1,      1,      1], type =    f32, size =    0.001 MiB
[ 475/ 666] blk.28.ffn_down.weight               - [ 10240,   2560,      1,      1], type =   bf16, converting to q4_0 .. size =    50.00 MiB ->    14.06 MiB
[ 476/ 666] blk.28.ffn_gate.weight               - [  2560,  10240,      1,      1], type =   bf16, converting to q4_0 .. size =    50.00 MiB ->    14.06 MiB
[ 477/ 666] blk.28.ffn_norm.weight               - [  2560,      1,      1,      1], type =    f32, size =    0.010 MiB
[ 478/ 666] blk.28.ffn_up.weight                 - [  2560,  10240,      1,      1], type =   bf16, converting to q4_0 .. size =    50.00 MiB ->    14.06 MiB
[ 479/ 666] blk.28.inp_gate.weight               - [  2560,    256,      1,      1], type =   bf16, converting to q4_0 .. size =     1.25 MiB ->     0.35 MiB
[ 480/ 666] blk.28.layer_output_scale.weight     - [     1,      1,      1,      1], type =    f32, size =    0.000 MiB
[ 481/ 666] blk.28.post_attention_norm.weight    - [  2560,      1,      1,      1], type =    f32, size =    0.010 MiB
[ 482/ 666] blk.28.post_ffw_norm.weight          - [  2560,      1,      1,      1], type =    f32, size =    0.010 MiB
[ 483/ 666] blk.28.post_norm.weight              - [  2560,      1,      1,      1], type =    f32, size =    0.010 MiB
[ 484/ 666] blk.28.proj.weight                   - [   256,   2560,      1,      1], type =   bf16, converting to q4_0 .. size =     1.25 MiB ->     0.35 MiB
[ 485/ 666] blk.29.attn_norm.weight              - [  2560,      1,      1,      1], type =    f32, size =    0.010 MiB
[ 486/ 666] blk.29.attn_output.weight            - [  4096,   2560,      1,      1], type =   bf16, converting to q4_0 .. size =    20.00 MiB ->     5.62 MiB
[ 487/ 666] blk.29.attn_q.weight                 - [  2560,   4096,      1,      1], type =   bf16, converting to q4_0 .. size =    20.00 MiB ->     5.62 MiB
[ 488/ 666] blk.29.attn_q_norm.weight            - [   512,      1,      1,      1], type =    f32, size =    0.002 MiB
[ 489/ 666] blk.29.ffn_down.weight               - [ 10240,   2560,      1,      1], type =   bf16, converting to q4_0 .. size =    50.00 MiB ->    14.06 MiB
[ 490/ 666] blk.29.ffn_gate.weight               - [  2560,  10240,      1,      1], type =   bf16, converting to q4_0 .. size =    50.00 MiB ->    14.06 MiB
[ 491/ 666] blk.29.ffn_norm.weight               - [  2560,      1,      1,      1], type =    f32, size =    0.010 MiB
[ 492/ 666] blk.29.ffn_up.weight                 - [  2560,  10240,      1,      1], type =   bf16, converting to q4_0 .. size =    50.00 MiB ->    14.06 MiB
[ 493/ 666] blk.29.inp_gate.weight               - [  2560,    256,      1,      1], type =   bf16, converting to q4_0 .. size =     1.25 MiB ->     0.35 MiB
[ 494/ 666] blk.29.layer_output_scale.weight     - [     1,      1,      1,      1], type =    f32, size =    0.000 MiB
[ 495/ 666] blk.29.post_attention_norm.weight    - [  2560,      1,      1,      1], type =    f32, size =    0.010 MiB
[ 496/ 666] blk.29.post_ffw_norm.weight          - [  2560,      1,      1,      1], type =    f32, size =    0.010 MiB
[ 497/ 666] blk.29.post_norm.weight              - [  2560,      1,      1,      1], type =    f32, size =    0.010 MiB
[ 498/ 666] blk.29.proj.weight                   - [   256,   2560,      1,      1], type =   bf16, converting to q4_0 .. size =     1.25 MiB ->     0.35 MiB
[ 499/ 666] blk.30.attn_norm.weight              - [  2560,      1,      1,      1], type =    f32, size =    0.010 MiB
[ 500/ 666] blk.30.attn_output.weight            - [  2048,   2560,      1,      1], type =   bf16, converting to q4_0 .. size =    10.00 MiB ->     2.81 MiB
[ 501/ 666] blk.30.attn_q.weight                 - [  2560,   2048,      1,      1], type =   bf16, converting to q4_0 .. size =    10.00 MiB ->     2.81 MiB
[ 502/ 666] blk.30.attn_q_norm.weight            - [   256,      1,      1,      1], type =    f32, size =    0.001 MiB
[ 503/ 666] blk.30.ffn_down.weight               - [ 10240,   2560,      1,      1], type =   bf16, converting to q4_0 .. size =    50.00 MiB ->    14.06 MiB
[ 504/ 666] blk.30.ffn_gate.weight               - [  2560,  10240,      1,      1], type =   bf16, converting to q4_0 .. size =    50.00 MiB ->    14.06 MiB
[ 505/ 666] blk.30.ffn_norm.weight               - [  2560,      1,      1,      1], type =    f32, size =    0.010 MiB
[ 506/ 666] blk.30.ffn_up.weight                 - [  2560,  10240,      1,      1], type =   bf16, converting to q4_0 .. size =    50.00 MiB ->    14.06 MiB
[ 507/ 666] blk.30.inp_gate.weight               - [  2560,    256,      1,      1], type =   bf16, converting to q4_0 .. size =     1.25 MiB ->     0.35 MiB
[ 508/ 666] blk.30.layer_output_scale.weight     - [     1,      1,      1,      1], type =    f32, size =    0.000 MiB
[ 509/ 666] blk.30.post_attention_norm.weight    - [  2560,      1,      1,      1], type =    f32, size =    0.010 MiB
[ 510/ 666] blk.30.post_ffw_norm.weight          - [  2560,      1,      1,      1], type =    f32, size =    0.010 MiB
[ 511/ 666] blk.30.post_norm.weight              - [  2560,      1,      1,      1], type =    f32, size =    0.010 MiB
[ 512/ 666] blk.30.proj.weight                   - [   256,   2560,      1,      1], type =   bf16, converting to q4_0 .. size =     1.25 MiB ->     0.35 MiB
[ 513/ 666] blk.31.attn_norm.weight              - [  2560,      1,      1,      1], type =    f32, size =    0.010 MiB
[ 514/ 666] blk.31.attn_output.weight            - [  2048,   2560,      1,      1], type =   bf16, converting to q4_0 .. size =    10.00 MiB ->     2.81 MiB
[ 515/ 666] blk.31.attn_q.weight                 - [  2560,   2048,      1,      1], type =   bf16, converting to q4_0 .. size =    10.00 MiB ->     2.81 MiB
[ 516/ 666] blk.31.attn_q_norm.weight            - [   256,      1,      1,      1], type =    f32, size =    0.001 MiB
[ 517/ 666] blk.31.ffn_down.weight               - [ 10240,   2560,      1,      1], type =   bf16, converting to q4_0 .. size =    50.00 MiB ->    14.06 MiB
[ 518/ 666] blk.31.ffn_gate.weight               - [  2560,  10240,      1,      1], type =   bf16, converting to q4_0 .. size =    50.00 MiB ->    14.06 MiB
[ 519/ 666] blk.31.ffn_norm.weight               - [  2560,      1,      1,      1], type =    f32, size =    0.010 MiB
[ 520/ 666] blk.31.ffn_up.weight                 - [  2560,  10240,      1,      1], type =   bf16, converting to q4_0 .. size =    50.00 MiB ->    14.06 MiB
[ 521/ 666] blk.31.inp_gate.weight               - [  2560,    256,      1,      1], type =   bf16, converting to q4_0 .. size =     1.25 MiB ->     0.35 MiB
[ 522/ 666] blk.31.layer_output_scale.weight     - [     1,      1,      1,      1], type =    f32, size =    0.000 MiB
[ 523/ 666] blk.31.post_attention_norm.weight    - [  2560,      1,      1,      1], type =    f32, size =    0.010 MiB
[ 524/ 666] blk.31.post_ffw_norm.weight          - [  2560,      1,      1,      1], type =    f32, size =    0.010 MiB
[ 525/ 666] blk.31.post_norm.weight              - [  2560,      1,      1,      1], type =    f32, size =    0.010 MiB
[ 526/ 666] blk.31.proj.weight                   - [   256,   2560,      1,      1], type =   bf16, converting to q4_0 .. size =     1.25 MiB ->     0.35 MiB
[ 527/ 666] blk.32.attn_norm.weight              - [  2560,      1,      1,      1], type =    f32, size =    0.010 MiB
[ 528/ 666] blk.32.attn_output.weight            - [  2048,   2560,      1,      1], type =   bf16, converting to q4_0 .. size =    10.00 MiB ->     2.81 MiB
[ 529/ 666] blk.32.attn_q.weight                 - [  2560,   2048,      1,      1], type =   bf16, converting to q4_0 .. size =    10.00 MiB ->     2.81 MiB
[ 530/ 666] blk.32.attn_q_norm.weight            - [   256,      1,      1,      1], type =    f32, size =    0.001 MiB
[ 531/ 666] blk.32.ffn_down.weight               - [ 10240,   2560,      1,      1], type =   bf16, converting to q4_0 .. size =    50.00 MiB ->    14.06 MiB
[ 532/ 666] blk.32.ffn_gate.weight               - [  2560,  10240,      1,      1], type =   bf16, converting to q4_0 .. size =    50.00 MiB ->    14.06 MiB
[ 533/ 666] blk.32.ffn_norm.weight               - [  2560,      1,      1,      1], type =    f32, size =    0.010 MiB
[ 534/ 666] blk.32.ffn_up.weight                 - [  2560,  10240,      1,      1], type =   bf16, converting to q4_0 .. size =    50.00 MiB ->    14.06 MiB
[ 535/ 666] blk.32.inp_gate.weight               - [  2560,    256,      1,      1], type =   bf16, converting to q4_0 .. size =     1.25 MiB ->     0.35 MiB
[ 536/ 666] blk.32.layer_output_scale.weight     - [     1,      1,      1,      1], type =    f32, size =    0.000 MiB
[ 537/ 666] blk.32.post_attention_norm.weight    - [  2560,      1,      1,      1], type =    f32, size =    0.010 MiB
[ 538/ 666] blk.32.post_ffw_norm.weight          - [  2560,      1,      1,      1], type =    f32, size =    0.010 MiB
[ 539/ 666] blk.32.post_norm.weight              - [  2560,      1,      1,      1], type =    f32, size =    0.010 MiB
[ 540/ 666] blk.32.proj.weight                   - [   256,   2560,      1,      1], type =   bf16, converting to q4_0 .. size =     1.25 MiB ->     0.35 MiB
[ 541/ 666] blk.33.attn_norm.weight              - [  2560,      1,      1,      1], type =    f32, size =    0.010 MiB
[ 542/ 666] blk.33.attn_output.weight            - [  2048,   2560,      1,      1], type =   bf16, converting to q4_0 .. size =    10.00 MiB ->     2.81 MiB
[ 543/ 666] blk.33.attn_q.weight                 - [  2560,   2048,      1,      1], type =   bf16, converting to q4_0 .. size =    10.00 MiB ->     2.81 MiB
[ 544/ 666] blk.33.attn_q_norm.weight            - [   256,      1,      1,      1], type =    f32, size =    0.001 MiB
[ 545/ 666] blk.33.ffn_down.weight               - [ 10240,   2560,      1,      1], type =   bf16, converting to q4_0 .. size =    50.00 MiB ->    14.06 MiB
[ 546/ 666] blk.33.ffn_gate.weight               - [  2560,  10240,      1,      1], type =   bf16, converting to q4_0 .. size =    50.00 MiB ->    14.06 MiB
[ 547/ 666] blk.33.ffn_norm.weight               - [  2560,      1,      1,      1], type =    f32, size =    0.010 MiB
[ 548/ 666] blk.33.ffn_up.weight                 - [  2560,  10240,      1,      1], type =   bf16, converting to q4_0 .. size =    50.00 MiB ->    14.06 MiB
[ 549/ 666] blk.33.inp_gate.weight               - [  2560,    256,      1,      1], type =   bf16, converting to q4_0 .. size =     1.25 MiB ->     0.35 MiB
[ 550/ 666] blk.33.layer_output_scale.weight     - [     1,      1,      1,      1], type =    f32, size =    0.000 MiB
[ 551/ 666] blk.33.post_attention_norm.weight    - [  2560,      1,      1,      1], type =    f32, size =    0.010 MiB
[ 552/ 666] blk.33.post_ffw_norm.weight          - [  2560,      1,      1,      1], type =    f32, size =    0.010 MiB
[ 553/ 666] blk.33.post_norm.weight              - [  2560,      1,      1,      1], type =    f32, size =    0.010 MiB
[ 554/ 666] blk.33.proj.weight                   - [   256,   2560,      1,      1], type =   bf16, converting to q4_0 .. size =     1.25 MiB ->     0.35 MiB
[ 555/ 666] blk.34.attn_norm.weight              - [  2560,      1,      1,      1], type =    f32, size =    0.010 MiB
[ 556/ 666] blk.34.attn_output.weight            - [  2048,   2560,      1,      1], type =   bf16, converting to q4_0 .. size =    10.00 MiB ->     2.81 MiB
[ 557/ 666] blk.34.attn_q.weight                 - [  2560,   2048,      1,      1], type =   bf16, converting to q4_0 .. size =    10.00 MiB ->     2.81 MiB
[ 558/ 666] blk.34.attn_q_norm.weight            - [   256,      1,      1,      1], type =    f32, size =    0.001 MiB
[ 559/ 666] blk.34.ffn_down.weight               - [ 10240,   2560,      1,      1], type =   bf16, converting to q4_0 .. size =    50.00 MiB ->    14.06 MiB
[ 560/ 666] blk.34.ffn_gate.weight               - [  2560,  10240,      1,      1], type =   bf16, converting to q4_0 .. size =    50.00 MiB ->    14.06 MiB
[ 561/ 666] blk.34.ffn_norm.weight               - [  2560,      1,      1,      1], type =    f32, size =    0.010 MiB
[ 562/ 666] blk.34.ffn_up.weight                 - [  2560,  10240,      1,      1], type =   bf16, converting to q4_0 .. size =    50.00 MiB ->    14.06 MiB
[ 563/ 666] blk.34.inp_gate.weight               - [  2560,    256,      1,      1], type =   bf16, converting to q4_0 .. size =     1.25 MiB ->     0.35 MiB
[ 564/ 666] blk.34.layer_output_scale.weight     - [     1,      1,      1,      1], type =    f32, size =    0.000 MiB
[ 565/ 666] blk.34.post_attention_norm.weight    - [  2560,      1,      1,      1], type =    f32, size =    0.010 MiB
[ 566/ 666] blk.34.post_ffw_norm.weight          - [  2560,      1,      1,      1], type =    f32, size =    0.010 MiB
[ 567/ 666] blk.34.post_norm.weight              - [  2560,      1,      1,      1], type =    f32, size =    0.010 MiB
[ 568/ 666] blk.34.proj.weight                   - [   256,   2560,      1,      1], type =   bf16, converting to q4_0 .. size =     1.25 MiB ->     0.35 MiB
[ 569/ 666] blk.35.attn_norm.weight              - [  2560,      1,      1,      1], type =    f32, size =    0.010 MiB
[ 570/ 666] blk.35.attn_output.weight            - [  4096,   2560,      1,      1], type =   bf16, converting to q4_0 .. size =    20.00 MiB ->     5.62 MiB
[ 571/ 666] blk.35.attn_q.weight                 - [  2560,   4096,      1,      1], type =   bf16, converting to q4_0 .. size =    20.00 MiB ->     5.62 MiB
[ 572/ 666] blk.35.attn_q_norm.weight            - [   512,      1,      1,      1], type =    f32, size =    0.002 MiB
[ 573/ 666] blk.35.ffn_down.weight               - [ 10240,   2560,      1,      1], type =   bf16, converting to q4_0 .. size =    50.00 MiB ->    14.06 MiB
[ 574/ 666] blk.35.ffn_gate.weight               - [  2560,  10240,      1,      1], type =   bf16, converting to q4_0 .. size =    50.00 MiB ->    14.06 MiB
[ 575/ 666] blk.35.ffn_norm.weight               - [  2560,      1,      1,      1], type =    f32, size =    0.010 MiB
[ 576/ 666] blk.35.ffn_up.weight                 - [  2560,  10240,      1,      1], type =   bf16, converting to q4_0 .. size =    50.00 MiB ->    14.06 MiB
[ 577/ 666] blk.35.inp_gate.weight               - [  2560,    256,      1,      1], type =   bf16, converting to q4_0 .. size =     1.25 MiB ->     0.35 MiB
[ 578/ 666] blk.35.layer_output_scale.weight     - [     1,      1,      1,      1], type =    f32, size =    0.000 MiB
[ 579/ 666] blk.35.post_attention_norm.weight    - [  2560,      1,      1,      1], type =    f32, size =    0.010 MiB
[ 580/ 666] blk.35.post_ffw_norm.weight          - [  2560,      1,      1,      1], type =    f32, size =    0.010 MiB
[ 581/ 666] blk.35.post_norm.weight              - [  2560,      1,      1,      1], type =    f32, size =    0.010 MiB
[ 582/ 666] blk.35.proj.weight                   - [   256,   2560,      1,      1], type =   bf16, converting to q4_0 .. size =     1.25 MiB ->     0.35 MiB
[ 583/ 666] blk.36.attn_norm.weight              - [  2560,      1,      1,      1], type =    f32, size =    0.010 MiB
[ 584/ 666] blk.36.attn_output.weight            - [  2048,   2560,      1,      1], type =   bf16, converting to q4_0 .. size =    10.00 MiB ->     2.81 MiB
[ 585/ 666] blk.36.attn_q.weight                 - [  2560,   2048,      1,      1], type =   bf16, converting to q4_0 .. size =    10.00 MiB ->     2.81 MiB
[ 586/ 666] blk.36.attn_q_norm.weight            - [   256,      1,      1,      1], type =    f32, size =    0.001 MiB
[ 587/ 666] blk.36.ffn_down.weight               - [ 10240,   2560,      1,      1], type =   bf16, converting to q4_0 .. size =    50.00 MiB ->    14.06 MiB
[ 588/ 666] blk.36.ffn_gate.weight               - [  2560,  10240,      1,      1], type =   bf16, converting to q4_0 .. size =    50.00 MiB ->    14.06 MiB
[ 589/ 666] blk.36.ffn_norm.weight               - [  2560,      1,      1,      1], type =    f32, size =    0.010 MiB
[ 590/ 666] blk.36.ffn_up.weight                 - [  2560,  10240,      1,      1], type =   bf16, converting to q4_0 .. size =    50.00 MiB ->    14.06 MiB
[ 591/ 666] blk.36.inp_gate.weight               - [  2560,    256,      1,      1], type =   bf16, converting to q4_0 .. size =     1.25 MiB ->     0.35 MiB
[ 592/ 666] blk.36.layer_output_scale.weight     - [     1,      1,      1,      1], type =    f32, size =    0.000 MiB
[ 593/ 666] blk.36.post_attention_norm.weight    - [  2560,      1,      1,      1], type =    f32, size =    0.010 MiB
[ 594/ 666] blk.36.post_ffw_norm.weight          - [  2560,      1,      1,      1], type =    f32, size =    0.010 MiB
[ 595/ 666] blk.36.post_norm.weight              - [  2560,      1,      1,      1], type =    f32, size =    0.010 MiB
[ 596/ 666] blk.36.proj.weight                   - [   256,   2560,      1,      1], type =   bf16, converting to q4_0 .. size =     1.25 MiB ->     0.35 MiB
[ 597/ 666] blk.37.attn_norm.weight              - [  2560,      1,      1,      1], type =    f32, size =    0.010 MiB
[ 598/ 666] blk.37.attn_output.weight            - [  2048,   2560,      1,      1], type =   bf16, converting to q4_0 .. size =    10.00 MiB ->     2.81 MiB
[ 599/ 666] blk.37.attn_q.weight                 - [  2560,   2048,      1,      1], type =   bf16, converting to q4_0 .. size =    10.00 MiB ->     2.81 MiB
[ 600/ 666] blk.37.attn_q_norm.weight            - [   256,      1,      1,      1], type =    f32, size =    0.001 MiB
[ 601/ 666] blk.37.ffn_down.weight               - [ 10240,   2560,      1,      1], type =   bf16, converting to q4_0 .. size =    50.00 MiB ->    14.06 MiB
[ 602/ 666] blk.37.ffn_gate.weight               - [  2560,  10240,      1,      1], type =   bf16, converting to q4_0 .. size =    50.00 MiB ->    14.06 MiB
[ 603/ 666] blk.37.ffn_norm.weight               - [  2560,      1,      1,      1], type =    f32, size =    0.010 MiB
[ 604/ 666] blk.37.ffn_up.weight                 - [  2560,  10240,      1,      1], type =   bf16, converting to q4_0 .. size =    50.00 MiB ->    14.06 MiB
[ 605/ 666] blk.37.inp_gate.weight               - [  2560,    256,      1,      1], type =   bf16, converting to q4_0 .. size =     1.25 MiB ->     0.35 MiB
[ 606/ 666] blk.37.layer_output_scale.weight     - [     1,      1,      1,      1], type =    f32, size =    0.000 MiB
[ 607/ 666] blk.37.post_attention_norm.weight    - [  2560,      1,      1,      1], type =    f32, size =    0.010 MiB
[ 608/ 666] blk.37.post_ffw_norm.weight          - [  2560,      1,      1,      1], type =    f32, size =    0.010 MiB
[ 609/ 666] blk.37.post_norm.weight              - [  2560,      1,      1,      1], type =    f32, size =    0.010 MiB
[ 610/ 666] blk.37.proj.weight                   - [   256,   2560,      1,      1], type =   bf16, converting to q4_0 .. size =     1.25 MiB ->     0.35 MiB
[ 611/ 666] blk.38.attn_norm.weight              - [  2560,      1,      1,      1], type =    f32, size =    0.010 MiB
[ 612/ 666] blk.38.attn_output.weight            - [  2048,   2560,      1,      1], type =   bf16, converting to q4_0 .. size =    10.00 MiB ->     2.81 MiB
[ 613/ 666] blk.38.attn_q.weight                 - [  2560,   2048,      1,      1], type =   bf16, converting to q4_0 .. size =    10.00 MiB ->     2.81 MiB
[ 614/ 666] blk.38.attn_q_norm.weight            - [   256,      1,      1,      1], type =    f32, size =    0.001 MiB
[ 615/ 666] blk.38.ffn_down.weight               - [ 10240,   2560,      1,      1], type =   bf16, converting to q4_0 .. size =    50.00 MiB ->    14.06 MiB
[ 616/ 666] blk.38.ffn_gate.weight               - [  2560,  10240,      1,      1], type =   bf16, converting to q4_0 .. size =    50.00 MiB ->    14.06 MiB
[ 617/ 666] blk.38.ffn_norm.weight               - [  2560,      1,      1,      1], type =    f32, size =    0.010 MiB
[ 618/ 666] blk.38.ffn_up.weight                 - [  2560,  10240,      1,      1], type =   bf16, converting to q4_0 .. size =    50.00 MiB ->    14.06 MiB
[ 619/ 666] blk.38.inp_gate.weight               - [  2560,    256,      1,      1], type =   bf16, converting to q4_0 .. size =     1.25 MiB ->     0.35 MiB
[ 620/ 666] blk.38.layer_output_scale.weight     - [     1,      1,      1,      1], type =    f32, size =    0.000 MiB
[ 621/ 666] blk.38.post_attention_norm.weight    - [  2560,      1,      1,      1], type =    f32, size =    0.010 MiB
[ 622/ 666] blk.38.post_ffw_norm.weight          - [  2560,      1,      1,      1], type =    f32, size =    0.010 MiB
[ 623/ 666] blk.38.post_norm.weight              - [  2560,      1,      1,      1], type =    f32, size =    0.010 MiB
[ 624/ 666] blk.38.proj.weight                   - [   256,   2560,      1,      1], type =   bf16, converting to q4_0 .. size =     1.25 MiB ->     0.35 MiB
[ 625/ 666] blk.39.attn_norm.weight              - [  2560,      1,      1,      1], type =    f32, size =    0.010 MiB
[ 626/ 666] blk.39.attn_output.weight            - [  2048,   2560,      1,      1], type =   bf16, converting to q4_0 .. size =    10.00 MiB ->     2.81 MiB
[ 627/ 666] blk.39.attn_q.weight                 - [  2560,   2048,      1,      1], type =   bf16, converting to q4_0 .. size =    10.00 MiB ->     2.81 MiB
[ 628/ 666] blk.39.attn_q_norm.weight            - [   256,      1,      1,      1], type =    f32, size =    0.001 MiB
[ 629/ 666] blk.39.ffn_down.weight               - [ 10240,   2560,      1,      1], type =   bf16, converting to q4_0 .. size =    50.00 MiB ->    14.06 MiB
[ 630/ 666] blk.39.ffn_gate.weight               - [  2560,  10240,      1,      1], type =   bf16, converting to q4_0 .. size =    50.00 MiB ->    14.06 MiB
[ 631/ 666] blk.39.ffn_norm.weight               - [  2560,      1,      1,      1], type =    f32, size =    0.010 MiB
[ 632/ 666] blk.39.ffn_up.weight                 - [  2560,  10240,      1,      1], type =   bf16, converting to q4_0 .. size =    50.00 MiB ->    14.06 MiB
[ 633/ 666] blk.39.inp_gate.weight               - [  2560,    256,      1,      1], type =   bf16, converting to q4_0 .. size =     1.25 MiB ->     0.35 MiB
[ 634/ 666] blk.39.layer_output_scale.weight     - [     1,      1,      1,      1], type =    f32, size =    0.000 MiB
[ 635/ 666] blk.39.post_attention_norm.weight    - [  2560,      1,      1,      1], type =    f32, size =    0.010 MiB
[ 636/ 666] blk.39.post_ffw_norm.weight          - [  2560,      1,      1,      1], type =    f32, size =    0.010 MiB
[ 637/ 666] blk.39.post_norm.weight              - [  2560,      1,      1,      1], type =    f32, size =    0.010 MiB
[ 638/ 666] blk.39.proj.weight                   - [   256,   2560,      1,      1], type =   bf16, converting to q4_0 .. size =     1.25 MiB ->     0.35 MiB
[ 639/ 666] blk.40.attn_norm.weight              - [  2560,      1,      1,      1], type =    f32, size =    0.010 MiB
[ 640/ 666] blk.40.attn_output.weight            - [  2048,   2560,      1,      1], type =   bf16, converting to q4_0 .. size =    10.00 MiB ->     2.81 MiB
[ 641/ 666] blk.40.attn_q.weight                 - [  2560,   2048,      1,      1], type =   bf16, converting to q4_0 .. size =    10.00 MiB ->     2.81 MiB
[ 642/ 666] blk.40.attn_q_norm.weight            - [   256,      1,      1,      1], type =    f32, size =    0.001 MiB
[ 643/ 666] blk.40.ffn_down.weight               - [ 10240,   2560,      1,      1], type =   bf16, converting to q4_0 .. size =    50.00 MiB ->    14.06 MiB
[ 644/ 666] blk.40.ffn_gate.weight               - [  2560,  10240,      1,      1], type =   bf16, converting to q4_0 .. size =    50.00 MiB ->    14.06 MiB
[ 645/ 666] blk.40.ffn_norm.weight               - [  2560,      1,      1,      1], type =    f32, size =    0.010 MiB
[ 646/ 666] blk.40.ffn_up.weight                 - [  2560,  10240,      1,      1], type =   bf16, converting to q4_0 .. size =    50.00 MiB ->    14.06 MiB
[ 647/ 666] blk.40.inp_gate.weight               - [  2560,    256,      1,      1], type =   bf16, converting to q4_0 .. size =     1.25 MiB ->     0.35 MiB
[ 648/ 666] blk.40.layer_output_scale.weight     - [     1,      1,      1,      1], type =    f32, size =    0.000 MiB
[ 649/ 666] blk.40.post_attention_norm.weight    - [  2560,      1,      1,      1], type =    f32, size =    0.010 MiB
[ 650/ 666] blk.40.post_ffw_norm.weight          - [  2560,      1,      1,      1], type =    f32, size =    0.010 MiB
[ 651/ 666] blk.40.post_norm.weight              - [  2560,      1,      1,      1], type =    f32, size =    0.010 MiB
[ 652/ 666] blk.40.proj.weight                   - [   256,   2560,      1,      1], type =   bf16, converting to q4_0 .. size =     1.25 MiB ->     0.35 MiB
[ 653/ 666] blk.41.attn_norm.weight              - [  2560,      1,      1,      1], type =    f32, size =    0.010 MiB
[ 654/ 666] blk.41.attn_output.weight            - [  4096,   2560,      1,      1], type =   bf16, converting to q4_0 .. size =    20.00 MiB ->     5.62 MiB
[ 655/ 666] blk.41.attn_q.weight                 - [  2560,   4096,      1,      1], type =   bf16, converting to q4_0 .. size =    20.00 MiB ->     5.62 MiB
[ 656/ 666] blk.41.attn_q_norm.weight            - [   512,      1,      1,      1], type =    f32, size =    0.002 MiB
[ 657/ 666] blk.41.ffn_down.weight               - [ 10240,   2560,      1,      1], type =   bf16, converting to q4_0 .. size =    50.00 MiB ->    14.06 MiB
[ 658/ 666] blk.41.ffn_gate.weight               - [  2560,  10240,      1,      1], type =   bf16, converting to q4_0 .. size =    50.00 MiB ->    14.06 MiB
[ 659/ 666] blk.41.ffn_norm.weight               - [  2560,      1,      1,      1], type =    f32, size =    0.010 MiB
[ 660/ 666] blk.41.ffn_up.weight                 - [  2560,  10240,      1,      1], type =   bf16, converting to q4_0 .. size =    50.00 MiB ->    14.06 MiB
[ 661/ 666] blk.41.inp_gate.weight               - [  2560,    256,      1,      1], type =   bf16, converting to q4_0 .. size =     1.25 MiB ->     0.35 MiB
[ 662/ 666] blk.41.layer_output_scale.weight     - [     1,      1,      1,      1], type =    f32, size =    0.000 MiB
[ 663/ 666] blk.41.post_attention_norm.weight    - [  2560,      1,      1,      1], type =    f32, size =    0.010 MiB
[ 664/ 666] blk.41.post_ffw_norm.weight          - [  2560,      1,      1,      1], type =    f32, size =    0.010 MiB
[ 665/ 666] blk.41.post_norm.weight              - [  2560,      1,      1,      1], type =    f32, size =    0.010 MiB
[ 666/ 666] blk.41.proj.weight                   - [   256,   2560,      1,      1], type =   bf16, converting to q4_0 .. size =     1.25 MiB ->     0.35 MiB
llama_model_quantize_impl: model size  = 14235.64 MiB (16.00 BPW)
llama_model_quantize_impl: quant size  =  4363.04 MiB (4.90 BPW)

llama_quantize: quantize time = 27140.45 ms
llama_quantize:    total time = 27140.45 ms
+ echo gemma-4-E4B-it-BF16.gguf
+ echo gemma-4-E4B-it-Q8_0.gguf
+ echo mmproj-gemma-4-E4B-it-BF16.gguf
+ echo mmproj-gemma-4-E4B-it-Q8_0.gguf
+ echo mtp-gemma-4-E4B-it-BF16.gguf
+ echo mtp-gemma-4-E4B-it-Q8_0.gguf
+ echo mtp-gemma-4-E4B-it-Q4_0.gguf
+ echo gemma-4-E4B-it-Q4_0.gguf
